symbol,ts_event,best_level_ofi,multi_level_ofi,integrated_ofi,cross_asset_ofi
AAPL,2024-10-21T11:54:29.221064336Z,0.0,0.0,-4.699705321511205e-05,0.0
AAPL,2024-10-21T11:54:29.223769812Z,2.0,2.0,-0.0004343366407025249,0.0
AAPL,2024-10-21T11:54:29.225030400Z,3.0,3.0,-0.0006280064344462314,0.0
AAPL,2024-10-21T11:54:29.712434212Z,0.0,200.0,-0.20824245640549677,0.0
AAPL,2024-10-21T11:54:29.764673165Z,0.0,-200.0,0.20814846229906653,0.0
AAPL,2024-10-21T11:54:29.764685027Z,0.0,200.0,0.41240496276417293,0.0
AAPL,2024-10-21T11:54:36.289427977Z,0.0,200.0,-0.023696862476395877,0.0
AAPL,2024-10-21T11:54:37.990793976Z,0.0,0.0,-4.699705321511205e-05,0.0
AAPL,2024-10-21T11:54:39.124291588Z,199.0,-200.0,0.0049377872045881874,0.0
AAPL,2024-10-21T11:54:39.134140341Z,-199.0,200.0,-0.005031781311018442,0.0
AAPL,2024-10-21T11:54:41.233181043Z,-3.0,-3.0,0.0005340123280160071,0.0
AAPL,2024-10-21T11:54:41.234620509Z,1.0,1.0,-0.00024066684695881848,0.0
AAPL,2024-10-21T11:54:41.235907431Z,-1.0,-1.0,0.00014667274052859437,0.0
AAPL,2024-10-21T11:54:41.235977207Z,-2.0,-2.0,0.0003403425342723007,0.0
AAPL,2024-10-21T11:54:41.238618235Z,-137.0,-53.0,-0.8090259846133803,0.0
AAPL,2024-10-21T11:54:41.239827037Z,3.0,3.0,-0.0006280064344462314,0.0
AAPL,2024-10-21T11:54:50.970297264Z,0.0,-371.0,-0.2486277747083385,0.0
AAPL,2024-10-21T11:54:50.970336474Z,0.0,-29.0,-0.03555163932230408,0.0
AAPL,2024-10-21T11:54:53.247532557Z,-3.0,-3.0,0.0005340123280160071,0.0
AAPL,2024-10-21T11:54:53.248893986Z,137.0,53.0,0.8089319905069503,0.0
AAPL,2024-10-21T11:54:53.251320969Z,3.0,3.0,-0.0006280064344462314,0.0
AAPL,2024-10-21T11:54:53.252546517Z,2.0,2.0,-0.0004343366407025249,0.0
AAPL,2024-10-21T11:54:55.503497741Z,0.0,-27.0,-0.3717604780226118,0.0
AAPL,2024-10-21T11:54:55.503541005Z,0.0,26.0,0.3704421859069027,0.0
AAPL,2024-10-21T11:54:55.551806996Z,0.0,0.0,-4.699705321511205e-05,0.0
AAPL,2024-10-21T11:54:58.132928650Z,0.0,199.0,0.14251038578965614,0.0
AAPL,2024-10-21T11:54:58.133944065Z,0.0,-200.0,-0.11013226548025125,0.0
AAPL,2024-10-21T11:55:09.125042325Z,0.0,-399.0,-0.6028990674909972,0.0
AAPL,2024-10-21T11:55:09.125055670Z,0.0,399.0,0.602805073384567,0.0
AAPL,2024-10-21T11:55:09.160009889Z,0.0,29.0,0.03545764521587385,0.0
AAPL,2024-10-21T11:55:09.160051447Z,0.0,-27.0,0.028059389959342915,0.0
AAPL,2024-10-21T11:55:13.899151539Z,0.0,0.0,-4.699705321511205e-05,0.0
AAPL,2024-10-21T11:55:22.016715475Z,0.0,-26.0,-0.3705361800133328,0.0
AAPL,2024-10-21T11:55:22.060173668Z,0.0,26.0,0.3704421859069027,0.0
AAPL,2024-10-21T11:55:22.132778490Z,0.0,0.0,-4.699705321511205e-05,0.0
AAPL,2024-10-21T11:55:26.447978801Z,0.0,0.0,-4.699705321511205e-05,0.0
AAPL,2024-10-21T11:55:30.365285173Z,0.0,-399.0,-0.6028990674909972,0.0
AAPL,2024-10-21T11:55:30.365297270Z,0.0,399.0,0.602805073384567,0.0
AAPL,2024-10-21T11:55:30.377046532Z,0.0,-26.0,-0.3705361800133328,0.0
AAPL,2024-10-21T11:55:30.377110788Z,0.0,30.0,-0.03127631595605736,0.0
AAPL,2024-10-21T11:55:30.509413271Z,0.0,27.0,-0.028153384065773134,0.0
AAPL,2024-10-21T11:55:30.509458075Z,0.0,-26.0,0.12689295042158233,0.0
AAPL,2024-10-21T11:55:30.559949308Z,0.0,0.0,-4.699705321511205e-05,0.0
AAPL,2024-10-21T11:55:31.194923125Z,0.0,26.0,0.3998907648854271,0.0
AAPL,2024-10-21T11:55:31.195023714Z,0.0,-30.0,-0.03677593733158302,0.0
AAPL,2024-10-21T11:55:34.079261198Z,-139.0,-139.0,0.026873104277160078,0.0
AAPL,2024-10-21T11:55:35.302921978Z,-2.0,-2.0,0.0003403425342723007,0.0
AAPL,2024-10-21T11:55:35.303067914Z,397.0,-2.0,-0.614222433543321,0.0
AAPL,2024-10-21T11:55:35.304531207Z,-398.0,1.0,0.6143221092306344,0.0
AAPL,2024-10-21T11:55:35.305736838Z,398.0,-1.0,-0.6144161033370646,0.0
AAPL,2024-10-21T11:55:35.374212373Z,-373.0,-350.0,0.49752945094532025,0.0
AAPL,2024-10-21T11:55:35.374226300Z,0.0,150.0,-0.6325275461863136,0.0
AAPL,2024-10-21T11:55:38.243671650Z,-1.0,199.0,0.2778464405792494,0.0
AAPL,2024-10-21T11:55:38.243683612Z,-200.0,-200.0,0.03868696169552616,0.0
AAPL,2024-10-21T11:55:38.298336797Z,0.0,0.0,-4.699705321511205e-05,0.0
AAPL,2024-10-21T11:55:38.572413983Z,201.0,1.0,-0.3166743934344209,0.0
AAPL,2024-10-21T11:55:44.733510979Z,2.0,28.0,0.7890013361256357,0.0
AAPL,2024-10-21T11:55:44.791957886Z,0.0,-26.0,-0.7894826698195533,0.0
AAPL,2024-10-21T11:55:51.293948230Z,100.0,300.0,0.3784216585036665,0.0
AAPL,2024-10-21T11:55:51.294217665Z,-100.0,-300.0,-0.37851565261009656,0.0
AAPL,2024-10-21T11:55:51.365188500Z,0.0,-150.0,0.6324335520798835,0.0
AAPL,2024-10-21T11:55:51.401597368Z,0.0,150.0,-0.6325275461863136,0.0
AAPL,2024-10-21T11:55:53.213328704Z,0.0,374.0,-0.14189144797948108,0.0
AAPL,2024-10-21T11:55:53.213365167Z,0.0,-373.0,0.1375397752978038,0.0
AAPL,2024-10-21T11:55:54.691386316Z,0.0,200.0,-0.20824245640549677,0.0
AAPL,2024-10-21T11:55:54.691398035Z,-1.0,199.0,0.28591937155337194,0.0
AAPL,2024-10-21T11:55:54.691407713Z,0.0,-199.0,-0.2852692695239232,0.0
AAPL,2024-10-21T11:55:54.745856609Z,0.0,-200.0,0.20814846229906653,0.0
AAPL,2024-10-21T11:55:54.745868744Z,0.0,0.0,-4.699705321511205e-05,0.0
AAPL,2024-10-21T11:55:54.762492206Z,-19.0,21.0,0.7406942831666983,0.0
AAPL,2024-10-21T11:55:54.762530320Z,18.0,-22.0,-0.7405946074793845,0.0
AAPL,2024-10-21T11:55:55.306692496Z,0.0,-150.0,0.6324335520798835,0.0
AAPL,2024-10-21T11:55:55.306705027Z,0.0,350.0,-0.8407230055385952,0.0
AAPL,2024-10-21T11:55:55.361082355Z,-200.0,-1.0,0.3239092341662343,0.0
AAPL,2024-10-21T11:55:55.706105479Z,0.0,-200.0,0.20814846229906653,0.0
AAPL,2024-10-21T11:55:58.151580102Z,0.0,200.0,-0.20824245640549677,0.0
AAPL,2024-10-21T11:56:07.493655598Z,0.0,2.0,0.0009146098058982521,0.0
AAPL,2024-10-21T11:56:10.953492365Z,200.0,200.0,-0.0387809558019564,0.0
AAPL,2024-10-21T11:56:10.953504236Z,0.0,-200.0,-0.11013226548025125,0.0
AAPL,2024-10-21T11:56:11.008155483Z,0.0,-200.0,0.20814846229906653,0.0
AAPL,2024-10-21T11:56:11.008167451Z,0.0,200.0,-0.20824245640549677,0.0
AAPL,2024-10-21T11:56:11.038752302Z,-18.0,22.0,1.058781341152272,0.0
AAPL,2024-10-21T11:56:11.038803026Z,16.0,-24.0,-1.0584879956712152,0.0
AAPL,2024-10-21T11:56:14.982879375Z,0.0,200.0,0.11003827137382102,0.0
AAPL,2024-10-21T11:56:14.982891924Z,0.0,-200.0,0.20814846229906653,0.0
AAPL,2024-10-21T11:56:15.036962807Z,0.0,0.0,-0.31832772483253285,0.0
AAPL,2024-10-21T11:56:15.039085832Z,0.0,-574.0,-0.038374311398116825,0.0
AAPL,2024-10-21T11:56:15.039203352Z,0.0,572.0,0.04101363005232192,0.0
AAPL,2024-10-21T11:56:17.922879284Z,0.0,-572.0,-0.0411076241587522,0.0
AAPL,2024-10-21T11:56:17.922956219Z,0.0,570.0,0.043746942812957296,0.0
AAPL,2024-10-21T11:56:23.203362495Z,0.0,200.0,0.11003827137382102,0.0
AAPL,2024-10-21T11:56:23.203374367Z,0.0,-200.0,0.20814846229906653,0.0
AAPL,2024-10-21T11:56:23.230980890Z,0.0,0.0,-4.699705321511205e-05,0.0
AAPL,2024-10-21T11:56:23.259005865Z,0.0,-200.0,0.20814846229906653,0.0
AAPL,2024-10-21T11:56:23.260424017Z,-16.0,24.0,0.7401132737854671,0.0
AAPL,2024-10-21T11:56:23.260520532Z,17.0,-23.0,-0.7404009376856409,0.0
AAPL,2024-10-21T11:56:24.985297090Z,0.0,-150.0,0.6324335520798835,0.0
AAPL,2024-10-21T11:56:24.985309618Z,0.0,350.0,-0.8407230055385952,0.0
AAPL,2024-10-21T11:56:25.053201827Z,0.0,0.0,-0.31832772483253285,0.0
AAPL,2024-10-21T11:56:29.970611371Z,0.0,-1.0,-0.0005278004827717943,0.0
AAPL,2024-10-21T11:56:34.567796323Z,0.0,200.0,0.11003827137382102,0.0
AAPL,2024-10-21T11:56:34.567809267Z,0.0,-200.0,0.20814846229906653,0.0
AAPL,2024-10-21T11:56:34.623413180Z,0.0,0.0,-0.31832772483253285,0.0
AAPL,2024-10-21T11:56:42.272625996Z,0.0,-200.0,0.20814846229906653,0.0
AAPL,2024-10-21T11:56:43.878708550Z,101.0,-99.0,0.0003428725962381114,0.0
AAPL,2024-10-21T11:56:43.878991240Z,-101.0,99.0,-0.0004368667026683113,0.0
AAPL,2024-10-21T11:56:47.448697059Z,0.0,200.0,0.11003827137382102,0.0
AAPL,2024-10-21T11:56:47.557683879Z,0.0,-200.0,-0.11013226548025125,0.0
AAPL,2024-10-21T11:56:51.014654312Z,0.0,200.0,-0.20824245640549677,0.0
AAPL,2024-10-21T11:56:51.014666179Z,0.0,200.0,0.11003827137382102,0.0
AAPL,2024-10-21T11:56:51.014676787Z,0.0,-199.0,-0.10554104630670197,0.0
AAPL,2024-10-21T11:56:55.866035650Z,0.0,-1.0,0.3136425115525534,0.0
AAPL,2024-10-21T11:57:04.890399029Z,101.0,-99.0,-0.7709929163911473,0.0
AAPL,2024-10-21T11:57:04.890725062Z,-101.0,99.0,0.7708989222847171,0.0
AAPL,2024-10-21T11:57:06.458943234Z,-26.0,0.0,1.247479151558527,0.0
AAPL,2024-10-21T11:57:06.459285665Z,0.0,0.0,-4.699705321511205e-05,0.0
AAPL,2024-10-21T11:57:07.554141976Z,0.0,0.0,-4.699705321511205e-05,0.0
AAPL,2024-10-21T11:57:08.621131954Z,0.0,0.0,-4.699705321511205e-05,0.0
AAPL,2024-10-21T11:57:10.160087903Z,0.0,0.0,-4.699705321511205e-05,0.0
AAPL,2024-10-21T11:57:14.110885099Z,0.0,0.0,-4.699705321511205e-05,0.0
AAPL,2024-10-21T11:57:14.837669309Z,0.0,-26.0,-1.2425377310276209,0.0
AAPL,2024-10-21T11:57:14.894521785Z,0.0,28.0,1.243544589605461,0.0
AAPL,2024-10-21T11:57:15.098765695Z,0.0,200.0,-0.20824245640549677,0.0
AAPL,2024-10-21T11:57:15.098777532Z,0.0,-200.0,-0.2449065989090011,0.0
AAPL,2024-10-21T11:57:15.158138746Z,0.0,-200.0,-0.2449065989090011,0.0
AAPL,2024-10-21T11:57:15.158151037Z,0.0,200.0,0.24481260480257086,0.0
AAPL,2024-10-21T11:57:15.238560230Z,0.0,1.0,0.13931855554908407,0.0
AAPL,2024-10-21T11:57:15.426680348Z,0.0,-1.0,0.3136425115525534,0.0
AAPL,2024-10-21T11:57:15.993250474Z,0.0,0.0,-4.699705321511205e-05,0.0
AAPL,2024-10-21T11:57:17.249143876Z,0.0,200.0,-0.20824245640549677,0.0
AAPL,2024-10-21T11:57:17.249155657Z,0.0,-200.0,-0.2449065989090011,0.0
AAPL,2024-10-21T11:57:17.304858834Z,0.0,0.0,0.45300806415485256,0.0
AAPL,2024-10-21T11:57:17.495155713Z,0.0,0.0,-4.699705321511205e-05,0.0
AAPL,2024-10-21T11:57:20.112111433Z,181.0,-19.0,-0.7864864998906438,0.0
AAPL,2024-10-21T11:57:22.737207625Z,0.0,0.0,-4.699705321511205e-05,0.0
AAPL,2024-10-21T11:57:23.434433631Z,0.0,0.0,-4.699705321511205e-05,0.0
AAPL,2024-10-21T11:57:23.522180556Z,0.0,-28.0,-1.2436385837118913,0.0
AAPL,2024-10-21T11:57:23.522320812Z,0.0,26.0,0.3704421859069027,0.0
AAPL,2024-10-21T11:57:23.575986228Z,0.0,0.0,0.45300806415485256,0.0
AAPL,2024-10-21T11:57:23.893151634Z,0.0,0.0,-4.699705321511205e-05,0.0
AAPL,2024-10-21T11:57:23.893200066Z,-3.0,377.0,0.062146076646236656,0.0
AAPL,2024-10-21T11:57:23.964289822Z,0.0,-350.0,0.24703545412373726,0.0
AAPL,2024-10-21T11:57:23.964302478Z,0.0,150.0,-0.35721471665720356,0.0
AAPL,2024-10-21T11:57:23.993763323Z,3.0,-377.0,-0.062240070752666916,0.0
AAPL,2024-10-21T11:57:25.745564633Z,0.0,-150.0,0.35712072255077354,0.0
AAPL,2024-10-21T11:57:25.813792371Z,0.0,200.0,-0.20824245640549677,0.0
AAPL,2024-10-21T11:57:25.852973172Z,0.0,-200.0,-0.2449065989090011,0.0
AAPL,2024-10-21T11:57:25.862973670Z,0.0,350.0,-0.24712944823016755,0.0
AAPL,2024-10-21T11:57:25.868673528Z,190.0,-200.0,-0.2515105312972397,0.0
AAPL,2024-10-21T11:57:26.000349886Z,200.0,200.0,-0.0387809558019564,0.0
AAPL,2024-10-21T11:57:28.039292565Z,-200.0,-200.0,0.03868696169552616,0.0
AAPL,2024-10-21T11:57:28.039302990Z,-190.0,-150.0,0.4984989883677621,0.0
AAPL,2024-10-21T11:57:28.039347712Z,0.0,0.0,-4.699705321511205e-05,0.0
AAPL,2024-10-21T11:57:28.153707091Z,0.0,350.0,-0.24712944823016755,0.0
AAPL,2024-10-21T11:57:28.163711748Z,190.0,-200.0,-0.2515105312972397,0.0
AAPL,2024-10-21T11:57:28.163725884Z,0.0,0.0,0.45300806415485256,0.0
AAPL,2024-10-21T11:57:29.331953680Z,0.0,200.0,-0.20824245640549677,0.0
AAPL,2024-10-21T11:57:29.331966683Z,0.0,-200.0,-0.2449065989090011,0.0
AAPL,2024-10-21T11:57:30.995192991Z,200.0,200.0,-0.0387809558019564,0.0
AAPL,2024-10-21T11:57:31.496234971Z,0.0,-100.0,0.7686063621675098,0.0
AAPL,2024-10-21T11:57:36.264542456Z,-480.0,-380.0,-0.675738855276961,0.0
AAPL,2024-10-21T11:57:36.267934826Z,-200.0,-200.0,0.03868696169552616,0.0
AAPL,2024-10-21T11:57:37.887981490Z,-199.0,0.0,0.5312600939125284,0.0
AAPL,2024-10-21T11:57:38.016963535Z,0.0,200.0,0.11003827137382102,0.0
AAPL,2024-10-21T11:57:40.885440558Z,0.0,-26.0,-0.3705361800133328,0.0
AAPL,2024-10-21T11:57:40.885481569Z,0.0,25.0,0.3692178878976238,0.0
AAPL,2024-10-21T11:57:41.319151873Z,0.0,200.0,0.24481260480257086,0.0
AAPL,2024-10-21T11:57:41.319163898Z,0.0,200.0,0.10856684396992997,0.0
AAPL,2024-10-21T11:57:41.375697228Z,0.0,-200.0,-0.11013226548025125,0.0
AAPL,2024-10-21T11:57:41.375709324Z,0.0,200.0,0.11003827137382102,0.0
AAPL,2024-10-21T11:57:41.965660865Z,0.0,-399.0,-0.6006337921849569,0.0
AAPL,2024-10-21T11:57:42.074173420Z,0.0,199.0,0.18808783826113865,0.0
AAPL,2024-10-21T11:57:42.169221771Z,0.0,0.0,-4.699705321511205e-05,0.0
AAPL,2024-10-21T11:57:42.207878969Z,0.0,-199.0,-0.1881818323675689,0.0
AAPL,2024-10-21T11:57:42.313260974Z,0.0,199.0,0.18808783826113865,0.0
AAPL,2024-10-21T11:57:42.380159117Z,0.0,200.0,-0.20824245640549677,0.0
AAPL,2024-10-21T11:57:42.412324426Z,0.0,-200.0,0.20814846229906653,0.0
AAPL,2024-10-21T11:57:42.412336614Z,0.0,0.0,-4.699705321511205e-05,0.0
AAPL,2024-10-21T11:57:48.072962640Z,0.0,200.0,-0.20824245640549677,0.0
AAPL,2024-10-21T11:57:48.072974095Z,0.0,-200.0,-0.10866083807636018,0.0
AAPL,2024-10-21T11:57:48.072984615Z,0.0,-200.0,0.2732842790103223,0.0
AAPL,2024-10-21T11:57:48.076659157Z,0.0,29.0,-0.11563838132512945,0.0
AAPL,2024-10-21T11:57:48.076742621Z,0.0,-27.0,0.11859311884792245,0.0
AAPL,2024-10-21T11:57:48.136477014Z,0.0,-200.0,0.20814846229906653,0.0
AAPL,2024-10-21T11:57:48.136488492Z,0.0,0.0,-4.699705321511205e-05,0.0
AAPL,2024-10-21T11:57:48.194611663Z,0.0,-25.0,-0.3693118820040539,0.0
AAPL,2024-10-21T11:57:48.194659897Z,0.0,28.0,0.37289078192546055,0.0
AAPL,2024-10-21T11:57:51.070607242Z,0.0,0.0,-4.699705321511205e-05,0.0
AAPL,2024-10-21T11:57:51.271195500Z,0.0,400.0,-0.1691717221768891,0.0
AAPL,2024-10-21T11:57:51.287108312Z,0.0,-372.0,0.1394844160063515,0.0
AAPL,2024-10-21T11:57:51.287157718Z,0.0,371.0,-0.13889913088575256,0.0
AAPL,2024-10-21T11:57:51.322699915Z,0.0,0.0,-4.699705321511205e-05,0.0
AAPL,2024-10-21T11:57:52.317929239Z,0.0,-200.0,-0.10645719303471934,0.0
AAPL,2024-10-21T11:57:52.317942384Z,0.0,-200.0,0.2732842790103223,0.0
AAPL,2024-10-21T11:57:58.266584280Z,0.0,400.0,-0.16696807713524828,0.0
AAPL,2024-10-21T11:58:06.284720780Z,0.0,-199.0,-0.19497765828568991,0.0
AAPL,2024-10-21T11:58:06.284733562Z,0.0,200.0,-0.20824245640549677,0.0
AAPL,2024-10-21T11:58:06.339571308Z,0.0,-400.0,-0.35131679489050527,0.0
AAPL,2024-10-21T11:58:06.359829740Z,0.0,200.0,-0.20824245640549677,0.0
AAPL,2024-10-21T11:58:06.360206541Z,0.0,371.0,-0.13889913088575256,0.0
AAPL,2024-10-21T11:58:06.360243785Z,0.0,-371.0,0.13880513677932227,0.0
AAPL,2024-10-21T11:58:06.414660818Z,0.0,-200.0,0.20814846229906653,0.0
AAPL,2024-10-21T11:58:06.414672832Z,0.0,-1.0,0.40307912353154135,0.0
AAPL,2024-10-21T11:58:14.036350634Z,0.0,0.0,-4.699705321511205e-05,0.0
AAPL,2024-10-21T11:58:14.036377136Z,0.0,200.0,0.24481260480257086,0.0
AAPL,2024-10-21T11:58:14.144708873Z,0.0,-200.0,-0.2449065989090011,0.0
AAPL,2024-10-21T11:58:18.578706483Z,0.0,200.0,0.24481260480257086,0.0
AAPL,2024-10-21T11:58:18.578717695Z,0.0,200.0,0.10636319892828913,0.0
AAPL,2024-10-21T11:58:18.649580622Z,0.0,-200.0,-0.10645719303471934,0.0
AAPL,2024-10-21T11:58:18.666193529Z,0.0,0.0,-4.699705321511205e-05,0.0
AAPL,2024-10-21T11:58:18.721960191Z,0.0,0.0,-0.7044388481066631,0.0
AAPL,2024-10-21T11:58:18.722551669Z,0.0,127.0,0.21170515687370434,0.0
AAPL,2024-10-21T11:58:18.722579315Z,0.0,-125.0,-0.213157709434193,0.0
AAPL,2024-10-21T11:58:18.733836431Z,0.0,0.0,0.7087521440835147,0.0
AAPL,2024-10-21T11:58:18.771745684Z,0.0,200.0,-0.40397297526762105,0.0
AAPL,2024-10-21T11:58:19.574896952Z,0.0,-200.0,0.4038789811611909,0.0
AAPL,2024-10-21T11:58:19.574907103Z,0.0,200.0,-0.40397297526762105,0.0
AAPL,2024-10-21T11:58:19.604471701Z,0.0,0.0,-4.699705321511205e-05,0.0
AAPL,2024-10-21T11:58:19.632503658Z,0.0,0.0,-4.699705321511205e-05,0.0
AAPL,2024-10-21T11:58:21.722356897Z,0.0,-200.0,-0.3049201599755389,0.0
AAPL,2024-10-21T11:58:21.794663862Z,0.0,0.0,0.30231969433713685,0.0
AAPL,2024-10-21T11:58:32.993346096Z,0.0,0.0,-4.699705321511205e-05,0.0
AAPL,2024-10-21T11:58:37.947553299Z,0.0,200.0,0.30482616586910877,0.0
AAPL,2024-10-21T11:58:37.947562931Z,0.0,-200.0,0.4038789811611909,0.0
AAPL,2024-10-21T11:58:37.947573917Z,0.0,0.0,-0.7088461381899449,0.0
AAPL,2024-10-21T11:58:40.491423845Z,0.0,-28.0,-0.37298477603189073,0.0
AAPL,2024-10-21T11:58:40.491466764Z,0.0,25.0,0.3692178878976238,0.0
AAPL,2024-10-21T11:58:50.556727313Z,0.0,0.0,-4.699705321511205e-05,0.0
AAPL,2024-10-21T11:58:53.131341094Z,0.0,200.0,0.11003827137382102,0.0
AAPL,2024-10-21T11:58:53.954307531Z,0.0,0.0,-4.699705321511205e-05,0.0
AAPL,2024-10-21T11:58:53.954317948Z,99.0,45.0,-0.9255089823723567,0.0
AAPL,2024-10-21T11:58:53.954477659Z,0.0,0.0,-4.699705321511205e-05,0.0
AAPL,2024-10-21T11:58:53.954501480Z,0.0,0.0,1.154198180107387,0.0
AAPL,2024-10-21T11:58:53.954502815Z,0.0,-10.0,-1.297580835061864,0.0
AAPL,2024-10-21T11:58:53.954507571Z,0.0,100.0,0.054995637160302945,0.0
AAPL,2024-10-21T11:58:53.954515456Z,0.0,100.0,0.054995637160302945,0.0
AAPL,2024-10-21T11:58:53.954518683Z,0.0,100.0,0.054995637160302945,0.0
AAPL,2024-10-21T11:58:53.954521070Z,40.0,40.0,-0.007793788802963367,0.0
AAPL,2024-10-21T11:58:53.954534910Z,0.0,399.0,-0.6299743086274614,0.0
AAPL,2024-10-21T11:58:53.954535707Z,0.0,30.0,1.4324578640398846,0.0
AAPL,2024-10-21T11:58:53.954546864Z,0.0,-100.0,-0.05508963126673319,0.0
AAPL,2024-10-21T11:58:53.954549208Z,-100.0,-100.0,0.01931998232115553,0.0
AAPL,2024-10-21T11:58:53.954555754Z,0.0,0.0,-4.699705321511205e-05,0.0
AAPL,2024-10-21T11:58:53.954564591Z,0.0,-100.0,-0.05508963126673319,0.0
AAPL,2024-10-21T11:58:53.954570870Z,0.0,-100.0,-0.05508963126673319,0.0
AAPL,2024-10-21T11:58:53.954666995Z,0.0,-90.0,-1.3700932203406302,0.0
AAPL,2024-10-21T11:58:53.954950395Z,0.0,10.0,1.2020026226216387,0.0
AAPL,2024-10-21T11:58:54.013566047Z,0.0,-199.0,0.3565490384574939,0.0
AAPL,2024-10-21T11:58:54.013589130Z,0.0,199.0,-0.35664303256392405,0.0
AAPL,2024-10-21T11:58:54.021444014Z,0.0,-199.0,0.3565490384574939,0.0
AAPL,2024-10-21T11:58:54.043347922Z,0.0,-200.0,0.2732842790103223,0.0
AAPL,2024-10-21T11:58:54.063766628Z,0.0,60.0,-1.1212665936857065,0.0
AAPL,2024-10-21T11:58:54.213766156Z,-39.0,15.0,0.9137948006413044,0.0
AAPL,2024-10-21T11:58:58.704657287Z,0.0,-29.0,-0.2973900532910261,0.0
AAPL,2024-10-21T11:58:58.704745556Z,0.0,29.0,0.2610516542879504,0.0
AAPL,2024-10-21T11:58:58.758409305Z,0.0,-200.0,-0.11013226548025125,0.0
AAPL,2024-10-21T11:58:58.758422757Z,0.0,0.0,-4.699705321511205e-05,0.0
AAPL,2024-10-21T11:58:58.912375357Z,99.0,45.0,-0.5295285794628477,0.0
AAPL,2024-10-21T11:58:58.912551174Z,0.0,0.0,-4.699705321511205e-05,0.0
AAPL,2024-10-21T11:58:58.912577219Z,0.0,90.0,-0.02935415654378061,0.0
AAPL,2024-10-21T11:58:58.912588388Z,0.0,200.0,0.11003827137382102,0.0
AAPL,2024-10-21T11:58:58.912594900Z,0.0,28.0,0.2264276191953529,0.0
AAPL,2024-10-21T11:58:58.912609151Z,0.0,-72.0,-0.6645167332554318,0.0
AAPL,2024-10-21T11:58:58.912613899Z,0.0,-100.0,0.1040507326229257,0.0
AAPL,2024-10-21T11:58:58.912617614Z,0.0,200.0,0.24481260480257086,0.0
AAPL,2024-10-21T11:58:58.912620981Z,-62.0,10.0,1.0933780197520175,0.0
AAPL,2024-10-21T11:58:58.912628049Z,0.0,-400.0,0.17322267048340625,0.0
AAPL,2024-10-21T11:58:58.912639087Z,0.0,-100.0,-0.05508963126673319,0.0
AAPL,2024-10-21T11:58:58.912642543Z,0.0,-100.0,-0.05508963126673319,0.0
AAPL,2024-10-21T11:58:58.912684059Z,0.0,-90.0,-0.738069138183141,0.0
AAPL,2024-10-21T11:58:58.912954809Z,0.0,10.0,0.5991142616393996,0.0
AAPL,2024-10-21T11:58:58.926466671Z,0.0,400.0,-0.17331666458983658,0.0
AAPL,2024-10-21T11:58:58.945466491Z,0.0,-200.0,-0.2449065989090011,0.0
AAPL,2024-10-21T11:58:58.980196081Z,0.0,200.0,0.24481260480257086,0.0
AAPL,2024-10-21T11:58:58.980205607Z,0.0,-400.0,0.17322267048340625,0.0
AAPL,2024-10-21T11:58:58.983388525Z,0.0,-100.0,-0.3518787977264316,0.0
AAPL,2024-10-21T11:58:58.983400771Z,0.0,300.0,0.5966444054757875,0.0
AAPL,2024-10-21T11:58:59.013763041Z,0.0,62.0,-1.0324541156490212,0.0
AAPL,2024-10-21T11:58:59.013823110Z,0.0,400.0,-0.17331666458983658,0.0
AAPL,2024-10-21T11:58:59.163763153Z,-37.0,17.0,0.8357077859236256,0.0
AAPL,2024-10-21T11:59:00.168228588Z,0.0,-25.0,-0.3330674771074085,0.0
AAPL,2024-10-21T11:59:00.168269867Z,0.0,29.0,0.3288095738139327,0.0
AAPL,2024-10-21T11:59:00.853830846Z,0.0,0.0,-4.699705321511205e-05,0.0
AAPL,2024-10-21T11:59:01.071525039Z,0.0,-399.0,-0.5325613145103798,0.0
AAPL,2024-10-21T11:59:01.071537379Z,0.0,399.0,-0.05635202598778841,0.0
AAPL,2024-10-21T11:59:01.127333717Z,0.0,0.0,-4.699705321511205e-05,0.0
AAPL,2024-10-21T11:59:01.141872098Z,0.0,-400.0,0.17322267048340625,0.0
AAPL,2024-10-21T11:59:01.141884696Z,0.0,200.0,-0.4181762664456225,0.0
AAPL,2024-10-21T11:59:01.197001468Z,0.0,1.0,0.2764285687354305,0.0
AAPL,2024-10-21T11:59:01.197013688Z,0.0,200.0,0.24481260480257086,0.0
AAPL,2024-10-21T11:59:01.308608556Z,0.0,0.0,-4.699705321511205e-05,0.0
AAPL,2024-10-21T11:59:01.341702894Z,0.0,-30.0,-0.016559787317270532,0.0
AAPL,2024-10-21T11:59:01.341757997Z,0.0,27.0,-0.028153384065773134,0.0
AAPL,2024-10-21T11:59:01.498729008Z,0.0,-200.0,-0.11013226548025125,0.0
AAPL,2024-10-21T11:59:01.983695936Z,0.0,200.0,0.11003827137382102,0.0
AAPL,2024-10-21T11:59:02.037392833Z,0.0,-200.0,-0.11013226548025125,0.0
AAPL,2024-10-21T11:59:02.037405330Z,0.0,0.0,-4.699705321511205e-05,0.0
AAPL,2024-10-21T11:59:02.587275146Z,0.0,0.0,-4.699705321511205e-05,0.0
AAPL,2024-10-21T11:59:05.075636621Z,0.0,-400.0,0.17322267048340625,0.0
AAPL,2024-10-21T11:59:05.075648273Z,0.0,400.0,-0.17331666458983658,0.0
AAPL,2024-10-21T11:59:05.129969945Z,0.0,0.0,-4.699705321511205e-05,0.0
AAPL,2024-10-21T11:59:05.149534519Z,0.0,-27.0,0.028059389959342915,0.0
AAPL,2024-10-21T11:59:05.149624943Z,0.0,26.0,0.33193250570421695,0.0
AAPL,2024-10-21T11:59:22.128191719Z,0.0,-199.0,-0.42725025700003333,0.0
AAPL,2024-10-21T11:59:22.128203635Z,0.0,199.0,0.4271562628936032,0.0
AAPL,2024-10-21T11:59:22.227115805Z,0.0,0.0,-4.699705321511205e-05,0.0
AAPL,2024-10-21T11:59:22.702793943Z,0.0,-199.0,-0.42725025700003333,0.0
AAPL,2024-10-21T11:59:22.702805375Z,0.0,199.0,0.4271562628936032,0.0
AAPL,2024-10-21T11:59:22.748399070Z,0.0,0.0,-4.699705321511205e-05,0.0
AAPL,2024-10-21T11:59:24.992210687Z,0.0,-200.0,-0.2449065989090011,0.0
AAPL,2024-10-21T11:59:29.283276904Z,0.0,200.0,0.24481260480257086,0.0
AAPL,2024-10-21T11:59:29.283287223Z,0.0,-400.0,0.17322267048340625,0.0
AAPL,2024-10-21T11:59:29.283298495Z,0.0,200.0,-0.4181762664456225,0.0
AAPL,2024-10-21T11:59:29.341806485Z,0.0,0.0,-4.699705321511205e-05,0.0
AAPL,2024-10-21T11:59:29.368105783Z,0.0,0.0,-4.699705321511205e-05,0.0
AAPL,2024-10-21T11:59:29.441553398Z,0.0,-27.0,0.12148414104285177,0.0
AAPL,2024-10-21T11:59:29.441648558Z,0.0,26.0,-0.12021147876896428,0.0
AAPL,2024-10-21T11:59:29.504292026Z,0.0,200.0,0.11003827137382102,0.0
AAPL,2024-10-21T11:59:29.550327634Z,0.0,-200.0,-0.11013226548025125,0.0
AAPL,2024-10-21T11:59:29.550340581Z,0.0,0.0,-4.699705321511205e-05,0.0
AAPL,2024-10-21T11:59:30.102712999Z,0.0,0.0,-4.699705321511205e-05,0.0
AAPL,2024-10-21T11:59:30.102735583Z,99.0,45.0,-0.5272633041568073,0.0
AAPL,2024-10-21T11:59:30.102746947Z,100.0,100.0,-0.019413976427585754,0.0
AAPL,2024-10-21T11:59:30.102753002Z,-177.0,-77.0,0.7001627268634621,0.0
AAPL,2024-10-21T11:59:30.102766235Z,0.0,-87.0,-0.6148290073118605,0.0
AAPL,2024-10-21T11:59:30.102781049Z,0.0,-100.0,-0.05508963126673319,0.0
AAPL,2024-10-21T11:59:30.102784354Z,0.0,10.0,0.5723521848610216,0.0
AAPL,2024-10-21T11:59:30.166940785Z,0.0,200.0,-0.20824245640549677,0.0
AAPL,2024-10-21T11:59:30.203764599Z,0.0,77.0,-0.5685517049193294,0.0
AAPL,2024-10-21T11:59:30.353763576Z,-22.0,32.0,0.5122567359321119,0.0
AAPL,2024-10-21T11:59:33.214948750Z,0.0,200.0,0.11003827137382102,0.0
AAPL,2024-10-21T11:59:33.268596579Z,0.0,-200.0,-0.11013226548025125,0.0
AAPL,2024-10-21T11:59:40.586082406Z,0.0,-54.0,-0.5080899945761804,0.0
AAPL,2024-10-21T11:59:40.711462280Z,0.0,0.0,-4.699705321511205e-05,0.0
AAPL,2024-10-21T11:59:44.915756078Z,0.0,0.0,-4.699705321511205e-05,0.0
AAPL,2024-10-21T11:59:56.140334654Z,0.0,-199.0,-0.42725025700003333,0.0
AAPL,2024-10-21T11:59:56.140348516Z,0.0,199.0,0.4271562628936032,0.0
AAPL,2024-10-21T11:59:56.303825659Z,0.0,195.0,0.15835599589316166,0.0
AAPL,2024-10-21T11:59:56.303838548Z,0.0,-195.0,-0.15844998999959198,0.0
AAPL,2024-10-21T11:59:56.366678187Z,0.0,0.0,-4.699705321511205e-05,0.0
AAPL,2024-10-21T11:59:56.374323675Z,0.0,23.0,0.337404090936124,0.0
AAPL,2024-10-21T11:59:56.374379339Z,0.0,-22.0,-0.33627378703327515,0.0
AAPL,2024-10-21T11:59:57.076259289Z,0.0,22.0,0.3361797929268451,0.0
AAPL,2024-10-21T11:59:57.076314960Z,0.0,-21.0,-0.3350494890239962,0.0
AAPL,2024-10-21T11:59:57.121796841Z,0.0,0.0,-4.699705321511205e-05,0.0
AAPL,2024-10-21T11:59:58.069271668Z,0.0,-199.0,-0.42725025700003333,0.0
AAPL,2024-10-21T11:59:58.069284093Z,0.0,199.0,0.4271562628936032,0.0
AAPL,2024-10-21T12:00:01.682008523Z,0.0,21.0,0.33495549491756615,0.0
AAPL,2024-10-21T12:00:01.682052966Z,0.0,-21.0,-0.3350494890239962,0.0
AAPL,2024-10-21T12:00:01.884638806Z,0.0,0.0,-4.699705321511205e-05,0.0
AAPL,2024-10-21T12:00:02.064285089Z,0.0,-199.0,-0.42725025700003333,0.0
AAPL,2024-10-21T12:00:02.160356498Z,0.0,23.0,0.42529061787891775,0.0
AAPL,2024-10-21T12:00:02.160444679Z,0.0,-24.0,-0.45139749654982847,0.0
AAPL,2024-10-21T12:00:02.178747608Z,0.0,399.0,0.8271053433679434,0.0
AAPL,2024-10-21T12:00:02.219875510Z,0.0,-200.0,-0.3366978107696679,0.0
AAPL,2024-10-21T12:00:02.605471012Z,0.0,-200.0,0.20814846229906653,0.0
AAPL,2024-10-21T12:00:02.834037742Z,0.0,200.0,0.11003827137382102,0.0
AAPL,2024-10-21T12:00:03.047639596Z,0.0,-200.0,-0.11013226548025125,0.0
AAPL,2024-10-21T12:00:03.047650452Z,0.0,-199.0,-0.4905485237579208,0.0
AAPL,2024-10-21T12:00:03.057465668Z,0.0,199.0,0.4904545296514906,0.0
AAPL,2024-10-21T12:00:03.060752951Z,0.0,-199.0,-0.4905485237579208,0.0
AAPL,2024-10-21T12:00:03.162897564Z,0.0,399.0,0.6005397980785266,0.0
AAPL,2024-10-21T12:00:03.902053598Z,0.0,0.0,-4.699705321511205e-05,0.0
AAPL,2024-10-21T12:00:04.046818528Z,0.0,-399.0,-0.6006337921849569,0.0
AAPL,2024-10-21T12:00:04.147280360Z,0.0,399.0,0.6005397980785266,0.0
AAPL,2024-10-21T12:00:06.012108650Z,0.0,-399.0,-0.6006337921849569,0.0
AAPL,2024-10-21T12:00:06.012122140Z,0.0,199.0,0.18808783826113865,0.0
AAPL,2024-10-21T12:00:06.101295300Z,0.0,-199.0,-0.1881818323675689,0.0
AAPL,2024-10-21T12:00:06.101307454Z,0.0,399.0,-0.020107621091143002,0.0
AAPL,2024-10-21T12:00:07.067376608Z,0.0,0.0,-4.699705321511205e-05,0.0
AAPL,2024-10-21T12:00:07.067419673Z,131.0,581.0,-0.9053077428680704,0.0
AAPL,2024-10-21T12:00:07.067421371Z,0.0,-200.0,-0.11013226548025125,0.0
AAPL,2024-10-21T12:00:07.067467022Z,0.0,-18.0,1.2941111031104438,0.0
AAPL,2024-10-21T12:00:07.086677914Z,0.0,200.0,0.11003827137382102,0.0
AAPL,2024-10-21T12:00:07.088999005Z,0.0,-200.0,-0.11013226548025125,0.0
AAPL,2024-10-21T12:00:07.089009480Z,0.0,-150.0,0.35552931891187695,0.0
AAPL,2024-10-21T12:00:07.149589050Z,0.0,24.0,-0.39984772613657676,0.0
AAPL,2024-10-21T12:00:07.149680427Z,0.0,-21.0,0.3791253601119999,0.0
AAPL,2024-10-21T12:00:07.173766393Z,0.0,18.0,-1.2942050972168744,0.0
AAPL,2024-10-21T12:00:07.190951663Z,0.0,150.0,-0.6008136919017488,0.0
AAPL,2024-10-21T12:00:07.323764357Z,-131.0,-581.0,0.9052137487616404,0.0
AAPL,2024-10-21T12:00:07.337509459Z,0.0,200.0,-0.20824245640549677,0.0
AAPL,2024-10-21T12:00:07.338114020Z,0.0,-200.0,0.20814846229906653,0.0
AAPL,2024-10-21T12:00:07.646720038Z,0.0,0.0,-4.699705321511205e-05,0.0
AAPL,2024-10-21T12:00:07.956169614Z,0.0,200.0,-0.20824245640549677,0.0
AAPL,2024-10-21T12:00:07.965852395Z,0.0,200.0,-0.20824245640549677,0.0
AAPL,2024-10-21T12:00:07.965864571Z,0.0,-200.0,0.20814846229906653,0.0
AAPL,2024-10-21T12:00:08.010134216Z,0.0,-200.0,0.20814846229906653,0.0
AAPL,2024-10-21T12:00:08.010145977Z,0.0,50.0,0.7108049662223549,0.0
AAPL,2024-10-21T12:00:08.944714285Z,0.0,21.0,0.33495549491756615,0.0
AAPL,2024-10-21T12:00:08.944755705Z,0.0,-22.0,-0.33627378703327515,0.0
AAPL,2024-10-21T12:00:11.760000282Z,0.0,-50.0,-0.4164892871329159,0.0
AAPL,2024-10-21T12:00:14.055732875Z,0.0,-150.0,0.3063100245994497,0.0
AAPL,2024-10-21T12:00:14.158979266Z,0.0,200.0,0.11003827137382102,0.0
AAPL,2024-10-21T12:00:14.450532708Z,0.0,0.0,-4.699705321511205e-05,0.0
AAPL,2024-10-21T12:00:15.203702787Z,0.0,0.0,-4.699705321511205e-05,0.0
AAPL,2024-10-21T12:00:15.819869942Z,0.0,-200.0,-0.11013226548025125,0.0
AAPL,2024-10-21T12:00:15.819882720Z,0.0,200.0,-0.20824245640549677,0.0
AAPL,2024-10-21T12:00:15.838554673Z,0.0,0.0,-4.699705321511205e-05,0.0
AAPL,2024-10-21T12:00:15.866578232Z,0.0,-29.0,0.03014134455286573,0.0
AAPL,2024-10-21T12:00:15.866633819Z,0.0,-24.0,-0.4264794681833847,0.0
AAPL,2024-10-21T12:00:15.951171652Z,0.0,22.0,0.3361797929268451,0.0
AAPL,2024-10-21T12:00:15.951251227Z,0.0,-22.0,-0.33627378703327515,0.0
AAPL,2024-10-21T12:00:16.054719712Z,0.0,-150.0,0.6075155237134398,0.0
AAPL,2024-10-21T12:00:16.157998016Z,0.0,150.0,-0.6076095178198698,0.0
AAPL,2024-10-21T12:00:16.338916301Z,0.0,200.0,-0.20824245640549677,0.0
AAPL,2024-10-21T12:00:16.393554950Z,0.0,-200.0,0.20814846229906653,0.0
AAPL,2024-10-21T12:00:16.393566799Z,0.0,0.0,-4.699705321511205e-05,0.0
AAPL,2024-10-21T12:00:30.257881806Z,0.0,50.0,0.7176007921404758,0.0
AAPL,2024-10-21T12:00:31.949871042Z,0.0,-200.0,-0.11013226548025125,0.0
AAPL,2024-10-21T12:00:31.949883226Z,0.0,150.0,-0.6076095178198698,0.0
AAPL,2024-10-21T12:00:34.385769828Z,0.0,50.0,0.7176007921404758,0.0
AAPL,2024-10-21T12:00:34.427987983Z,0.0,24.0,-0.3823422861087143,0.0
AAPL,2024-10-21T12:00:34.428063663Z,0.0,-22.0,0.38016633740876127,0.0
AAPL,2024-10-21T12:00:35.519789038Z,0.0,-200.0,-0.11013226548025125,0.0
AAPL,2024-10-21T12:00:35.519800735Z,0.0,150.0,-0.6030789672077892,0.0
AAPL,2024-10-21T12:00:40.233143021Z,0.0,0.0,-4.699705321511205e-05,0.0
AAPL,2024-10-21T12:00:40.246039339Z,0.0,-150.0,0.602984973101359,0.0
AAPL,2024-10-21T12:00:40.246051577Z,0.0,200.0,-0.20824245640549677,0.0
AAPL,2024-10-21T12:00:40.301104866Z,0.0,-5.0,-0.2722752756192323,0.0
AAPL,2024-10-21T12:00:40.317525489Z,0.0,-28.0,0.029100367256104317,0.0
AAPL,2024-10-21T12:00:40.317579213Z,0.0,29.0,0.03545764521587385,0.0
AAPL,2024-10-21T12:00:40.436754233Z,0.0,-36.0,-0.7432985292306992,0.0
AAPL,2024-10-21T12:00:40.436793684Z,0.0,33.0,0.7463274670145533,0.0
AAPL,2024-10-21T12:00:51.186556234Z,490.0,450.0,-0.1936588226113844,0.0
AAPL,2024-10-21T12:00:51.249667336Z,149.0,4.0,0.1937497959790067,0.0
AAPL,2024-10-21T12:00:51.987589245Z,0.0,200.0,0.24481260480257086,0.0
AAPL,2024-10-21T12:00:51.987648731Z,0.0,200.0,-0.20824245640549677,0.0
AAPL,2024-10-21T12:00:51.988166858Z,0.0,-29.0,0.0395860379759978,0.0
AAPL,2024-10-21T12:00:51.988248573Z,0.0,26.0,-0.027112406769011728,0.0
AAPL,2024-10-21T12:00:52.042752970Z,0.0,-200.0,-0.2449065989090011,0.0
AAPL,2024-10-21T12:00:52.042765437Z,0.0,0.0,-0.3602257707136288,0.0
AAPL,2024-10-21T12:00:53.989325211Z,0.0,-150.0,0.5735363941228346,0.0
AAPL,2024-10-21T12:00:53.989336874Z,0.0,350.0,-0.7818258475815464,0.0
AAPL,2024-10-21T12:00:53.998541135Z,0.0,-26.0,-0.0318787452944673,0.0
AAPL,2024-10-21T12:00:53.998594585Z,0.0,27.0,0.0411108799412986,0.0
AAPL,2024-10-21T12:00:57.883000000Z,0.0,-27.0,-0.04120487404772884,0.0
AAPL,2024-10-21T12:00:57.883056751Z,0.0,27.0,-0.036946719321792665,0.0
AAPL,2024-10-21T12:00:58.996621223Z,0.0,-350.0,0.9105847799512737,0.0
AAPL,2024-10-21T12:00:58.996633732Z,0.0,400.0,-0.41643791575777844,0.0
AAPL,2024-10-21T12:01:00.317542037Z,0.0,-200.0,0.20814846229906653,0.0
AAPL,2024-10-21T12:01:01.594618675Z,0.0,200.0,-0.20824245640549677,0.0
AAPL,2024-10-21T12:01:02.481414409Z,0.0,-200.0,0.20814846229906653,0.0
AAPL,2024-10-21T12:01:02.481427194Z,0.0,150.0,-0.7024833147054222,0.0
AAPL,2024-10-21T12:01:02.481437815Z,0.0,200.0,-0.20824245640549677,0.0
AAPL,2024-10-21T12:01:02.481449719Z,0.0,400.0,-0.1655438014210467,0.0
AAPL,2024-10-21T12:01:02.537411197Z,0.0,0.0,-4.699705321511205e-05,0.0
AAPL,2024-10-21T12:01:02.855205010Z,0.0,0.0,-4.699705321511205e-05,0.0
AAPL,2024-10-21T12:01:04.580232646Z,0.0,-350.0,0.9105847799512737,0.0
AAPL,2024-10-21T12:01:04.580244325Z,0.0,350.0,-0.9106787740577039,0.0
AAPL,2024-10-21T12:01:04.634702173Z,0.0,0.0,0.3963761815038441,0.0
AAPL,2024-10-21T12:01:04.658981181Z,0.0,-570.0,-0.04268085426280162,0.0
AAPL,2024-10-21T12:01:04.659042935Z,0.0,570.0,0.04258686015637139,0.0
AAPL,2024-10-21T12:01:04.741629959Z,0.0,-350.0,0.9105847799512737,0.0
AAPL,2024-10-21T12:01:04.741641481Z,0.0,400.0,-0.41643791575777844,0.0
AAPL,2024-10-21T12:01:04.804426665Z,0.0,-600.0,-0.3410586396694788,0.0
AAPL,2024-10-21T12:01:04.818909404Z,0.0,-27.0,-0.03310304330374623,0.0
AAPL,2024-10-21T12:01:04.818994775Z,0.0,-22.0,-0.15953421270917686,0.0
AAPL,2024-10-21T12:01:04.857007035Z,0.0,-1.0,-0.20354322800716776,0.0
AAPL,2024-10-21T12:01:05.922932529Z,0.0,25.0,0.33985268695468185,0.0
AAPL,2024-10-21T12:01:05.922966254Z,0.0,-27.0,-0.061348640224117484,0.0
AAPL,2024-10-21T12:01:05.923028260Z,0.0,-24.0,-0.338722383051833,0.0
AAPL,2024-10-21T12:01:05.923061114Z,0.0,29.0,0.33525076409079024,0.0
AAPL,2024-10-21T12:01:06.781424093Z,0.0,-399.0,0.08379597119510573,0.0
AAPL,2024-10-21T12:01:06.781437182Z,0.0,199.0,0.12430549405074569,0.0
AAPL,2024-10-21T12:01:07.185212354Z,0.0,-199.0,-0.12439948815717591,0.0
AAPL,2024-10-21T12:01:07.185224829Z,0.0,400.0,-0.41643791575777844,0.0
AAPL,2024-10-21T12:01:07.565767784Z,0.0,-1.0,0.3325009534030274,0.0
AAPL,2024-10-21T12:01:07.595799579Z,0.0,-29.0,-0.3353447581972204,0.0
AAPL,2024-10-21T12:01:07.595852119Z,0.0,28.0,0.33661742047110793,0.0
AAPL,2024-10-21T12:01:09.437841151Z,-499.0,-54.0,1.0380478965518096,0.0
AAPL,2024-10-21T12:01:11.781701764Z,0.0,-345.0,-0.2658106101969424,0.0
AAPL,2024-10-21T12:01:11.781713240Z,0.0,400.0,0.4896722066583569,0.0
AAPL,2024-10-21T12:01:13.838979517Z,0.0,-28.0,-0.33671141457753806,0.0
AAPL,2024-10-21T12:01:13.839070933Z,0.0,27.0,0.3379840768514256,0.0
AAPL,2024-10-21T12:01:33.939295458Z,0.0,-55.0,-0.22689360981598908,0.0
AAPL,2024-10-21T12:01:35.962900590Z,0.0,-200.0,-0.11013226548025125,0.0
AAPL,2024-10-21T12:01:35.963468384Z,0.0,-28.0,0.029100367256104317,0.0
AAPL,2024-10-21T12:01:35.963501831Z,0.0,24.0,0.3386283889454029,0.0
AAPL,2024-10-21T12:01:36.017994443Z,0.0,200.0,0.11003827137382102,0.0
AAPL,2024-10-21T12:01:36.018008103Z,-200.0,0.0,0.1487722301225623,0.0
AAPL,2024-10-21T12:01:37.328372588Z,0.0,-23.0,-0.39412996769356257,0.0
AAPL,2024-10-21T12:01:37.328448858Z,1.0,600.0,0.31344649252494144,0.0
AAPL,2024-10-21T12:01:37.328482738Z,0.0,28.0,-0.038313375702110346,0.0
AAPL,2024-10-21T12:01:37.359224760Z,0.0,27.0,0.22620167851450482,0.0
AAPL,2024-10-21T12:01:37.359337685Z,0.0,-26.0,-0.22477130680632343,0.0
AAPL,2024-10-21T12:01:37.396952090Z,0.0,-200.0,-0.2449065989090011,0.0
AAPL,2024-10-21T12:01:37.923006207Z,0.0,-572.0,-0.03217467833337635,0.0
AAPL,2024-10-21T12:01:37.923035401Z,0.0,26.0,0.2246773126998932,0.0
AAPL,2024-10-21T12:01:37.923099010Z,0.0,-28.0,-0.26251230477469834,0.0
AAPL,2024-10-21T12:01:37.923141688Z,0.0,-28.0,0.029100367256104317,0.0
AAPL,2024-10-21T12:01:42.535186906Z,199.0,195.0,0.038495918990867246,0.0
AAPL,2024-10-21T12:01:42.535199542Z,0.0,-195.0,-0.18666504413719592,0.0
AAPL,2024-10-21T12:01:42.538298989Z,0.0,28.0,-0.029194361362534543,0.0
AAPL,2024-10-21T12:01:42.538396440Z,0.0,572.0,0.039853547395736016,0.0
AAPL,2024-10-21T12:01:44.767942496Z,0.0,0.0,-4.699705321511205e-05,0.0
AAPL,2024-10-21T12:01:44.773272494Z,0.0,28.0,0.2624183106682681,0.0
AAPL,2024-10-21T12:01:44.773315201Z,0.0,-29.0,-0.26114564839438065,0.0
AAPL,2024-10-21T12:01:46.087712989Z,99.0,0.0,-1.0893164565331097,0.0
AAPL,2024-10-21T12:01:46.088087887Z,-99.0,0.0,1.089222462426679,0.0
AAPL,2024-10-21T12:01:48.662449384Z,0.0,-145.0,0.04802380067341666,0.0
AAPL,2024-10-21T12:01:48.662461832Z,0.0,345.0,0.19674180707593916,0.0
AAPL,2024-10-21T12:01:48.663006081Z,0.0,29.0,0.2610516542879504,0.0
AAPL,2024-10-21T12:01:48.663060459Z,0.0,-25.0,-0.2232469409917118,0.0
AAPL,2024-10-21T12:01:50.803408210Z,0.0,25.0,0.22315294688528156,0.0
AAPL,2024-10-21T12:01:50.803449763Z,0.0,-27.0,-0.22629567262093506,0.0
AAPL,2024-10-21T12:01:59.276468415Z,499.0,54.0,-1.0352508684633108,0.0
AAPL,2024-10-21T12:01:59.277562747Z,-499.0,-54.0,1.0351568743568802,0.0
AAPL,2024-10-21T12:02:01.448038651Z,-199.0,-599.0,-0.10768099156342244,0.0
AAPL,2024-10-21T12:02:05.406537956Z,50.0,195.0,0.39964682590612044,0.0
AAPL,2024-10-21T12:02:05.406550192Z,0.0,-195.0,-0.43694562680649496,0.0
AAPL,2024-10-21T12:02:05.521390954Z,-200.0,-5.0,0.4755855914488061,0.0
AAPL,2024-10-21T12:02:07.782798949Z,150.0,5.0,-0.4384747787612919,0.0
AAPL,2024-10-21T12:02:17.703470063Z,50.0,195.0,0.39964682590612044,0.0
AAPL,2024-10-21T12:02:17.703482613Z,0.0,-195.0,-0.43694562680649496,0.0
AAPL,2024-10-21T12:02:17.758071973Z,0.0,0.0,-4.699705321511205e-05,0.0
AAPL,2024-10-21T12:02:17.837786779Z,0.0,-200.0,-0.11013226548025125,0.0
AAPL,2024-10-21T12:02:18.878119302Z,0.0,27.0,0.22620167851450482,0.0
AAPL,2024-10-21T12:02:18.878154633Z,0.0,571.0,0.04122020377605376,0.0
AAPL,2024-10-21T12:02:18.939543004Z,0.0,-572.0,-0.04253849589176291,0.0
AAPL,2024-10-21T12:02:30.307162147Z,0.0,-26.0,-0.22477130680632343,0.0
AAPL,2024-10-21T12:02:44.176288366Z,100.0,100.0,-0.019413976427585754,0.0
AAPL,2024-10-21T12:02:44.176621537Z,-100.0,-100.0,0.01931998232115553,0.0
AAPL,2024-10-21T12:02:48.812722097Z,499.0,54.0,-1.03814189065824,0.0
AAPL,2024-10-21T12:02:48.883865862Z,0.0,-399.0,0.08120501680550907,0.0
AAPL,2024-10-21T12:02:48.883880917Z,0.0,199.0,0.1268964484403423,0.0
AAPL,2024-10-21T12:02:49.759332649Z,0.0,0.0,-4.699705321511205e-05,0.0
AAPL,2024-10-21T12:02:54.518612296Z,0.0,200.0,0.11003827137382102,0.0
AAPL,2024-10-21T12:02:54.518624596Z,-400.0,-205.0,0.5165848255035876,0.0
AAPL,2024-10-21T12:02:54.523940080Z,0.0,-21.0,-0.34184531494211723,0.0
AAPL,2024-10-21T12:02:54.524017462Z,0.0,24.0,0.3386283889454029,0.0
AAPL,2024-10-21T12:02:56.706628033Z,0.0,-199.0,-0.12699044254677253,0.0
AAPL,2024-10-21T12:02:56.706639645Z,0.0,199.0,0.1268964484403423,0.0
AAPL,2024-10-21T12:02:56.761416724Z,350.0,205.0,-0.4726781868979525,0.0
AAPL,2024-10-21T12:02:56.763029737Z,0.0,200.0,-0.20824245640549677,0.0
AAPL,2024-10-21T12:02:56.828592562Z,0.0,571.0,0.03344734060726387,0.0
AAPL,2024-10-21T12:02:56.828630121Z,0.0,-574.0,-0.037214228741530866,0.0
AAPL,2024-10-21T12:02:58.875085988Z,0.0,-200.0,0.20814846229906653,0.0
AAPL,2024-10-21T12:02:58.875097976Z,0.0,200.0,-0.20824245640549677,0.0
AAPL,2024-10-21T12:02:59.629692844Z,0.0,-399.0,0.08120501680550907,0.0
AAPL,2024-10-21T12:02:59.629704420Z,0.0,399.0,-0.08129901091193939,0.0
AAPL,2024-10-21T12:03:04.465116162Z,0.0,0.0,-4.699705321511205e-05,0.0
AAPL,2024-10-21T12:03:23.013257512Z,0.0,-399.0,0.08120501680550907,0.0
AAPL,2024-10-21T12:03:23.013270046Z,0.0,399.0,-0.08129901091193939,0.0
AAPL,2024-10-21T12:03:36.462240600Z,0.0,0.0,-4.699705321511205e-05,0.0
AAPL,2024-10-21T12:03:36.477257436Z,0.0,28.0,0.04263524575591022,0.0
AAPL,2024-10-21T12:03:36.477483536Z,0.0,-28.0,-0.4176600360355586,0.0
AAPL,2024-10-21T12:03:36.477526397Z,0.0,24.0,0.3386283889454029,0.0
AAPL,2024-10-21T12:03:36.477570977Z,0.0,-22.0,-0.33627378703327515,0.0
AAPL,2024-10-21T12:03:37.922916443Z,0.0,22.0,0.3361797929268451,0.0
AAPL,2024-10-21T12:03:37.922990125Z,0.0,-22.0,-0.33627378703327515,0.0
AAPL,2024-10-21T12:03:38.391113474Z,-499.0,0.0,1.6803852452872614,0.0
AAPL,2024-10-21T12:03:38.520085682Z,0.0,-28.0,-0.28952209960149033,0.0
AAPL,2024-10-21T12:03:38.520115737Z,0.0,-28.0,0.0189728213036032,0.0
AAPL,2024-10-21T12:03:55.424131689Z,0.0,28.0,0.22772604432911642,0.0
AAPL,2024-10-21T12:03:55.424188038Z,0.0,-25.0,-0.2232469409917118,0.0
AAPL,2024-10-21T12:03:55.618218602Z,50.0,195.0,0.3973815506000802,0.0
AAPL,2024-10-21T12:03:55.618231402Z,-200.0,-200.0,0.03868696169552616,0.0
AAPL,2024-10-21T12:03:55.674377683Z,0.0,0.0,-4.699705321511205e-05,0.0
AAPL,2024-10-21T12:03:55.688445687Z,0.0,-36.0,-0.7432985292306992,0.0
AAPL,2024-10-21T12:03:55.688489469Z,0.0,36.0,0.7432045351242691,0.0
AAPL,2024-10-21T12:03:55.728447009Z,150.0,5.0,-0.43620950345525156,0.0
AAPL,2024-10-21T12:03:56.332225034Z,0.0,25.0,0.22315294688528156,0.0
AAPL,2024-10-21T12:03:56.332253646Z,0.0,22.0,0.3361797929268451,0.0
AAPL,2024-10-21T12:03:56.332311467Z,0.0,-22.0,-0.33627378703327515,0.0
AAPL,2024-10-21T12:03:56.332342495Z,0.0,-25.0,-0.2666122739156514,0.0
AAPL,2024-10-21T12:03:56.388992803Z,0.0,-200.0,-0.6753089070566652,0.0
AAPL,2024-10-21T12:03:56.896105724Z,0.0,25.0,0.26651827980922116,0.0
AAPL,2024-10-21T12:03:56.896208906Z,0.0,-27.0,-0.263878961155016,0.0
AAPL,2024-10-21T12:04:00.333416396Z,0.0,55.0,0.5936932860273104,0.0
AAPL,2024-10-21T12:04:00.453606564Z,0.0,27.0,-0.028153384065773134,0.0
AAPL,2024-10-21T12:04:00.453632315Z,0.0,-27.0,-0.3717604780226118,0.0
AAPL,2024-10-21T12:04:01.301464181Z,0.0,17.0,-0.6828735470893149,0.0
AAPL,2024-10-21T12:04:01.372206492Z,0.0,-200.0,0.20814846229906653,0.0
AAPL,2024-10-21T12:04:01.372219216Z,0.0,345.0,0.16824130879037633,0.0
AAPL,2024-10-21T12:04:01.372796891Z,0.0,-27.0,0.036852725215362425,0.0
AAPL,2024-10-21T12:04:01.644457609Z,0.0,-145.0,-0.4464865307681968,0.0
AAPL,2024-10-21T12:04:05.632550110Z,0.0,26.0,0.03178475118803706,0.0
AAPL,2024-10-21T12:04:12.155049282Z,50.0,195.0,0.3973815506000802,0.0
AAPL,2024-10-21T12:04:12.156256239Z,0.0,0.0,-4.699705321511205e-05,0.0
AAPL,2024-10-21T12:04:12.260774944Z,0.0,-195.0,-0.1561847146935516,0.0
AAPL,2024-10-21T12:04:16.430845992Z,0.0,-200.0,0.20814846229906653,0.0
AAPL,2024-10-21T12:04:16.499853888Z,0.0,-200.0,0.20814846229906653,0.0
AAPL,2024-10-21T12:04:16.509417925Z,0.0,145.0,-0.07402733867581299,0.0
AAPL,2024-10-21T12:04:19.069602567Z,0.0,-145.0,0.07393334456938278,0.0
AAPL,2024-10-21T12:04:19.069614798Z,0.0,345.0,0.170832263179973,0.0
AAPL,2024-10-21T12:04:19.070597243Z,0.0,-26.0,0.035486068835044744,0.0
AAPL,2024-10-21T12:04:19.070641181Z,0.0,-72.0,0.18806203675355976,0.0
AAPL,2024-10-21T12:04:19.474987580Z,0.0,-200.0,-0.2449065989090011,0.0
AAPL,2024-10-21T12:04:19.884911653Z,0.0,72.0,-0.18815603085999,0.0
AAPL,2024-10-21T12:04:19.885049397Z,0.0,-71.0,0.18958640256817139,0.0
AAPL,2024-10-21T12:04:26.481060587Z,0.0,-100.0,-0.4482634896636344,0.0
AAPL,2024-10-21T12:04:26.481072450Z,0.0,100.0,0.44816949555720414,0.0
AAPL,2024-10-21T12:04:26.535918353Z,0.0,200.0,-0.20824245640549677,0.0
AAPL,2024-10-21T12:04:26.535930308Z,0.0,-200.0,0.20814846229906653,0.0
AAPL,2024-10-21T12:04:26.555072803Z,0.0,22.0,0.3361797929268451,0.0
AAPL,2024-10-21T12:04:26.555132343Z,0.0,-25.0,-0.3399466810611119,0.0
AAPL,2024-10-21T12:04:26.566152901Z,0.0,200.0,0.24481260480257086,0.0
AAPL,2024-10-21T12:04:26.621148067Z,0.0,-200.0,-0.2449065989090011,0.0
AAPL,2024-10-21T12:04:26.621160396Z,0.0,300.0,-0.8646544083681976,0.0
AAPL,2024-10-21T12:04:27.723319849Z,0.0,-100.0,1.3359475467215873,0.0
AAPL,2024-10-21T12:04:27.735053874Z,0.0,-300.0,-0.919650622123454,0.0
AAPL,2024-10-21T12:04:27.735066380Z,0.0,100.0,0.44816949555720414,0.0
AAPL,2024-10-21T12:04:40.612532228Z,0.0,550.0,0.2897463043205095,0.0
AAPL,2024-10-21T12:04:47.058697813Z,147.0,-2.0,-1.209487155560693,0.0
AAPL,2024-10-21T12:04:51.210492220Z,0.0,399.0,0.7217539227215121,0.0
AAPL,2024-10-21T12:04:51.210504256Z,0.0,-400.0,-0.489766200764787,0.0
AAPL,2024-10-21T12:04:51.271373633Z,0.0,71.0,-0.18968039667460163,0.0
AAPL,2024-10-21T12:04:51.271438407Z,0.0,27.0,-0.036946719321792665,0.0
AAPL,2024-10-21T12:04:51.271510236Z,0.0,201.0,0.012730888739415639,0.0
AAPL,2024-10-21T12:04:51.316443773Z,0.0,-200.0,-0.2449065989090011,0.0
AAPL,2024-10-21T12:04:54.735741554Z,0.0,5.0,-0.005251883537022152,0.0
AAPL,2024-10-21T12:05:01.936493423Z,0.0,200.0,0.24481260480257086,0.0
AAPL,2024-10-21T12:05:01.936505877Z,0.0,0.0,0.3168059995590147,0.0
AAPL,2024-10-21T12:05:05.090737406Z,0.0,49.0,0.02160421512416996,0.0
AAPL,2024-10-21T12:05:15.858212657Z,0.0,150.0,0.091620620856709,0.0
AAPL,2024-10-21T12:05:15.858226719Z,0.0,-150.0,-0.40856761157536886,0.0
AAPL,2024-10-21T12:05:18.858600266Z,0.0,-200.0,-0.2449065989090011,0.0
AAPL,2024-10-21T12:05:27.769244591Z,0.0,0.0,-4.699705321511205e-05,0.0
AAPL,2024-10-21T12:05:27.769266569Z,99.0,0.0,0.830852618049236,0.0
AAPL,2024-10-21T12:05:27.769279547Z,100.0,100.0,-0.019413976427585754,0.0
AAPL,2024-10-21T12:05:27.769282701Z,0.0,-97.0,-0.8964053757033027,0.0
AAPL,2024-10-21T12:05:27.769319506Z,-100.0,-100.0,0.01931998232115553,0.0
AAPL,2024-10-21T12:05:27.769383987Z,-87.0,10.0,0.9131606536525749,0.0
AAPL,2024-10-21T12:05:27.870580890Z,-12.0,87.0,-0.8477958842113686,0.0
AAPL,2024-10-21T12:05:30.107740673Z,1199.0,1100.0,0.6178158449311589,0.0
AAPL,2024-10-21T12:05:35.113109625Z,0.0,-100.0,0.02088966680028839,0.0
AAPL,2024-10-21T12:05:35.113122799Z,0.0,300.0,0.7551261197890822,0.0
AAPL,2024-10-21T12:05:40.025196163Z,0.0,200.0,-0.20824245640549677,0.0
AAPL,2024-10-21T12:05:40.028003470Z,0.0,0.0,-4.699705321511205e-05,0.0
AAPL,2024-10-21T12:05:40.028006695Z,-869.0,-159.0,-1.5800493613167046,0.0
AAPL,2024-10-21T12:05:40.028030027Z,0.0,90.0,0.02907657143322008,0.0
AAPL,2024-10-21T12:05:40.028032659Z,0.0,-10.0,1.1620592793861064,0.0
AAPL,2024-10-21T12:05:40.028041901Z,0.0,100.0,-0.10414472672935594,0.0
AAPL,2024-10-21T12:05:40.028043931Z,0.0,100.0,0.054995637160302945,0.0
AAPL,2024-10-21T12:05:40.028048443Z,0.0,32.0,0.01756664589511067,0.0
AAPL,2024-10-21T12:05:40.028054971Z,0.0,100.0,-0.10414472672935594,0.0
AAPL,2024-10-21T12:05:40.028063174Z,0.0,17.0,-2.182540322949743,0.0
AAPL,2024-10-21T12:05:40.028066207Z,0.0,-100.0,-0.05508963126673319,0.0
AAPL,2024-10-21T12:05:40.028077104Z,0.0,-100.0,-0.05508963126673319,0.0
AAPL,2024-10-21T12:05:40.028094970Z,0.0,0.0,-4.699705321511205e-05,0.0
AAPL,2024-10-21T12:05:40.028097758Z,0.0,100.0,-0.1367126350849838,0.0
AAPL,2024-10-21T12:05:40.028115361Z,-156.0,-300.0,3.850721823066507,0.0
AAPL,2024-10-21T12:05:40.028121192Z,0.0,100.0,0.15238958440794678,0.0
AAPL,2024-10-21T12:05:40.028128644Z,0.0,-100.0,-0.12247679798110811,0.0
AAPL,2024-10-21T12:05:40.028156649Z,0.0,-100.0,-0.12247679798110811,0.0
AAPL,2024-10-21T12:05:40.028365786Z,156.0,300.0,-3.6868629754578013,0.0
AAPL,2024-10-21T12:05:40.028429209Z,0.0,-85.0,2.771423662942412,0.0
AAPL,2024-10-21T12:05:40.028485091Z,0.0,-100.0,-0.12247679798110811,0.0
AAPL,2024-10-21T12:05:40.028584035Z,0.0,-100.0,-0.12247679798110811,0.0
AAPL,2024-10-21T12:05:40.055564914Z,-224.0,-146.0,-1.1895576958737215,0.0
AAPL,2024-10-21T12:05:40.071027333Z,294.0,216.0,1.1759068162052326,0.0
AAPL,2024-10-21T12:05:40.096302346Z,-170.0,29.0,0.028892616232216294,0.0
AAPL,2024-10-21T12:05:40.096345392Z,172.0,-27.0,-0.029373949926133965,0.0
AAPL,2024-10-21T12:05:40.133764520Z,0.0,78.0,-1.2329397296723115,0.0
AAPL,2024-10-21T12:05:40.147760543Z,0.0,10.0,0.3317051568461885,0.0
AAPL,2024-10-21T12:05:40.167062454Z,-172.0,-137.0,0.04237619169306631,0.0
AAPL,2024-10-21T12:05:40.279040532Z,0.0,78.0,-0.46750951082271286,0.0
AAPL,2024-10-21T12:05:40.371306716Z,0.0,-110.0,1.2474492661788403,0.0
AAPL,2024-10-21T12:05:40.371534341Z,172.0,137.0,-0.04247018579949626,0.0
AAPL,2024-10-21T12:05:40.371545573Z,0.0,-137.0,-0.0856083436781023,0.0
AAPL,2024-10-21T12:05:40.371797762Z,0.0,27.0,0.0411108799412986,0.0
AAPL,2024-10-21T12:05:40.371831552Z,0.0,-27.0,0.018293542076573976,0.0
AAPL,2024-10-21T12:05:40.422122396Z,0.0,-200.0,0.29404819201487914,0.0
AAPL,2024-10-21T12:05:41.922932814Z,0.0,-27.0,-0.04120487404772884,0.0
AAPL,2024-10-21T12:05:41.923000912Z,0.0,18.0,-0.9729318735842858,0.0
AAPL,2024-10-21T12:05:41.948630132Z,0.0,0.0,-4.699705321511205e-05,0.0
AAPL,2024-10-21T12:05:41.951962933Z,0.0,-190.0,1.187138863887941,0.0
AAPL,2024-10-21T12:05:41.951975929Z,0.0,400.0,0.4896722066583569,0.0
AAPL,2024-10-21T12:05:41.952567424Z,-172.0,-35.0,0.1188255540955898,0.0
AAPL,2024-10-21T12:05:41.952619801Z,0.0,34.0,-0.2636154614243031,0.0
AAPL,2024-10-21T12:05:43.153724103Z,0.0,-210.0,-1.6769520617059428,0.0
AAPL,2024-10-21T12:05:43.258685033Z,0.0,0.0,-4.699705321511205e-05,0.0
AAPL,2024-10-21T12:05:43.258755715Z,0.0,-190.0,1.187138863887941,0.0
AAPL,2024-10-21T12:05:43.337323654Z,0.0,190.0,-0.7107409534710875,0.0
AAPL,2024-10-21T12:05:43.337453873Z,-200.0,-200.0,0.03868696169552616,0.0
AAPL,2024-10-21T12:05:43.337912322Z,0.0,-18.0,0.4755820619500152,0.0
AAPL,2024-10-21T12:05:43.337965586Z,0.0,16.0,0.09812669223782985,0.0
AAPL,2024-10-21T12:05:43.365778374Z,0.0,200.0,-0.2733782731167525,0.0
AAPL,2024-10-21T12:05:43.393790686Z,200.0,200.0,-0.0387809558019564,0.0
AAPL,2024-10-21T12:05:43.393803680Z,0.0,0.0,-4.699705321511205e-05,0.0
AAPL,2024-10-21T12:05:43.596064460Z,0.0,-200.0,0.2732842790103223,0.0
AAPL,2024-10-21T12:05:43.596076460Z,0.0,210.0,-0.7907612244948017,0.0
AAPL,2024-10-21T12:05:45.922885872Z,0.0,84.0,0.14854934151607765,0.0
AAPL,2024-10-21T12:05:45.923016443Z,0.0,29.0,-0.039680032082428034,0.0
AAPL,2024-10-21T12:05:46.352758108Z,0.0,-10.0,-1.544608066051641,0.0
AAPL,2024-10-21T12:05:46.952418271Z,0.0,137.0,0.357644371822989,0.0
AAPL,2024-10-21T12:05:46.952433308Z,-200.0,-337.0,-0.31900440718067774,0.0
AAPL,2024-10-21T12:05:47.007021590Z,0.0,-210.0,-0.23855022349900415,0.0
AAPL,2024-10-21T12:05:48.195531738Z,200.0,337.0,0.3189104130742477,0.0
AAPL,2024-10-21T12:05:48.195615637Z,0.0,0.0,-4.699705321511205e-05,0.0
AAPL,2024-10-21T12:05:48.195638794Z,100.0,-37.0,-0.37710534530378964,0.0
AAPL,2024-10-21T12:05:48.195643749Z,0.0,-95.0,0.2257733500003094,0.0
AAPL,2024-10-21T12:05:48.195651625Z,0.0,500.0,-0.30735701954354083,0.0
AAPL,2024-10-21T12:05:48.195652834Z,-33.0,-133.0,-0.048698528073190875,0.0
AAPL,2024-10-21T12:05:48.195667975Z,33.0,-83.0,0.7428725880163112,0.0
AAPL,2024-10-21T12:05:48.195671113Z,0.0,-100.0,1.0599168137475699,0.0
AAPL,2024-10-21T12:05:48.195675914Z,0.0,-100.0,-0.12247679798110811,0.0
AAPL,2024-10-21T12:05:48.195679038Z,0.0,-100.0,0.1040507326229257,0.0
AAPL,2024-10-21T12:05:48.195690635Z,0.0,100.0,0.054995637160302945,0.0
AAPL,2024-10-21T12:05:48.195701993Z,0.0,100.0,-0.10414472672935594,0.0
AAPL,2024-10-21T12:05:48.195706051Z,0.0,100.0,0.12238280387467787,0.0
AAPL,2024-10-21T12:05:48.195771617Z,0.0,100.0,0.12238280387467787,0.0
AAPL,2024-10-21T12:05:48.195800135Z,67.0,50.0,-1.0095514755215376,0.0
AAPL,2024-10-21T12:05:48.195848770Z,0.0,100.0,0.054995637160302945,0.0
AAPL,2024-10-21T12:05:48.195954138Z,0.0,-500.0,0.4138870692431819,0.0
AAPL,2024-10-21T12:05:48.259822838Z,0.0,300.0,-0.7195604244392938,0.0
AAPL,2024-10-21T12:05:48.263346529Z,0.0,-29.0,0.0395860379759978,0.0
AAPL,2024-10-21T12:05:48.297202075Z,0.0,200.0,0.00493616948488165,0.0
AAPL,2024-10-21T12:05:48.297231678Z,0.0,-567.0,-0.20703663115492316,0.0
AAPL,2024-10-21T12:05:48.313231819Z,0.0,200.0,0.11003827137382102,0.0
AAPL,2024-10-21T12:05:48.453765847Z,-167.0,28.0,-0.13848185433802268,0.0
AAPL,2024-10-21T12:05:48.461428130Z,-200.0,-200.0,0.03868696169552616,0.0
AAPL,2024-10-21T12:05:48.825644162Z,0.0,-200.0,-0.2449065989090011,0.0
AAPL,2024-10-21T12:05:49.592099813Z,0.0,100.0,0.6809928955380661,0.0
AAPL,2024-10-21T12:05:52.517180690Z,0.0,-71.0,0.13465698086451458,0.0
AAPL,2024-10-21T12:05:55.930110286Z,0.0,-18.0,0.018690594288490237,0.0
AAPL,2024-10-21T12:05:57.922929284Z,0.0,71.0,-0.13475097497094482,0.0
AAPL,2024-10-21T12:05:57.923066098Z,0.0,30.0,0.03668194322515277,0.0
AAPL,2024-10-21T12:06:05.427139071Z,395.0,0.0,-0.015854121169008716,0.0
AAPL,2024-10-21T12:06:06.690796307Z,0.0,200.0,0.11003827137382102,0.0
AAPL,2024-10-21T12:06:06.690808686Z,0.0,0.0,-4.699705321511205e-05,0.0
AAPL,2024-10-21T12:06:06.701910843Z,0.0,24.0,0.007182407852979253,0.0
AAPL,2024-10-21T12:06:06.701967763Z,0.0,-26.0,0.027018412662581502,0.0
AAPL,2024-10-21T12:06:06.737555073Z,0.0,-145.0,-0.7522986970836422,0.0
AAPL,2024-10-21T12:06:06.737568257Z,0.0,145.0,0.7522047029772124,0.0
AAPL,2024-10-21T12:06:06.784651971Z,0.0,200.0,-0.20824245640549677,0.0
AAPL,2024-10-21T12:06:06.795491217Z,0.0,-200.0,0.20814846229906653,0.0
AAPL,2024-10-21T12:06:06.795502438Z,0.0,0.0,-4.699705321511205e-05,0.0
AAPL,2024-10-21T12:06:07.734697882Z,-1100.0,0.0,0.11314145870900236,0.0
AAPL,2024-10-21T12:06:07.735102284Z,1100.0,0.0,-0.11323545281543258,0.0
AAPL,2024-10-21T12:06:07.797318931Z,0.0,26.0,-0.027112406769011728,0.0
AAPL,2024-10-21T12:06:07.797428592Z,0.0,-24.0,-0.3946384792923073,0.0
AAPL,2024-10-21T12:06:07.802356464Z,0.0,195.0,0.4886673896909931,0.0
AAPL,2024-10-21T12:06:07.802368533Z,0.0,-195.0,-0.4887613837974231,0.0
AAPL,2024-10-21T12:06:07.805948070Z,0.0,200.0,-0.20824245640549677,0.0
AAPL,2024-10-21T12:06:07.846428844Z,0.0,-200.0,-0.11013226548025125,0.0
AAPL,2024-10-21T12:06:07.848909781Z,0.0,-200.0,0.20814846229906653,0.0
AAPL,2024-10-21T12:06:07.896522805Z,0.0,200.0,0.11003827137382102,0.0
AAPL,2024-10-21T12:06:07.896534876Z,0.0,0.0,-4.699705321511205e-05,0.0
AAPL,2024-10-21T12:06:08.694025455Z,0.0,0.0,-4.699705321511205e-05,0.0
AAPL,2024-10-21T12:06:17.680964159Z,0.0,-30.0,-0.03677593733158302,0.0
AAPL,2024-10-21T12:06:17.681006872Z,0.0,-71.0,0.13465698086451458,0.0
AAPL,2024-10-21T12:06:17.696105981Z,0.0,24.0,0.39454448518587715,0.0
AAPL,2024-10-21T12:06:18.819178890Z,-1100.0,-10.0,-0.052598807980033184,0.0
AAPL,2024-10-21T12:06:18.819594049Z,1100.0,10.0,0.052504813873602944,0.0
AAPL,2024-10-21T12:06:18.820239929Z,0.0,-100.0,-1.035014902899945,0.0
AAPL,2024-10-21T12:06:18.821093344Z,-195.0,-58.0,0.1232799593516951,0.0
AAPL,2024-10-21T12:06:18.873162917Z,0.0,100.0,1.034920908793515,0.0
AAPL,2024-10-21T12:06:18.892219598Z,0.0,199.0,-0.004031248704213774,0.0
AAPL,2024-10-21T12:06:18.892231335Z,-200.0,-399.0,0.04267121334652489,0.0
AAPL,2024-10-21T12:06:18.892290341Z,200.0,200.0,-0.0387809558019564,0.0
AAPL,2024-10-21T12:06:19.678000980Z,0.0,200.0,-0.20824245640549677,0.0
AAPL,2024-10-21T12:06:19.696727473Z,0.0,-200.0,0.20814846229906653,0.0
AAPL,2024-10-21T12:06:19.696738939Z,0.0,200.0,-0.20824245640549677,0.0
AAPL,2024-10-21T12:06:22.179031254Z,0.0,-200.0,0.20814846229906653,0.0
AAPL,2024-10-21T12:06:29.265587376Z,0.0,71.0,-0.13475097497094482,0.0
AAPL,2024-10-21T12:06:29.265653484Z,0.0,-70.0,0.1332903244841969,0.0
AAPL,2024-10-21T12:06:29.265699161Z,0.0,-28.0,-0.01545893463300017,0.0
AAPL,2024-10-21T12:06:31.862439229Z,0.0,70.0,-0.13338431859062713,0.0
AAPL,2024-10-21T12:06:31.862509699Z,0.0,-73.0,0.13739029362514993,0.0
AAPL,2024-10-21T12:06:39.032886978Z,-28.0,199.0,0.016803443100395065,0.0
AAPL,2024-10-21T12:06:39.137156502Z,28.0,-199.0,-0.016897437206825246,0.0
AAPL,2024-10-21T12:06:46.758024329Z,0.0,200.0,-0.20824245640549677,0.0
AAPL,2024-10-21T12:06:46.812855420Z,0.0,-200.0,0.20814846229906653,0.0
AAPL,2024-10-21T12:06:46.812867723Z,0.0,0.0,-4.699705321511205e-05,0.0
AAPL,2024-10-21T12:06:46.863385247Z,0.0,73.0,-0.1374842877315802,0.0
AAPL,2024-10-21T12:06:46.888617346Z,0.0,26.0,0.03178475118803706,0.0
AAPL,2024-10-21T12:06:48.285146479Z,-28.0,199.0,0.016803443100395065,0.0
AAPL,2024-10-21T12:06:48.317330539Z,28.0,-199.0,-0.016897437206825246,0.0
AAPL,2024-10-21T12:06:48.791506901Z,180.0,43.0,-0.07590960466286498,0.0
AAPL,2024-10-21T12:06:48.791534978Z,0.0,0.0,-4.699705321511205e-05,0.0
AAPL,2024-10-21T12:06:48.791573564Z,-1100.0,0.0,0.12350527626738889,0.0
AAPL,2024-10-21T12:06:48.791586310Z,0.0,-10.0,-0.9884530757043664,0.0
AAPL,2024-10-21T12:06:48.893768793Z,0.0,10.0,0.9883590815979364,0.0
AAPL,2024-10-21T12:06:49.043764990Z,1100.0,0.0,-0.12359927037381911,0.0
AAPL,2024-10-21T12:06:49.574441885Z,0.0,55.0,-0.6331523274324448,0.0
AAPL,2024-10-21T12:06:51.353578115Z,0.0,-200.0,-0.11013226548025125,0.0
AAPL,2024-10-21T12:06:51.353591847Z,0.0,145.0,0.743143601753051,0.0
AAPL,2024-10-21T12:06:53.388459101Z,0.0,0.0,-4.699705321511205e-05,0.0
AAPL,2024-10-21T12:06:56.110160994Z,-1100.0,0.0,0.12350527626738889,0.0
AAPL,2024-10-21T12:06:56.110195323Z,-28.0,199.0,0.016803443100395065,0.0
AAPL,2024-10-21T12:06:56.110459619Z,1100.0,0.0,-0.12359927037381911,0.0
AAPL,2024-10-21T12:06:56.110506828Z,-200.0,-200.0,0.03868696169552616,0.0
AAPL,2024-10-21T12:06:56.200078370Z,0.0,200.0,-0.20824245640549677,0.0
AAPL,2024-10-21T12:06:56.253414674Z,0.0,-200.0,0.20814846229906653,0.0
AAPL,2024-10-21T12:06:56.253426681Z,0.0,255.0,-0.5230670590054086,0.0
AAPL,2024-10-21T12:06:56.253770667Z,0.0,-200.0,-0.11013226548025125,0.0
AAPL,2024-10-21T12:06:56.253914719Z,0.0,-26.0,0.027018412662581502,0.0
AAPL,2024-10-21T12:06:56.254006802Z,0.0,-29.0,0.8653764934324873,0.0
AAPL,2024-10-21T12:06:56.262048229Z,0.0,-200.0,-0.11013226548025125,0.0
AAPL,2024-10-21T12:06:56.262061304Z,0.0,300.0,-0.644422747140992,0.0
AAPL,2024-10-21T12:06:56.280865568Z,0.0,74.0,0.25500324404579505,0.0
AAPL,2024-10-21T12:06:56.343913221Z,0.0,-145.0,-0.3660597101231146,0.0
AAPL,2024-10-21T12:06:57.181891624Z,0.0,26.0,-0.027112406769011728,0.0
AAPL,2024-10-21T12:06:59.253990761Z,0.0,200.0,0.11003827137382102,0.0
AAPL,2024-10-21T12:06:59.254521031Z,0.0,-26.0,0.027018412662581502,0.0
AAPL,2024-10-21T12:06:59.254578130Z,0.0,-26.0,0.862253561542203,0.0
AAPL,2024-10-21T12:06:59.308464431Z,0.0,-200.0,-0.11013226548025125,0.0
AAPL,2024-10-21T12:06:59.308477350Z,200.0,0.0,-0.14886622422899254,0.0
AAPL,2024-10-21T12:07:03.723636278Z,228.0,1.0,-0.05563139595556655,0.0
AAPL,2024-10-21T12:07:06.239446409Z,-200.0,-200.0,0.03868696169552616,0.0
AAPL,2024-10-21T12:07:06.347474732Z,200.0,200.0,-0.0387809558019564,0.0
AAPL,2024-10-21T12:07:21.424028257Z,-28.0,199.0,0.016803443100395065,0.0
AAPL,2024-10-21T12:07:21.424041784Z,0.0,-199.0,0.003937254597783597,0.0
AAPL,2024-10-21T12:07:21.478349682Z,-1200.0,-100.0,-0.17712500756162644,0.0
AAPL,2024-10-21T12:07:21.488058823Z,0.0,71.0,1.0985433144770445,0.0
AAPL,2024-10-21T12:07:21.488100749Z,0.0,-74.0,-1.1023102026113116,0.0
AAPL,2024-10-21T12:07:21.502492836Z,28.0,28.0,-0.005469751278038891,0.0
AAPL,2024-10-21T12:07:21.502548349Z,0.0,37.0,-0.2667383933145873,0.0
AAPL,2024-10-21T12:07:24.037331253Z,-200.0,-63.0,0.40115254148842006,0.0
AAPL,2024-10-21T12:07:24.051643239Z,0.0,25.0,-0.09980543223573521,0.0
AAPL,2024-10-21T12:07:24.051685450Z,0.0,-25.0,0.09971143812930505,0.0
AAPL,2024-10-21T12:07:31.492189570Z,200.0,63.0,-0.4012465355948501,0.0
AAPL,2024-10-21T12:07:31.505459563Z,0.0,-37.0,0.2666443992081573,0.0
AAPL,2024-10-21T12:07:31.506518669Z,0.0,34.0,-0.2636154614243031,0.0
AAPL,2024-10-21T12:07:32.030551990Z,1000.0,-100.0,0.22256079812205828,0.0
AAPL,2024-10-21T12:07:32.030564032Z,0.0,100.0,-0.9667509281073757,0.0
AAPL,2024-10-21T12:07:33.189588145Z,200.0,100.0,0.9279229752522041,0.0
AAPL,2024-10-21T12:07:34.413504555Z,-1200.0,-100.0,-0.1839208334797474,0.0
AAPL,2024-10-21T12:07:51.491296294Z,0.0,0.0,-4.699705321511205e-05,0.0
AAPL,2024-10-21T12:07:51.493462211Z,0.0,0.0,-4.699705321511205e-05,0.0
AAPL,2024-10-21T12:07:51.493723176Z,-100.0,-10.0,-0.5383839753948284,0.0
AAPL,2024-10-21T12:07:51.493724386Z,0.0,90.0,1.5120537799677602,0.0
AAPL,2024-10-21T12:07:51.493756947Z,0.0,137.0,0.357644371822989,0.0
AAPL,2024-10-21T12:07:51.494118408Z,0.0,-90.0,-1.51214777407419,0.0
AAPL,2024-10-21T12:07:51.502398180Z,100.0,10.0,0.5382899812883984,0.0
AAPL,2024-10-21T12:07:51.568012126Z,200.0,200.0,-0.0387809558019564,0.0
AAPL,2024-10-21T12:07:51.600943259Z,0.0,-137.0,-0.438991291420395,0.0
AAPL,2024-10-21T12:07:51.615820733Z,0.0,137.0,0.438897297313965,0.0
AAPL,2024-10-21T12:07:51.619802962Z,0.0,74.0,1.1022162085048814,0.0
AAPL,2024-10-21T12:07:51.619884656Z,0.0,-72.0,-1.161024039855843,0.0
AAPL,2024-10-21T12:07:51.619898253Z,0.0,28.0,-0.0981541532093296,0.0
AAPL,2024-10-21T12:07:51.619921024Z,-372.0,-82.0,-0.24968423006649956,0.0
AAPL,2024-10-21T12:07:51.619959682Z,0.0,-29.0,0.35612421976521386,0.0
AAPL,2024-10-21T12:07:51.628191317Z,0.0,-200.0,-0.11013226548025125,0.0
AAPL,2024-10-21T12:07:51.628201644Z,0.0,-90.0,0.4317206676597642,0.0
AAPL,2024-10-21T12:07:51.628212387Z,0.0,90.0,1.5492163297693324,0.0
AAPL,2024-10-21T12:07:51.686536494Z,0.0,-200.0,0.20814846229906653,0.0
AAPL,2024-10-21T12:07:51.794799198Z,0.0,0.0,-4.699705321511205e-05,0.0
AAPL,2024-10-21T12:07:51.814032926Z,0.0,0.0,-1.981077988588742,0.0
AAPL,2024-10-21T12:07:52.076548886Z,0.0,0.0,-4.699705321511205e-05,0.0
AAPL,2024-10-21T12:07:52.076590310Z,-23.0,-5.0,1.3346461651977914,0.0
AAPL,2024-10-21T12:07:52.083763088Z,23.0,5.0,-1.3347401593042212,0.0
AAPL,2024-10-21T12:07:52.139320651Z,0.0,82.0,-1.3387310662797864,0.0
AAPL,2024-10-21T12:07:52.139355221Z,172.0,72.0,2.8980705751650464,0.0
AAPL,2024-10-21T12:07:52.139430957Z,0.0,29.0,0.01591536686870513,0.0
AAPL,2024-10-21T12:07:52.330233710Z,0.0,0.0,-4.699705321511205e-05,0.0
AAPL,2024-10-21T12:07:52.330267041Z,-195.0,-95.0,-2.939860869543373,0.0
AAPL,2024-10-21T12:07:52.333762726Z,195.0,95.0,2.9397668754369417,0.0
AAPL,2024-10-21T12:07:53.654833970Z,0.0,0.0,-4.699705321511205e-05,0.0
AAPL,2024-10-21T12:07:53.654870612Z,-195.0,-95.0,-2.939860869543373,0.0
AAPL,2024-10-21T12:07:53.663763591Z,195.0,95.0,2.9397668754369417,0.0
AAPL,2024-10-21T12:07:54.619783229Z,200.0,200.0,-0.0387809558019564,0.0
AAPL,2024-10-21T12:07:54.619937567Z,0.0,200.0,-0.20824245640549677,0.0
AAPL,2024-10-21T12:07:54.619949131Z,0.0,-337.0,-1.0051292375861616,0.0
AAPL,2024-10-21T12:07:54.620382308Z,-371.0,-71.0,-2.795689717417444,0.0
AAPL,2024-10-21T12:07:54.620490674Z,0.0,-33.0,0.5520449800465275,0.0
AAPL,2024-10-21T12:07:54.620533693Z,0.0,35.0,-0.5548722869135929,0.0
AAPL,2024-10-21T12:07:54.677762815Z,0.0,-200.0,-0.11013226548025125,0.0
AAPL,2024-10-21T12:07:54.677774981Z,171.0,0.0,-0.1272874362885048,0.0
AAPL,2024-10-21T12:07:54.740560308Z,0.0,71.0,3.0716553897220806,0.0
AAPL,2024-10-21T12:07:54.740591753Z,0.0,-29.0,-0.01600936097513535,0.0
AAPL,2024-10-21T12:07:54.740668620Z,0.0,-71.0,-3.02559867830051,0.0
AAPL,2024-10-21T12:07:57.005348310Z,0.0,0.0,-4.699705321511205e-05,0.0
AAPL,2024-10-21T12:07:57.005348926Z,0.0,0.0,-4.699705321511205e-05,0.0
AAPL,2024-10-21T12:07:57.005648252Z,-100.0,-10.0,4.105988637435358,0.0
AAPL,2024-10-21T12:07:57.006073356Z,100.0,10.0,-4.1060826315417875,0.0
AAPL,2024-10-21T12:07:57.069351091Z,0.0,200.0,0.24481260480257086,0.0
AAPL,2024-10-21T12:07:57.258842550Z,0.0,0.0,-4.699705321511205e-05,0.0
AAPL,2024-10-21T12:07:58.008823092Z,0.0,0.0,-4.699705321511205e-05,0.0
AAPL,2024-10-21T12:07:58.008889077Z,0.0,137.0,0.7653575504031389,0.0
AAPL,2024-10-21T12:07:58.036947209Z,0.0,-137.0,-0.7654515445095689,0.0
AAPL,2024-10-21T12:07:58.162656656Z,0.0,-200.0,-0.2449065989090011,0.0
AAPL,2024-10-21T12:08:07.337716526Z,0.0,0.0,-4.699705321511205e-05,0.0
AAPL,2024-10-21T12:08:07.341475627Z,0.0,-81.0,3.9924987535558714,0.0
AAPL,2024-10-21T12:08:07.343053018Z,0.0,81.0,-3.9925927476623015,0.0
AAPL,2024-10-21T12:08:11.980882050Z,0.0,0.0,-4.699705321511205e-05,0.0
AAPL,2024-10-21T12:08:22.863309742Z,-171.0,-100.0,3.0586222189242536,0.0
AAPL,2024-10-21T12:08:22.863323283Z,0.0,300.0,-2.821390505368358,0.0
AAPL,2024-10-21T12:08:22.881949837Z,371.0,71.0,2.7494450177830125,0.0
AAPL,2024-10-21T12:08:22.881992297Z,0.0,-70.0,-3.025048251958375,0.0
AAPL,2024-10-21T12:08:22.934444989Z,-200.0,-200.0,0.03868696169552616,0.0
AAPL,2024-10-21T12:08:25.917764011Z,0.0,0.0,-4.699705321511205e-05,0.0
AAPL,2024-10-21T12:08:36.931191504Z,0.0,200.0,0.24481260480257086,0.0
AAPL,2024-10-21T12:08:36.931201585Z,0.0,137.0,0.7653575504031389,0.0
AAPL,2024-10-21T12:08:36.931212780Z,0.0,-337.0,-1.010311146365355,0.0
AAPL,2024-10-21T12:08:36.985980884Z,0.0,0.0,-4.699705321511205e-05,0.0
AAPL,2024-10-21T12:08:37.008605354Z,0.0,-82.0,3.990356923574839,0.0
AAPL,2024-10-21T12:08:37.008657827Z,0.0,80.0,-3.99155177036554,0.0
AAPL,2024-10-21T12:08:37.017706043Z,0.0,-22.0,0.3153947659970985,0.0
AAPL,2024-10-21T12:08:37.017734583Z,0.0,23.0,-0.31685541648384635,0.0
AAPL,2024-10-21T12:08:37.054120455Z,0.0,200.0,0.24481260480257086,0.0
AAPL,2024-10-21T12:08:37.140123992Z,0.0,0.0,-4.699705321511205e-05,0.0
AAPL,2024-10-21T12:08:37.210561446Z,-172.0,-100.0,3.0593663150601325,0.0
AAPL,2024-10-21T12:08:37.210572545Z,172.0,100.0,-3.0594603091665626,0.0
AAPL,2024-10-21T12:08:37.269320274Z,0.0,0.0,-4.699705321511205e-05,0.0
AAPL,2024-10-21T12:08:37.922862859Z,0.0,-36.0,0.5561449491874806,0.0
AAPL,2024-10-21T12:08:37.922947266Z,0.0,34.0,-0.5535056305332751,0.0
AAPL,2024-10-21T12:08:38.864074729Z,-6.0,-95.0,0.464386205035908,0.0
AAPL,2024-10-21T12:08:38.864096354Z,-172.0,-100.0,3.0593663150601325,0.0
AAPL,2024-10-21T12:08:38.864439490Z,6.0,95.0,-0.46448019914233823,0.0
AAPL,2024-10-21T12:08:38.972450149Z,172.0,100.0,-3.0594603091665626,0.0
AAPL,2024-10-21T12:08:38.985809168Z,0.0,-63.0,0.970962055365824,0.0
AAPL,2024-10-21T12:08:39.004863316Z,0.0,200.0,-0.20824245640549677,0.0
AAPL,2024-10-21T12:08:39.004876187Z,0.0,-137.0,-0.7628605901199721,0.0
AAPL,2024-10-21T12:08:39.005322111Z,-171.0,-81.0,4.121330596430057,0.0
AAPL,2024-10-21T12:08:39.005350151Z,0.0,82.0,-3.993633724959063,0.0
AAPL,2024-10-21T12:08:39.007699591Z,0.0,137.0,0.7627665960135424,0.0
AAPL,2024-10-21T12:08:39.007712438Z,0.0,-337.0,-1.0077201919757581,0.0
AAPL,2024-10-21T12:08:39.069736562Z,200.0,100.0,2.8926478209402227,0.0
AAPL,2024-10-21T12:08:39.162773976Z,-29.0,-100.0,-3.019982254281943,0.0
AAPL,2024-10-21T12:08:41.638527966Z,0.0,0.0,-4.699705321511205e-05,0.0
AAPL,2024-10-21T12:08:41.645312053Z,0.0,-82.0,3.991948327213736,0.0
AAPL,2024-10-21T12:08:41.701297052Z,0.0,82.0,-3.992042321320166,0.0
AAPL,2024-10-21T12:08:41.701320255Z,0.0,71.0,3.02550468419408,0.0
AAPL,2024-10-21T12:08:41.701391064Z,0.0,-70.0,-3.025048251958375,0.0
AAPL,2024-10-21T12:08:44.045776235Z,0.0,0.0,-4.699705321511205e-05,0.0
AAPL,2024-10-21T12:08:44.045776717Z,50.0,31.0,1.1934762255505795,0.0
AAPL,2024-10-21T12:08:44.045799937Z,-100.0,-10.0,4.104397233796461,0.0
AAPL,2024-10-21T12:08:44.045814276Z,0.0,90.0,-4.317148196099011,0.0
AAPL,2024-10-21T12:08:44.045826034Z,-43.0,-43.0,0.008280804077764263,0.0
AAPL,2024-10-21T12:08:44.045839714Z,0.0,-43.0,-0.023715329765027885,0.0
AAPL,2024-10-21T12:08:44.046075488Z,43.0,-10.0,4.316258871336835,0.0
AAPL,2024-10-21T12:08:44.046577511Z,-43.0,10.0,-4.316352865443266,0.0
AAPL,2024-10-21T12:08:44.062697315Z,0.0,0.0,-4.699705321511205e-05,0.0
AAPL,2024-10-21T12:08:44.062714891Z,0.0,0.0,-4.699705321511205e-05,0.0
AAPL,2024-10-21T12:08:44.070991133Z,0.0,0.0,-4.699705321511205e-05,0.0
AAPL,2024-10-21T12:08:44.071001755Z,43.0,-10.0,4.316258871336835,0.0
AAPL,2024-10-21T12:08:44.071247115Z,-43.0,10.0,-4.316352865443266,0.0
AAPL,2024-10-21T12:08:44.078717275Z,0.0,0.0,-4.699705321511205e-05,0.0
AAPL,2024-10-21T12:08:44.078746374Z,43.0,-10.0,4.316258871336835,0.0
AAPL,2024-10-21T12:08:44.078758339Z,0.0,132.0,-1.2455642038324448,0.0
AAPL,2024-10-21T12:08:44.078760028Z,0.0,100.0,-0.10414472672935594,0.0
AAPL,2024-10-21T12:08:44.078772524Z,-43.0,-43.0,0.23585152443997648,0.0
AAPL,2024-10-21T12:08:44.078783923Z,0.0,-190.0,-2.381652893224531,0.0
AAPL,2024-10-21T12:08:44.115212449Z,0.0,-1971.0,-1.2439056854498958,0.0
AAPL,2024-10-21T12:08:44.115267046Z,0.0,-29.0,0.03014134455286573,0.0
AAPL,2024-10-21T12:08:44.149196088Z,0.0,-42.0,3.5036031152112592,0.0
AAPL,2024-10-21T12:08:44.179409160Z,0.0,53.0,-4.324680666574245,0.0
AAPL,2024-10-21T12:08:44.303766562Z,0.0,-47.0,4.340722534704394,0.0
AAPL,2024-10-21T12:08:44.333763421Z,143.0,53.0,-4.11281902903387,0.0
AAPL,2024-10-21T12:08:45.554994588Z,0.0,-100.0,0.06788092564970741,0.0
AAPL,2024-10-21T12:08:46.626940215Z,-199.0,-109.0,4.123570543377088,0.0
AAPL,2024-10-21T12:08:56.736391728Z,199.0,109.0,-4.123664537483518,0.0
AAPL,2024-10-21T12:09:01.138241817Z,-170.0,-100.0,3.0578781227883747,0.0
AAPL,2024-10-21T12:09:01.138255251Z,0.0,100.0,-2.9314757737953943,0.0
AAPL,2024-10-21T12:09:01.157397025Z,0.0,30.0,-0.03127631595605736,0.0
AAPL,2024-10-21T12:09:01.157426276Z,170.0,70.0,2.946200023919431,0.0
AAPL,2024-10-21T12:09:02.549437699Z,0.0,0.0,-4.699705321511205e-05,0.0
AAPL,2024-10-21T12:09:02.576510264Z,0.0,29.0,-0.030235338659295955,0.0
AAPL,2024-10-21T12:09:02.576563332Z,0.0,1971.0,1.127803425684875,0.0
AAPL,2024-10-21T12:09:04.138843955Z,0.0,-30.0,-0.016559787317270532,0.0
AAPL,2024-10-21T12:09:04.138894379Z,-170.0,-70.0,-2.898551908858964,0.0
AAPL,2024-10-21T12:09:04.194606283Z,170.0,0.0,-0.12654334015262592,0.0
AAPL,2024-10-21T12:09:06.506604143Z,0.0,70.0,3.0249542578519444,0.0
AAPL,2024-10-21T12:09:06.565023952Z,0.0,-70.0,-3.025048251958375,0.0
AAPL,2024-10-21T12:09:06.773392628Z,0.0,0.0,-4.699705321511205e-05,0.0
AAPL,2024-10-21T12:09:10.542530771Z,-190.0,-100.0,4.121827515233394,0.0
AAPL,2024-10-21T12:09:12.689157352Z,0.0,-1600.0,-0.9236892468591528,0.0
AAPL,2024-10-21T12:09:12.689170703Z,0.0,1800.0,1.0336805211797593,0.0
AAPL,2024-10-21T12:09:12.782576498Z,0.0,-200.0,-0.11013226548025125,0.0
AAPL,2024-10-21T12:09:13.223494596Z,0.0,0.0,-4.699705321511205e-05,0.0
AAPL,2024-10-21T12:09:13.230924474Z,0.0,80.0,-3.99155177036554,0.0
AAPL,2024-10-21T12:09:13.230979969Z,0.0,-83.0,3.9945807081493934,0.0
AAPL,2024-10-21T12:09:13.352263576Z,0.0,-1971.0,-1.127897419791305,0.0
AAPL,2024-10-21T12:09:13.352324097Z,0.0,1972.0,1.969444862235119,0.0
AAPL,2024-10-21T12:09:14.174258870Z,0.0,200.0,0.11003827137382102,0.0
AAPL,2024-10-21T12:09:14.174269739Z,0.0,-1800.0,-2.4668676791638298,0.0
AAPL,2024-10-21T12:09:14.199409178Z,0.0,1800.0,2.466773685057399,0.0
AAPL,2024-10-21T12:09:15.368368108Z,0.0,-90.0,-4.089898459445211,0.0
AAPL,2024-10-21T12:09:15.368381335Z,0.0,290.0,3.606296176457389,0.0
AAPL,2024-10-21T12:09:15.368882161Z,0.0,83.0,-3.4010811449473968,0.0
AAPL,2024-10-21T12:09:15.368983400Z,0.0,-82.0,3.993539730852632,0.0
AAPL,2024-10-21T12:09:15.972801291Z,0.0,0.0,-4.699705321511205e-05,0.0
AAPL,2024-10-21T12:09:16.178054946Z,0.0,0.0,-4.699705321511205e-05,0.0
AAPL,2024-10-21T12:09:17.673639410Z,0.0,0.0,-4.699705321511205e-05,0.0
AAPL,2024-10-21T12:09:18.369344833Z,0.0,16.0,-4.6806910238084125,0.0
AAPL,2024-10-21T12:09:18.369370009Z,0.0,-18.0,4.087494023348182,0.0
AAPL,2024-10-21T12:09:18.424025933Z,0.0,-200.0,0.485052695467073,0.0
AAPL,2024-10-21T12:09:26.336360989Z,0.0,-90.0,-4.091489863084107,0.0
AAPL,2024-10-21T12:09:26.336373029Z,0.0,90.0,4.091395868977677,0.0
AAPL,2024-10-21T12:09:26.336385729Z,0.0,-200.0,-0.11013226548025125,0.0
AAPL,2024-10-21T12:09:26.401883038Z,0.0,0.0,-4.699705321511205e-05,0.0
AAPL,2024-10-21T12:09:30.048768796Z,0.0,200.0,0.11003827137382102,0.0
AAPL,2024-10-21T12:09:30.048780765Z,0.0,0.0,-4.699705321511205e-05,0.0
AAPL,2024-10-21T12:09:30.065483395Z,0.0,-1972.0,-1.9695388563415495,0.0
AAPL,2024-10-21T12:09:30.066245031Z,0.0,-30.0,0.03118232184962714,0.0
AAPL,2024-10-21T12:09:32.077963808Z,1.0,1.0,-0.00024066684695881848,0.0
AAPL,2024-10-21T12:09:37.644355301Z,0.0,0.0,-4.699705321511205e-05,0.0
AAPL,2024-10-21T12:09:38.208139554Z,-9.0,-8.0,-4.37345421362951,0.0
AAPL,2024-10-21T12:09:42.372615871Z,0.0,198.0,2.781849738391229,0.0
AAPL,2024-10-21T12:09:42.372627823Z,0.0,-198.0,-2.781943732497659,0.0
AAPL,2024-10-21T12:09:43.901315169Z,0.0,-100.0,4.382285019335091,0.0
AAPL,2024-10-21T12:09:45.133407519Z,0.0,0.0,-4.699705321511205e-05,0.0
AAPL,2024-10-21T12:09:45.628579880Z,0.0,85.0,0.03751122815245286,0.0
AAPL,2024-10-21T12:09:48.089350946Z,0.0,-200.0,-0.11013226548025125,0.0
AAPL,2024-10-21T12:09:48.587030358Z,0.0,200.0,0.11003827137382102,0.0
AAPL,2024-10-21T12:09:48.587043020Z,0.0,0.0,-4.699705321511205e-05,0.0
AAPL,2024-10-21T12:09:49.792724444Z,0.0,-200.0,-0.11013226548025125,0.0
AAPL,2024-10-21T12:09:53.122453611Z,8.0,13.0,-4.507035961801691,0.0
AAPL,2024-10-21T12:09:53.247009420Z,0.0,15.0,4.101067665022121,0.0
AAPL,2024-10-21T12:09:53.247043259Z,0.0,-11.0,-4.096264467091436,0.0
AAPL,2024-10-21T12:09:53.299918437Z,0.0,0.0,-4.699705321511205e-05,0.0
AAPL,2024-10-21T12:09:54.363979828Z,0.0,200.0,0.11003827137382102,0.0
AAPL,2024-10-21T12:09:54.363990119Z,0.0,198.0,2.781849738391229,0.0
AAPL,2024-10-21T12:09:54.402345010Z,0.0,-198.0,-2.781943732497659,0.0
AAPL,2024-10-21T12:09:57.392602293Z,0.0,0.0,-4.699705321511205e-05,0.0
AAPL,2024-10-21T12:09:57.432954262Z,0.0,30.0,-0.03127631595605736,0.0
AAPL,2024-10-21T12:09:57.433015324Z,0.0,1973.0,1.1257214710913521,0.0
AAPL,2024-10-21T12:10:00.023818184Z,0.0,0.0,-4.699705321511205e-05,0.0
AAPL,2024-10-21T12:10:01.648302231Z,0.0,-90.0,4.481314075661855,0.0
AAPL,2024-10-21T12:10:01.648314395Z,0.0,90.0,-4.4814080697682845,0.0
AAPL,2024-10-21T12:10:01.702573654Z,0.0,0.0,-4.699705321511205e-05,0.0
AAPL,2024-10-21T12:10:01.719020950Z,0.0,-1800.0,-1.030591708008396,0.0
AAPL,2024-10-21T12:10:01.719033080Z,0.0,1800.0,1.030497713901966,0.0
AAPL,2024-10-21T12:10:01.724626959Z,0.0,-28.0,0.46122120530554234,0.0
AAPL,2024-10-21T12:10:01.726066241Z,0.0,200.0,-0.20824245640549677,0.0
AAPL,2024-10-21T12:10:01.751841665Z,0.0,28.0,-0.46131519941197285,0.0
AAPL,2024-10-21T12:10:01.781661443Z,0.0,-200.0,0.20814846229906653,0.0
AAPL,2024-10-21T12:10:01.781673802Z,0.0,200.0,-0.20824245640549677,0.0
AAPL,2024-10-21T12:10:01.842775879Z,0.0,-1973.0,-1.1258154651977823,0.0
AAPL,2024-10-21T12:10:02.294097461Z,0.0,1973.0,1.970669160244398,0.0
AAPL,2024-10-21T12:10:03.086137168Z,0.0,0.0,-4.699705321511205e-05,0.0
AAPL,2024-10-21T12:10:03.188596704Z,0.0,-290.0,4.689509535014136,0.0
AAPL,2024-10-21T12:10:03.188608784Z,0.0,290.0,-4.689603529120566,0.0
AAPL,2024-10-21T12:10:03.188621108Z,0.0,-200.0,-0.11013226548025125,0.0
AAPL,2024-10-21T12:10:03.197531287Z,0.0,11.0,4.096170472985006,0.0
AAPL,2024-10-21T12:10:03.247731199Z,0.0,200.0,0.11003827137382102,0.0
AAPL,2024-10-21T12:10:03.247744906Z,0.0,-200.0,-0.11013226548025125,0.0
AAPL,2024-10-21T12:10:03.255005064Z,0.0,-15.0,-4.101161659128552,0.0
AAPL,2024-10-21T12:10:03.257914828Z,0.0,-1973.0,-1.9707631543508284,0.0
AAPL,2024-10-21T12:10:03.459955473Z,0.0,398.0,2.9396771159851625,0.0
AAPL,2024-10-21T12:10:03.459967128Z,0.0,-398.0,-2.9397711100915926,0.0
AAPL,2024-10-21T12:10:03.514882942Z,0.0,0.0,-4.699705321511205e-05,0.0
AAPL,2024-10-21T12:10:12.927978411Z,0.0,84.0,4.309245127249532,0.0
AAPL,2024-10-21T12:10:12.928036467Z,0.0,-81.0,-4.305666227328124,0.0
AAPL,2024-10-21T12:10:12.928066550Z,0.0,1972.0,1.969444862235119,0.0
AAPL,2024-10-21T12:10:13.161741583Z,0.0,-290.0,4.691774810320177,0.0
AAPL,2024-10-21T12:10:13.161754596Z,0.0,90.0,-4.483673345074325,0.0
AAPL,2024-10-21T12:10:17.086432603Z,0.0,0.0,-4.699705321511205e-05,0.0
AAPL,2024-10-21T12:10:20.742267983Z,10.0,5.0,4.4956830482390835,0.0
AAPL,2024-10-21T12:10:22.088936277Z,0.0,0.0,-4.699705321511205e-05,0.0
AAPL,2024-10-21T12:10:23.455694731Z,0.0,200.0,0.24481260480257086,0.0
AAPL,2024-10-21T12:10:23.510549173Z,0.0,-200.0,-0.2449065989090011,0.0
AAPL,2024-10-21T12:10:23.510561501Z,0.0,200.0,0.24481260480257086,0.0
AAPL,2024-10-21T12:10:24.014526498Z,0.0,0.0,-4.699705321511205e-05,0.0
AAPL,2024-10-21T12:10:29.982925320Z,0.0,5.0,-4.950768801491019,0.0
AAPL,2024-10-21T12:10:32.696534026Z,0.0,81.0,4.305572233221694,0.0
AAPL,2024-10-21T12:10:32.696591804Z,0.0,-82.0,-4.306890525337403,0.0
AAPL,2024-10-21T12:10:36.255768918Z,0.0,-200.0,0.20814846229906653,0.0
AAPL,2024-10-21T12:10:36.667879809Z,0.0,-1600.0,-2.3567824107367934,0.0
AAPL,2024-10-21T12:10:36.667890580Z,0.0,1600.0,2.356688416630363,0.0
AAPL,2024-10-21T12:10:36.718839166Z,0.0,0.0,-4.699705321511205e-05,0.0
AAPL,2024-10-21T12:10:36.743886554Z,0.0,-1972.0,-1.9695388563415495,0.0
AAPL,2024-10-21T12:10:36.743997154Z,0.0,1971.0,2.0407672871345457,0.0
AAPL,2024-10-21T12:10:42.064737913Z,0.0,-90.0,4.485844626273935,0.0
AAPL,2024-10-21T12:10:42.064751203Z,0.0,90.0,-4.485938620380365,0.0
AAPL,2024-10-21T12:10:43.289649676Z,0.0,0.0,-4.699705321511205e-05,0.0
AAPL,2024-10-21T12:10:43.377793688Z,0.0,-1971.0,-2.040861281240976,0.0
AAPL,2024-10-21T12:10:43.377874040Z,0.0,-28.0,-0.03432734131302516,0.0
AAPL,2024-10-21T12:10:45.117298924Z,0.0,0.0,-4.699705321511205e-05,0.0
AAPL,2024-10-21T12:10:50.849951366Z,0.0,0.0,-4.699705321511205e-05,0.0
AAPL,2024-10-21T12:10:52.970596564Z,0.0,48.0,3.415017659847632,0.0
AAPL,2024-10-21T12:10:53.810283344Z,-9.0,90.0,4.591618233081178,0.0
AAPL,2024-10-21T12:10:53.881437911Z,0.0,-190.0,-4.420923200254009,0.0
AAPL,2024-10-21T12:10:53.881449961Z,0.0,190.0,4.420829206147579,0.0
AAPL,2024-10-21T12:10:54.127647992Z,0.0,-190.0,-4.420923200254009,0.0
AAPL,2024-10-21T12:10:54.127659727Z,0.0,390.0,3.9389123209050836,0.0
AAPL,2024-10-21T12:10:54.146847471Z,0.0,-18.0,-3.7342477157372267,0.0
AAPL,2024-10-21T12:10:54.146889193Z,0.0,17.0,4.32719685259709,0.0
AAPL,2024-10-21T12:10:54.146930519Z,0.0,-27.0,0.028059389959342915,0.0
AAPL,2024-10-21T12:10:54.147042446Z,0.0,28.0,0.03423334720659491,0.0
AAPL,2024-10-21T12:10:54.198356340Z,0.0,200.0,0.11003827137382102,0.0
AAPL,2024-10-21T12:10:57.184732013Z,0.0,-200.0,-0.11013226548025125,0.0
AAPL,2024-10-21T12:10:57.589931819Z,0.0,0.0,-4.699705321511205e-05,0.0
AAPL,2024-10-21T12:10:57.806606311Z,0.0,-190.0,-4.422514603892906,0.0
AAPL,2024-10-21T12:10:57.806619389Z,0.0,390.0,4.532505878213512,0.0
AAPL,2024-10-21T12:10:59.771109174Z,0.0,-17.0,-4.327290846703519,0.0
AAPL,2024-10-21T12:10:59.771161194Z,0.0,20.0,4.324073920706806,0.0
AAPL,2024-10-21T12:11:00.807617417Z,0.0,-20.0,-4.324167914813235,0.0
AAPL,2024-10-21T12:11:00.807657573Z,0.0,16.0,3.7330528689465257,0.0
AAPL,2024-10-21T12:11:00.863155159Z,0.0,-200.0,0.485052695467073,0.0
AAPL,2024-10-21T12:11:02.807100841Z,0.0,0.0,-4.699705321511205e-05,0.0
AAPL,2024-10-21T12:11:08.220315875Z,0.0,-190.0,-4.424106007531802,0.0
AAPL,2024-10-21T12:11:08.291449117Z,0.0,390.0,3.9389123209050836,0.0
AAPL,2024-10-21T12:11:08.292006615Z,0.0,-83.0,-4.308114823346682,0.0
AAPL,2024-10-21T12:11:08.292044305Z,0.0,84.0,4.902164812890815,0.0
AAPL,2024-10-21T12:11:10.442610415Z,0.0,0.0,-4.699705321511205e-05,0.0
AAPL,2024-10-21T12:11:10.454786222Z,0.0,-17.0,-4.327290846703519,0.0
AAPL,2024-10-21T12:11:10.454836386Z,0.0,17.0,4.32719685259709,0.0
AAPL,2024-10-21T12:11:11.346234393Z,0.0,-200.0,-0.11013226548025125,0.0
AAPL,2024-10-21T12:11:18.869640062Z,0.0,-190.0,-4.422514603892906,0.0
AAPL,2024-10-21T12:11:18.869653217Z,0.0,390.0,4.532505878213512,0.0
AAPL,2024-10-21T12:11:21.873343400Z,0.0,-17.0,-4.327290846703519,0.0
AAPL,2024-10-21T12:11:21.873432987Z,0.0,16.0,3.7330528689465257,0.0
AAPL,2024-10-21T12:11:21.928253749Z,0.0,-200.0,0.485052695467073,0.0
AAPL,2024-10-21T12:11:22.072355634Z,0.0,-190.0,-4.424106007531802,0.0
AAPL,2024-10-21T12:11:22.072368471Z,0.0,390.0,3.9389123209050836,0.0
AAPL,2024-10-21T12:11:22.072864187Z,0.0,-16.0,-3.7331468630529563,0.0
AAPL,2024-10-21T12:11:22.937969054Z,0.0,0.0,-4.699705321511205e-05,0.0
AAPL,2024-10-21T12:11:23.000862969Z,0.0,20.0,4.324073920706806,0.0
AAPL,2024-10-21T12:11:25.072916074Z,0.0,-13.0,-4.034960938690931,0.0
AAPL,2024-10-21T12:11:25.072929618Z,0.0,-187.0,3.924781676157465,0.0
AAPL,2024-10-21T12:11:25.073291984Z,0.0,-20.0,-4.324167914813235,0.0
AAPL,2024-10-21T12:11:25.073388717Z,0.0,16.0,3.7330528689465257,0.0
AAPL,2024-10-21T12:11:25.073972612Z,0.0,27.0,-0.028153384065773134,0.0
AAPL,2024-10-21T12:11:25.074100004Z,0.0,-28.0,-3.442444781560416,0.0
AAPL,2024-10-21T12:11:25.129294511Z,0.0,-200.0,0.485052695467073,0.0
AAPL,2024-10-21T12:11:27.120005157Z,0.0,-190.0,-4.424106007531802,0.0
AAPL,2024-10-21T12:11:27.120018111Z,0.0,390.0,3.9389123209050836,0.0
AAPL,2024-10-21T12:11:27.120506757Z,0.0,-16.0,-3.7331468630529563,0.0
AAPL,2024-10-21T12:11:27.120548454Z,0.0,19.0,4.325114898003568,0.0
AAPL,2024-10-21T12:11:27.120650159Z,0.0,-27.0,0.028059389959342915,0.0
AAPL,2024-10-21T12:11:27.120720548Z,0.0,28.0,3.442350787453986,0.0
AAPL,2024-10-21T12:11:27.177529449Z,0.0,200.0,0.11003827137382102,0.0
AAPL,2024-10-21T12:11:30.179103980Z,0.0,-200.0,-0.11013226548025125,0.0
AAPL,2024-10-21T12:11:34.156391256Z,0.0,-190.0,-4.419331796615112,0.0
AAPL,2024-10-21T12:11:34.156403417Z,0.0,390.0,4.529323070935719,0.0
AAPL,2024-10-21T12:11:36.738675617Z,-1.0,-1.0,0.00014667274052859437,0.0
AAPL,2024-10-21T12:11:37.210931791Z,0.0,-200.0,-0.11013226548025125,0.0
AAPL,2024-10-21T12:11:40.138482175Z,0.0,-190.0,-4.419331796615112,0.0
AAPL,2024-10-21T12:11:40.138496802Z,0.0,390.0,4.529323070935719,0.0
AAPL,2024-10-21T12:11:43.193475620Z,0.0,-200.0,-0.11013226548025125,0.0
AAPL,2024-10-21T12:11:45.774723015Z,0.0,0.0,-4.699705321511205e-05,0.0
AAPL,2024-10-21T12:11:45.843943302Z,0.0,-190.0,-4.419331796615112,0.0
AAPL,2024-10-21T12:11:45.843955896Z,0.0,390.0,4.529323070935719,0.0
AAPL,2024-10-21T12:11:48.580722768Z,0.0,0.0,-4.699705321511205e-05,0.0
AAPL,2024-10-21T12:11:48.598471411Z,0.0,-19.0,-4.3252088921099965,0.0
AAPL,2024-10-21T12:11:48.598514970Z,0.0,18.0,4.326155875300328,0.0
AAPL,2024-10-21T12:11:48.899046660Z,0.0,-200.0,-0.11013226548025125,0.0
AAPL,2024-10-21T12:11:50.834920978Z,0.0,-190.0,-4.420923200254009,0.0
AAPL,2024-10-21T12:11:50.924089402Z,0.0,190.0,4.420829206147579,0.0
AAPL,2024-10-21T12:11:53.326572732Z,0.0,-190.0,-4.420923200254009,0.0
AAPL,2024-10-21T12:11:53.326585955Z,0.0,390.0,4.530914474574615,0.0
AAPL,2024-10-21T12:11:56.382477901Z,0.0,-200.0,-0.11013226548025125,0.0
AAPL,2024-10-21T12:12:02.086529609Z,134.0,-18.0,-4.240562755530731,0.0
AAPL,2024-10-21T12:12:02.213802116Z,0.0,-190.0,-4.420923200254009,0.0
AAPL,2024-10-21T12:12:02.316648939Z,0.0,190.0,4.420829206147579,0.0
AAPL,2024-10-21T12:12:08.967185824Z,-134.0,18.0,4.240468761424301,0.0
AAPL,2024-10-21T12:12:08.996704242Z,0.0,0.0,-4.699705321511205e-05,0.0
AAPL,2024-10-21T12:12:08.996733815Z,0.0,-190.0,-4.420923200254009,0.0
AAPL,2024-10-21T12:12:09.099739392Z,0.0,190.0,4.420829206147579,0.0
AAPL,2024-10-21T12:12:10.232691130Z,0.0,0.0,-4.699705321511205e-05,0.0
AAPL,2024-10-21T12:12:22.882127538Z,0.0,-190.0,-4.420923200254009,0.0
AAPL,2024-10-21T12:12:22.882140909Z,0.0,390.0,4.530914474574615,0.0
AAPL,2024-10-21T12:12:25.936845190Z,0.0,-200.0,-0.11013226548025125,0.0
AAPL,2024-10-21T12:12:28.133772380Z,0.0,0.0,-4.699705321511205e-05,0.0
AAPL,2024-10-21T12:12:28.677449361Z,0.0,-190.0,-4.420923200254009,0.0
AAPL,2024-10-21T12:12:28.677461375Z,0.0,390.0,4.530914474574615,0.0
AAPL,2024-10-21T12:12:31.318823338Z,0.0,-13.0,-4.034960938690931,0.0
AAPL,2024-10-21T12:12:31.397839079Z,0.0,0.0,-4.699705321511205e-05,0.0
AAPL,2024-10-21T12:12:31.425804077Z,0.0,13.0,4.034866944584501,0.0
AAPL,2024-10-21T12:12:31.453857757Z,0.0,0.0,-4.699705321511205e-05,0.0
AAPL,2024-10-21T12:12:31.678952187Z,0.0,-18.0,-4.326249869406758,0.0
AAPL,2024-10-21T12:12:31.679008317Z,0.0,20.0,3.7352545743150665,0.0
AAPL,2024-10-21T12:12:31.733377635Z,0.0,-200.0,0.4786870809114867,0.0
AAPL,2024-10-21T12:12:41.238712131Z,0.0,0.0,-4.699705321511205e-05,0.0
AAPL,2024-10-21T12:12:43.651347870Z,0.0,-190.0,-4.417740392976216,0.0
AAPL,2024-10-21T12:12:43.731132036Z,0.0,390.0,3.9389123209050836,0.0
AAPL,2024-10-21T12:12:43.731655758Z,0.0,-20.0,-3.735348568421497,0.0
AAPL,2024-10-21T12:12:43.731785539Z,0.0,19.0,4.325114898003568,0.0
AAPL,2024-10-21T12:12:46.780372537Z,0.0,-200.0,-0.11013226548025125,0.0
AAPL,2024-10-21T12:12:47.484476304Z,0.0,-190.0,-4.419331796615112,0.0
AAPL,2024-10-21T12:12:47.484693420Z,54.0,-98.0,-4.225069172031234,0.0
AAPL,2024-10-21T12:12:47.485023375Z,-54.0,98.0,4.224975177924804,0.0
AAPL,2024-10-21T12:12:47.604468075Z,0.0,390.0,4.529323070935719,0.0
AAPL,2024-10-21T12:12:47.736191420Z,0.0,-200.0,-0.11013226548025125,0.0
AAPL,2024-10-21T12:12:48.104146428Z,0.0,0.0,-4.699705321511205e-05,0.0
AAPL,2024-10-21T12:12:48.104167967Z,54.0,-98.0,-3.9067884442519167,0.0
AAPL,2024-10-21T12:12:48.104178898Z,-371.0,-290.0,3.5940825515012613,0.0
AAPL,2024-10-21T12:12:48.104181225Z,-100.0,-100.0,0.01931998232115553,0.0
AAPL,2024-10-21T12:12:48.104185923Z,100.0,100.0,-0.019413976427585754,0.0
AAPL,2024-10-21T12:12:48.104190565Z,86.0,1986.0,2.5163996655130867,0.0
AAPL,2024-10-21T12:12:48.104196514Z,-16.0,-16.0,0.003051719646684191,0.0
AAPL,2024-10-21T12:12:48.104209602Z,0.0,-16.0,-0.008853818527378002,0.0
AAPL,2024-10-21T12:12:48.104217612Z,0.0,100.0,0.054995637160302945,0.0
AAPL,2024-10-21T12:12:48.176175311Z,0.0,-83.0,-3.5234259048130476,0.0
AAPL,2024-10-21T12:12:48.176204532Z,-2.0,81.0,3.5237192502941044,0.0
AAPL,2024-10-21T12:12:48.176852661Z,1173.0,73.0,-2.4387253681828875,0.0
AAPL,2024-10-21T12:12:48.179929431Z,0.0,-28.0,-1.8441074859271687,0.0
AAPL,2024-10-21T12:12:48.179967058Z,0.0,27.0,0.0411108799412986,0.0
AAPL,2024-10-21T12:12:48.204254179Z,14.0,14.0,-0.0027583741656270005,0.0
AAPL,2024-10-21T12:12:48.204281167Z,0.0,15.0,2.4002920337887823,0.0
AAPL,2024-10-21T12:12:48.213961498Z,0.0,300.0,1.7711156323069455,0.0
AAPL,2024-10-21T12:12:48.232970230Z,0.0,200.0,-0.20824245640549677,0.0
AAPL,2024-10-21T12:12:48.232983049Z,0.0,0.0,-4.699705321511205e-05,0.0
AAPL,2024-10-21T12:12:48.247336117Z,0.0,-300.0,-1.7712096264133756,0.0
AAPL,2024-10-21T12:12:48.247348435Z,0.0,300.0,1.1361455803872063,0.0
AAPL,2024-10-21T12:12:48.306851049Z,-800.0,0.0,1.2301999635696337,0.0
AAPL,2024-10-21T12:12:48.347879918Z,0.0,-1800.0,-3.321772565079058,0.0
AAPL,2024-10-21T12:12:48.347893041Z,0.0,1600.0,3.5298740303249088,0.0
AAPL,2024-10-21T12:12:48.363762750Z,-138.0,-1984.0,-3.6386464730599624,0.0
AAPL,2024-10-21T12:12:49.107274312Z,800.0,-300.0,-2.3664865351164854,0.0
AAPL,2024-10-21T12:12:49.117556478Z,-1000.0,100.0,2.405126499758796,0.0
AAPL,2024-10-21T12:12:49.170094147Z,0.0,-82.0,-1.5965879804210208,0.0
AAPL,2024-10-21T12:12:49.179568062Z,200.0,200.0,-0.0387809558019564,0.0
AAPL,2024-10-21T12:12:50.108656247Z,-200.0,-200.0,0.03868696169552616,0.0
AAPL,2024-10-21T12:12:50.108666090Z,1000.0,-90.0,0.7147566213382446,0.0
AAPL,2024-10-21T12:12:50.212175433Z,-800.0,290.0,-0.7535845741934161,0.0
AAPL,2024-10-21T12:12:50.565304171Z,0.0,82.0,1.5964939863145906,0.0
AAPL,2024-10-21T12:12:50.565427767Z,0.0,-84.0,-3.523976331155183,0.0
AAPL,2024-10-21T12:12:50.565500981Z,0.0,27.0,4.356681305283974,0.0
AAPL,2024-10-21T12:12:50.565554902Z,0.0,-30.0,0.03118232184962714,0.0
AAPL,2024-10-21T12:12:50.573844808Z,-200.0,-200.0,0.03868696169552616,0.0
AAPL,2024-10-21T12:12:50.619549454Z,-174.0,-90.0,3.557580881160157,0.0
AAPL,2024-10-21T12:12:50.619562205Z,0.0,200.0,0.11003827137382102,0.0
AAPL,2024-10-21T12:12:50.622623771Z,0.0,0.0,-4.699705321511205e-05,0.0
AAPL,2024-10-21T12:12:50.641554545Z,174.0,90.0,-3.5576748752665877,0.0
AAPL,2024-10-21T12:12:50.682363924Z,0.0,-13.0,-4.039735149607621,0.0
AAPL,2024-10-21T12:12:50.682376586Z,0.0,-187.0,3.9295558870741547,0.0
AAPL,2024-10-21T12:12:50.736513051Z,-174.0,-90.0,3.557580881160157,0.0
AAPL,2024-10-21T12:12:50.837707032Z,174.0,90.0,-3.5576748752665877,0.0
AAPL,2024-10-21T12:12:50.886487788Z,-174.0,-90.0,3.557580881160157,0.0
AAPL,2024-10-21T12:12:50.986777714Z,174.0,90.0,-3.5576748752665877,0.0
AAPL,2024-10-21T12:12:51.039337327Z,-174.0,-90.0,3.557580881160157,0.0
AAPL,2024-10-21T12:12:51.147897247Z,174.0,90.0,-3.5576748752665877,0.0
AAPL,2024-10-21T12:12:51.221379329Z,-174.0,-90.0,3.557580881160157,0.0
AAPL,2024-10-21T12:12:51.329937404Z,174.0,90.0,-3.5576748752665877,0.0
AAPL,2024-10-21T12:12:51.374411634Z,-174.0,-90.0,3.557580881160157,0.0
AAPL,2024-10-21T12:12:51.475039269Z,174.0,90.0,-3.5576748752665877,0.0
AAPL,2024-10-21T12:12:51.507076220Z,-174.0,-90.0,3.557580881160157,0.0
AAPL,2024-10-21T12:12:51.709226597Z,174.0,90.0,-3.5576748752665877,0.0
AAPL,2024-10-21T12:12:52.481246232Z,-174.0,-90.0,3.557580881160157,0.0
AAPL,2024-10-21T12:12:52.582845276Z,174.0,90.0,-3.5576748752665877,0.0
AAPL,2024-10-21T12:12:53.922861024Z,0.0,84.0,3.523882337048752,0.0
AAPL,2024-10-21T12:12:53.922963386Z,0.0,-83.0,-3.5234259048130476,0.0
AAPL,2024-10-21T12:12:59.628865467Z,0.0,0.0,-4.699705321511205e-05,0.0
AAPL,2024-10-21T12:12:59.643737494Z,0.0,16.0,4.326646426254955,0.0
AAPL,2024-10-21T12:12:59.691625988Z,0.0,-17.0,-4.327290846703519,0.0
AAPL,2024-10-21T12:12:59.691649558Z,0.0,84.0,3.523882337048752,0.0
AAPL,2024-10-21T12:12:59.691721965Z,0.0,-84.0,-3.523976331155183,0.0
AAPL,2024-10-21T12:13:11.883729412Z,0.0,187.0,-3.929649881180585,0.0
AAPL,2024-10-21T12:13:11.920609443Z,0.0,13.0,4.039641155501191,0.0
AAPL,2024-10-21T12:13:11.948637105Z,0.0,-200.0,-0.11013226548025125,0.0
AAPL,2024-10-21T12:13:21.542992246Z,0.0,200.0,0.11003827137382102,0.0
AAPL,2024-10-21T12:13:21.543002194Z,0.0,-13.0,-4.039735149607621,0.0
AAPL,2024-10-21T12:13:21.543013145Z,0.0,-187.0,3.9295558870741547,0.0
AAPL,2024-10-21T12:13:21.617135979Z,0.0,84.0,3.523882337048752,0.0
AAPL,2024-10-21T12:13:21.617220419Z,0.0,-84.0,-3.523976331155183,0.0
AAPL,2024-10-21T12:13:22.557831797Z,0.0,0.0,-4.699705321511205e-05,0.0
AAPL,2024-10-21T12:13:25.371930587Z,0.0,0.0,-4.699705321511205e-05,0.0
AAPL,2024-10-21T12:13:25.495542627Z,0.0,84.0,3.523882337048752,0.0
AAPL,2024-10-21T12:13:25.495588580Z,0.0,-83.0,-3.5234259048130476,0.0
AAPL,2024-10-21T12:13:29.150340169Z,0.0,-28.0,-3.5175824588587177,0.0
AAPL,2024-10-21T12:13:29.268636112Z,0.0,30.0,-0.03127631595605736,0.0
AAPL,2024-10-21T12:13:32.213682828Z,0.0,398.0,3.1323268649505667,0.0
AAPL,2024-10-21T12:13:32.213695191Z,0.0,-398.0,-3.132420859056997,0.0
AAPL,2024-10-21T12:13:32.278804796Z,0.0,0.0,-4.699705321511205e-05,0.0
AAPL,2024-10-21T12:13:32.362327800Z,0.0,28.0,3.5174884647522875,0.0
AAPL,2024-10-21T12:13:32.401872088Z,0.0,83.0,3.523331910706617,0.0
AAPL,2024-10-21T12:13:32.412631196Z,0.0,-25.0,-4.358857253983927,0.0
AAPL,2024-10-21T12:13:34.144724456Z,-100.0,-10.0,-3.408835168249291,0.0
AAPL,2024-10-21T12:13:34.145172866Z,100.0,10.0,3.4087411741428597,0.0
AAPL,2024-10-21T12:13:34.215278319Z,0.0,25.0,4.358763259877497,0.0
AAPL,2024-10-21T12:13:34.277424242Z,0.0,200.0,0.11003827137382102,0.0
AAPL,2024-10-21T12:13:35.061077358Z,0.0,0.0,-4.699705321511205e-05,0.0
AAPL,2024-10-21T12:13:35.075174042Z,1000.0,-100.0,-2.4052204938652264,0.0
AAPL,2024-10-21T12:13:35.075183720Z,-1000.0,100.0,2.405126499758796,0.0
AAPL,2024-10-21T12:13:35.077473825Z,0.0,-13.0,-3.9919930404407236,0.0
AAPL,2024-10-21T12:13:35.077485044Z,0.0,13.0,3.9918990463342934,0.0
AAPL,2024-10-21T12:13:35.086566953Z,1000.0,-100.0,-2.4052204938652264,0.0
AAPL,2024-10-21T12:13:35.086579076Z,-800.0,300.0,2.366392541010055,0.0
AAPL,2024-10-21T12:13:35.108095991Z,0.0,0.0,-4.699705321511205e-05,0.0
AAPL,2024-10-21T12:13:35.146372690Z,800.0,-300.0,-2.3664865351164854,0.0
AAPL,2024-10-21T12:13:35.146384339Z,200.0,200.0,-0.0387809558019564,0.0
AAPL,2024-10-21T12:13:35.167869345Z,-200.0,-200.0,0.03868696169552616,0.0
AAPL,2024-10-21T12:13:35.175791647Z,0.0,100.0,1.3443410397394882,0.0
AAPL,2024-10-21T12:13:35.333929432Z,0.0,0.0,-4.699705321511205e-05,0.0
AAPL,2024-10-21T12:13:35.352296693Z,200.0,100.0,-1.3831689925946595,0.0
AAPL,2024-10-21T12:13:35.424351548Z,-1200.0,-100.0,2.4438604585075376,0.0
AAPL,2024-10-21T12:13:38.131971887Z,0.0,0.0,-4.699705321511205e-05,0.0
AAPL,2024-10-21T12:13:42.509087486Z,0.0,-81.0,-3.5223250521287772,0.0
AAPL,2024-10-21T12:13:42.509120725Z,0.0,-29.0,0.03014134455286573,0.0
AAPL,2024-10-21T12:13:45.327353906Z,0.0,0.0,-4.699705321511205e-05,0.0
AAPL,2024-10-21T12:13:45.348280342Z,0.0,29.0,-0.030235338659295955,0.0
AAPL,2024-10-21T12:13:45.348322946Z,0.0,-24.0,-4.359898231280688,0.0
AAPL,2024-10-21T12:13:45.469056600Z,0.0,0.0,-4.699705321511205e-05,0.0
AAPL,2024-10-21T12:13:45.811467280Z,0.0,0.0,-4.699705321511205e-05,0.0
AAPL,2024-10-21T12:13:45.811476289Z,0.0,198.0,4.45557842070578,0.0
AAPL,2024-10-21T12:13:45.811491355Z,-100.0,90.0,4.438604781883054,0.0
AAPL,2024-10-21T12:13:45.811500957Z,0.0,-10.0,-4.538715979287843,0.0
AAPL,2024-10-21T12:13:45.811510984Z,0.0,0.0,-4.699705321511205e-05,0.0
AAPL,2024-10-21T12:13:45.811530148Z,0.0,10.0,4.538621985181413,0.0
AAPL,2024-10-21T12:13:45.811542984Z,0.0,-10.0,-4.538715979287843,0.0
AAPL,2024-10-21T12:13:45.811544514Z,24.0,24.0,-0.004695072103064066,0.0
AAPL,2024-10-21T12:13:45.811549682Z,0.0,85.0,4.40552319310689,0.0
AAPL,2024-10-21T12:13:45.811550754Z,28.0,28.0,-0.005469751278038891,0.0
AAPL,2024-10-21T12:13:45.811554820Z,100.0,100.0,-0.019413976427585754,0.0
AAPL,2024-10-21T12:13:45.811565809Z,100.0,28.0,-3.435918156326842,0.0
AAPL,2024-10-21T12:13:45.811576962Z,100.0,100.0,-0.019413976427585754,0.0
AAPL,2024-10-21T12:13:45.811587865Z,100.0,100.0,-0.019413976427585754,0.0
AAPL,2024-10-21T12:13:45.811599315Z,0.0,100.0,0.054995637160302945,0.0
AAPL,2024-10-21T12:13:45.811625820Z,-100.0,-100.0,0.01931998232115553,0.0
AAPL,2024-10-21T12:13:45.811631245Z,0.0,0.0,-4.699705321511205e-05,0.0
AAPL,2024-10-21T12:13:45.811639570Z,0.0,-100.0,-0.05508963126673319,0.0
AAPL,2024-10-21T12:13:45.811642361Z,-100.0,-100.0,0.01931998232115553,0.0
AAPL,2024-10-21T12:13:45.811656818Z,-100.0,-100.0,0.01931998232115553,0.0
AAPL,2024-10-21T12:13:45.811672313Z,-100.0,-100.0,0.01931998232115553,0.0
AAPL,2024-10-21T12:13:45.811687403Z,-100.0,-100.0,0.01931998232115553,0.0
AAPL,2024-10-21T12:13:45.811702067Z,0.0,0.0,3.3768264862123085,0.0
AAPL,2024-10-21T12:13:45.812035805Z,0.0,0.0,-3.491501542319293,0.0
AAPL,2024-10-21T12:13:45.812481448Z,0.0,0.0,3.491407548212863,0.0
AAPL,2024-10-21T12:13:45.813014463Z,0.0,0.0,-4.699705321511205e-05,0.0
AAPL,2024-10-21T12:13:45.813822327Z,0.0,-85.0,-4.405617187213321,0.0
AAPL,2024-10-21T12:13:45.885550872Z,-374.0,24.0,4.078609227357494,0.0
AAPL,2024-10-21T12:13:45.885603142Z,0.0,-25.0,-3.759585198376045,0.0
AAPL,2024-10-21T12:13:45.911619430Z,-24.0,-24.0,0.004601077996633842,0.0
AAPL,2024-10-21T12:13:45.911645974Z,0.0,82.0,4.578252681815146,0.0
AAPL,2024-10-21T12:13:45.935267342Z,0.0,0.0,-4.699705321511205e-05,0.0
AAPL,2024-10-21T12:13:45.969596688Z,200.0,13.0,3.149212609281728,0.0
AAPL,2024-10-21T12:13:45.972210032Z,-200.0,-13.0,-3.1493066033881583,0.0
AAPL,2024-10-21T12:13:45.973580511Z,0.0,13.0,3.222828532652948,0.0
AAPL,2024-10-21T12:13:46.001375930Z,0.0,-200.0,-0.2449065989090011,0.0
AAPL,2024-10-21T12:13:46.030378750Z,0.0,200.0,0.24481260480257086,0.0
AAPL,2024-10-21T12:13:46.030391116Z,0.0,-200.0,-0.03492896167569392,0.0
AAPL,2024-10-21T12:13:46.063235483Z,172.0,-18.0,-4.45264300113903,0.0
AAPL,2024-10-21T12:13:46.072722298Z,0.0,187.0,-3.1880405621368997,0.0
AAPL,2024-10-21T12:13:46.072745549Z,-200.0,-200.0,0.03868696169552616,0.0
AAPL,2024-10-21T12:13:46.073052339Z,0.0,81.0,3.5222310580223466,0.0
AAPL,2024-10-21T12:13:46.073137112Z,-173.0,-83.0,-3.3946972733060004,0.0
AAPL,2024-10-21T12:13:46.123324204Z,173.0,0.0,-0.1287756285602626,0.0
AAPL,2024-10-21T12:13:46.134353286Z,-173.0,-90.0,3.556836785024278,0.0
AAPL,2024-10-21T12:13:46.134366429Z,0.0,90.0,-3.4282021476236615,0.0
AAPL,2024-10-21T12:13:46.134809159Z,173.0,83.0,3.3946032791995693,0.0
AAPL,2024-10-21T12:13:47.415362307Z,0.0,-83.0,-3.5234259048130476,0.0
AAPL,2024-10-21T12:13:48.136368928Z,200.0,200.0,-0.0387809558019564,0.0
AAPL,2024-10-21T12:13:48.136382005Z,0.0,13.0,3.2980318364575054,0.0
AAPL,2024-10-21T12:13:54.483288659Z,0.0,-200.0,-0.11013226548025125,0.0
AAPL,2024-10-21T12:13:54.519759447Z,0.0,200.0,0.11003827137382102,0.0
AAPL,2024-10-21T12:13:54.519772638Z,0.0,0.0,-4.699705321511205e-05,0.0
AAPL,2024-10-21T12:13:55.034111535Z,0.0,-186.0,-3.4347260823646333,0.0
AAPL,2024-10-21T12:13:55.034202690Z,0.0,-28.0,0.029100367256104317,0.0
AAPL,2024-10-21T12:13:56.094538941Z,-173.0,-90.0,3.556836785024278,0.0
AAPL,2024-10-21T12:13:56.094551306Z,200.0,200.0,-0.0387809558019564,0.0
AAPL,2024-10-21T12:13:56.154206963Z,0.0,-200.0,-0.11013226548025125,0.0
AAPL,2024-10-21T12:13:56.211718188Z,0.0,200.0,0.11003827137382102,0.0
AAPL,2024-10-21T12:13:56.211731379Z,0.0,0.0,-4.699705321511205e-05,0.0
AAPL,2024-10-21T12:14:01.070964390Z,0.0,28.0,-0.029194361362534543,0.0
AAPL,2024-10-21T12:14:01.071015450Z,0.0,186.0,3.493529246215252,0.0
AAPL,2024-10-21T12:14:01.088137086Z,-27.0,-27.0,0.005182087377864962,0.0
AAPL,2024-10-21T12:14:06.103454338Z,-195.0,-105.0,-3.3904365378436387,0.0
AAPL,2024-10-21T12:14:07.746740079Z,0.0,-90.0,3.4281081535172304,0.0
AAPL,2024-10-21T12:14:07.746754069Z,0.0,90.0,-3.4282021476236615,0.0
AAPL,2024-10-21T12:14:10.801342166Z,0.0,0.0,-4.699705321511205e-05,0.0
AAPL,2024-10-21T12:14:17.947438449Z,0.0,0.0,-4.699705321511205e-05,0.0
AAPL,2024-10-21T12:14:17.957382887Z,0.0,-90.0,3.4281081535172304,0.0
AAPL,2024-10-21T12:14:17.957395933Z,0.0,90.0,-3.4282021476236615,0.0
AAPL,2024-10-21T12:14:17.957453277Z,0.0,-13.0,-3.398399483132296,0.0
AAPL,2024-10-21T12:14:17.957465815Z,0.0,13.0,3.3983054890258657,0.0
AAPL,2024-10-21T12:14:18.056884935Z,0.0,0.0,-4.699705321511205e-05,0.0
AAPL,2024-10-21T12:14:21.022254267Z,0.0,0.0,-4.699705321511205e-05,0.0
AAPL,2024-10-21T12:14:21.336689135Z,0.0,-13.0,-3.398399483132296,0.0
AAPL,2024-10-21T12:14:21.336700928Z,0.0,-200.0,0.20814846229906653,0.0
AAPL,2024-10-21T12:14:21.392627701Z,0.0,0.0,-4.699705321511205e-05,0.0
AAPL,2024-10-21T12:14:21.426981432Z,0.0,25.0,3.482586971101608,0.0
AAPL,2024-10-21T12:14:21.740586460Z,0.0,19.0,4.325114898003568,0.0
AAPL,2024-10-21T12:14:21.740617322Z,0.0,-26.0,-3.7585442210792834,0.0
AAPL,2024-10-21T12:14:28.747219089Z,0.0,0.0,-4.699705321511205e-05,0.0
AAPL,2024-10-21T12:14:37.348164372Z,0.0,-190.0,-4.419331796615112,0.0
AAPL,2024-10-21T12:14:37.348177626Z,0.0,190.0,4.419237802508683,0.0
AAPL,2024-10-21T12:14:37.485431160Z,0.0,0.0,-4.699705321511205e-05,0.0
AAPL,2024-10-21T12:14:41.549166803Z,0.0,-19.0,-4.3252088921099965,0.0
AAPL,2024-10-21T12:14:41.549212050Z,0.0,18.0,4.052434449410114,0.0
AAPL,2024-10-21T12:14:41.599590898Z,0.0,0.0,0.2736744288369982,0.0
AAPL,2024-10-21T12:14:43.205958056Z,0.0,213.0,3.405851829578501,0.0
AAPL,2024-10-21T12:14:49.824694031Z,0.0,-200.0,-0.11013226548025125,0.0
AAPL,2024-10-21T12:14:52.413893215Z,0.0,-190.0,-4.420923200254009,0.0
AAPL,2024-10-21T12:14:52.413904869Z,0.0,190.0,4.420829206147579,0.0
AAPL,2024-10-21T12:14:52.473339217Z,0.0,200.0,0.11003827137382102,0.0
AAPL,2024-10-21T12:14:52.473352225Z,0.0,0.0,-4.699705321511205e-05,0.0
AAPL,2024-10-21T12:14:52.474399706Z,0.0,-185.0,-3.4335017843553546,0.0
AAPL,2024-10-21T12:14:52.474453011Z,0.0,-29.0,0.03014134455286573,0.0
AAPL,2024-10-21T12:14:53.024665699Z,0.0,-200.0,-0.11013226548025125,0.0
AAPL,2024-10-21T12:14:59.069065580Z,0.0,0.0,-4.699705321511205e-05,0.0
AAPL,2024-10-21T12:15:05.174000161Z,0.0,200.0,0.11003827137382102,0.0
AAPL,2024-10-21T12:15:05.174010189Z,0.0,198.0,3.849940750542311,0.0
AAPL,2024-10-21T12:15:05.174024191Z,0.0,-198.0,-3.8500347446487413,0.0
AAPL,2024-10-21T12:15:08.174665588Z,0.0,-200.0,-0.11013226548025125,0.0
AAPL,2024-10-21T12:15:12.192615974Z,300.0,113.0,3.7580198559089752,0.0
AAPL,2024-10-21T12:15:12.193015032Z,-300.0,-113.0,-3.7581138500154054,0.0
AAPL,2024-10-21T12:15:12.197769369Z,252.0,65.0,3.7673160060086732,0.0
AAPL,2024-10-21T12:15:12.197802997Z,0.0,-190.0,-4.420923200254009,0.0
AAPL,2024-10-21T12:15:12.201874823Z,-252.0,-65.0,-3.7674100001151034,0.0
AAPL,2024-10-21T12:15:12.264450843Z,0.0,18.0,4.326155875300328,0.0
AAPL,2024-10-21T12:15:12.264477828Z,0.0,-18.0,-4.326249869406758,0.0
AAPL,2024-10-21T12:15:12.268335051Z,0.0,190.0,1.3662325506873008,0.0
AAPL,2024-10-21T12:15:12.268635983Z,0.0,-18.0,0.7705402108521366,0.0
AAPL,2024-10-21T12:15:12.270227323Z,0.0,29.0,-0.030235338659295955,0.0
AAPL,2024-10-21T12:15:12.270326143Z,373.0,186.0,3.809574944840855,0.0
AAPL,2024-10-21T12:15:12.270365637Z,0.0,-24.0,-4.359898231280688,0.0
AAPL,2024-10-21T12:15:12.318866641Z,0.0,0.0,-4.699705321511205e-05,0.0
AAPL,2024-10-21T12:15:12.318878820Z,0.0,200.0,0.24481260480257086,0.0
AAPL,2024-10-21T12:15:12.318890689Z,0.0,-202.0,4.142010045034269,0.0
AAPL,2024-10-21T12:15:12.327814809Z,-173.0,202.0,-3.300936776603315,0.0
AAPL,2024-10-21T12:15:12.391011950Z,0.0,25.0,2.917956738109983,0.0
AAPL,2024-10-21T12:15:12.404688523Z,0.0,0.0,-4.699705321511205e-05,0.0
AAPL,2024-10-21T12:15:12.446815675Z,0.0,0.0,-0.4508367829552424,0.0
AAPL,2024-10-21T12:15:12.518757844Z,0.0,200.0,-0.20824245640549677,0.0
AAPL,2024-10-21T12:15:12.518889885Z,-200.0,-13.0,-3.2479888523176217,0.0
AAPL,2024-10-21T12:15:12.518901713Z,0.0,-187.0,3.286628816959933,0.0
AAPL,2024-10-21T12:15:12.521642022Z,200.0,200.0,-0.0387809558019564,0.0
AAPL,2024-10-21T12:15:12.529592990Z,0.0,-200.0,0.20814846229906653,0.0
AAPL,2024-10-21T12:15:12.529605412Z,0.0,310.0,2.056875051474714,0.0
AAPL,2024-10-21T12:15:12.575103526Z,0.0,-110.0,-3.5382874160506974,0.0
AAPL,2024-10-21T12:15:12.619373396Z,-200.0,-13.0,-3.2479888523176217,0.0
AAPL,2024-10-21T12:15:12.619385902Z,0.0,-200.0,-0.11013226548025125,0.0
AAPL,2024-10-21T12:15:12.655937741Z,0.0,26.0,0.014264087842299586,0.0
AAPL,2024-10-21T12:15:12.669684284Z,0.0,-200.0,-0.11013226548025125,0.0
AAPL,2024-10-21T12:15:13.051576352Z,0.0,183.0,3.430959194230366,0.0
AAPL,2024-10-21T12:15:13.051605161Z,0.0,17.0,4.32719685259709,0.0
AAPL,2024-10-21T12:15:13.945967888Z,0.0,-200.0,-0.11013226548025125,0.0
AAPL,2024-10-21T12:15:13.946489728Z,0.0,-183.0,-3.4310531883367963,0.0
AAPL,2024-10-21T12:15:13.946532120Z,0.0,-27.0,0.028059389959342915,0.0
AAPL,2024-10-21T12:15:14.001009338Z,0.0,200.0,0.11003827137382102,0.0
AAPL,2024-10-21T12:15:14.001022189Z,0.0,-200.0,-0.11013226548025125,0.0
AAPL,2024-10-21T12:15:14.207183672Z,0.0,100.0,0.054995637160302945,0.0
AAPL,2024-10-21T12:15:14.207479344Z,0.0,-100.0,-0.05508963126673319,0.0
AAPL,2024-10-21T12:15:14.278377067Z,200.0,200.0,-0.0387809558019564,0.0
AAPL,2024-10-21T12:15:14.278559734Z,-200.0,198.0,4.001942784995881,0.0
AAPL,2024-10-21T12:15:14.278572418Z,0.0,-198.0,-3.8532175519265346,0.0
AAPL,2024-10-21T12:15:14.278970387Z,0.0,27.0,-0.028153384065773134,0.0
AAPL,2024-10-21T12:15:14.280591359Z,0.0,-200.0,-0.11013226548025125,0.0
AAPL,2024-10-21T12:15:15.248901194Z,0.0,200.0,0.11003827137382102,0.0
AAPL,2024-10-21T12:15:15.248912868Z,0.0,-200.0,-0.11013226548025125,0.0
AAPL,2024-10-21T12:15:17.923034484Z,0.0,186.0,3.434632088258203,0.0
AAPL,2024-10-21T12:15:24.014190176Z,0.0,-190.0,-4.422514603892906,0.0
AAPL,2024-10-21T12:15:24.014202142Z,0.0,390.0,4.532505878213512,0.0
AAPL,2024-10-21T12:15:24.014850794Z,0.0,-17.0,-4.327290846703519,0.0
AAPL,2024-10-21T12:15:24.014897264Z,0.0,19.0,4.325114898003568,0.0
AAPL,2024-10-21T12:15:24.015005588Z,0.0,-186.0,-3.4347260823646333,0.0
AAPL,2024-10-21T12:15:24.015059897Z,0.0,-30.0,0.03118232184962714,0.0
AAPL,2024-10-21T12:15:24.066509814Z,200.0,200.0,-0.0387809558019564,0.0
AAPL,2024-10-21T12:15:27.519238798Z,0.0,-390.0,-4.529417065042149,0.0
AAPL,2024-10-21T12:15:27.519251700Z,0.0,190.0,4.419237802508683,0.0
AAPL,2024-10-21T12:15:29.175215826Z,0.0,0.0,-4.699705321511205e-05,0.0
AAPL,2024-10-21T12:15:29.175239385Z,0.0,-98.0,-4.045996915742787,0.0
AAPL,2024-10-21T12:15:29.175244705Z,0.0,1962.0,2.7776145313280907,0.0
AAPL,2024-10-21T12:15:29.175252395Z,0.0,-100.0,0.1040507326229257,0.0
AAPL,2024-10-21T12:15:29.175261243Z,0.0,0.0,-4.699705321511205e-05,0.0
AAPL,2024-10-21T12:15:29.175265540Z,0.0,-38.0,-0.02096319805435198,0.0
AAPL,2024-10-21T12:15:29.175269965Z,0.0,0.0,-4.699705321511205e-05,0.0
AAPL,2024-10-21T12:15:29.175287761Z,0.0,100.0,0.054995637160302945,0.0
AAPL,2024-10-21T12:15:29.175293157Z,38.0,38.0,-0.007406449215475955,0.0
AAPL,2024-10-21T12:15:29.175298862Z,0.0,98.0,4.0459029216363565,0.0
AAPL,2024-10-21T12:15:29.175307953Z,0.0,-36.0,-4.011870482530406,0.0
AAPL,2024-10-21T12:15:29.175318339Z,0.0,198.0,4.100945555849875,0.0
AAPL,2024-10-21T12:15:29.175376083Z,-162.0,28.0,4.450612309095163,0.0
AAPL,2024-10-21T12:15:29.175388906Z,0.0,-72.0,-4.572842412500224,0.0
AAPL,2024-10-21T12:15:29.246390784Z,0.0,-90.0,4.4835793509678945,0.0
AAPL,2024-10-21T12:15:29.246423576Z,0.0,290.0,-3.8514516658856417,0.0
AAPL,2024-10-21T12:15:29.246816914Z,0.0,81.0,3.4651550946807292,0.0
AAPL,2024-10-21T12:15:29.246910849Z,0.0,-82.0,-4.306890525337403,0.0
AAPL,2024-10-21T12:15:29.283764753Z,0.0,-175.0,-4.0132038486854125,0.0
AAPL,2024-10-21T12:15:29.283775550Z,0.0,72.0,4.893294421479152,0.0
AAPL,2024-10-21T12:15:29.283823523Z,0.0,-187.0,3.813855518726047,0.0
AAPL,2024-10-21T12:15:29.425332139Z,-362.0,-175.0,-3.7438410474972557,0.0
AAPL,2024-10-21T12:15:29.425342648Z,362.0,-28.0,-4.601116934016267,0.0
AAPL,2024-10-21T12:15:29.496494580Z,-200.0,-200.0,0.03868696169552616,0.0
AAPL,2024-10-21T12:15:38.712816410Z,200.0,200.0,-0.0387809558019564,0.0
AAPL,2024-10-21T12:15:38.816614723Z,-200.0,-200.0,0.03868696169552616,0.0
AAPL,2024-10-21T12:15:39.207080252Z,378.0,191.0,3.740648336690926,0.0
AAPL,2024-10-21T12:15:39.207103673Z,-172.0,-90.0,3.5560926888883992,0.0
AAPL,2024-10-21T12:15:39.207167970Z,0.0,200.0,0.11003827137382102,0.0
AAPL,2024-10-21T12:15:39.207241805Z,0.0,-13.0,-3.9240347812595133,0.0
AAPL,2024-10-21T12:15:39.207535631Z,-378.0,20.0,4.031641797365571,0.0
AAPL,2024-10-21T12:15:39.274707573Z,1172.0,72.0,-2.438531698389144,0.0
AAPL,2024-10-21T12:15:39.274794258Z,0.0,-72.0,1.5663570330326584,0.0
AAPL,2024-10-21T12:15:39.314122970Z,-1000.0,90.0,-0.8189809469579719,0.0
AAPL,2024-10-21T12:15:39.314137186Z,0.0,-398.0,-3.958528609436881,0.0
AAPL,2024-10-21T12:15:40.360537773Z,0.0,398.0,3.9584346153304506,0.0
AAPL,2024-10-21T12:15:40.360548894Z,0.0,-398.0,-3.958528609436881,0.0
AAPL,2024-10-21T12:15:40.361097351Z,0.0,30.0,-0.03127631595605736,0.0
AAPL,2024-10-21T12:15:40.361146693Z,0.0,186.0,3.434632088258203,0.0
AAPL,2024-10-21T12:15:43.400846263Z,1000.0,-90.0,0.8188869528515417,0.0
AAPL,2024-10-21T12:15:43.400859035Z,-1000.0,90.0,-0.8189809469579719,0.0
AAPL,2024-10-21T12:15:43.425405296Z,0.0,-186.0,-3.4347260823646333,0.0
AAPL,2024-10-21T12:15:43.425456541Z,0.0,187.0,3.435856386267482,0.0
AAPL,2024-10-21T12:15:43.454335483Z,0.0,0.0,-4.699705321511205e-05,0.0
AAPL,2024-10-21T12:15:43.462325554Z,-400.0,-213.0,-3.1128379199454574,0.0
AAPL,2024-10-21T12:15:43.490467184Z,0.0,30.0,0.03668194322515277,0.0
AAPL,2024-10-21T12:15:43.546099003Z,0.0,82.0,1.5896981603964697,0.0
AAPL,2024-10-21T12:15:43.594813115Z,600.0,413.0,3.0740099670902863,0.0
AAPL,2024-10-21T12:15:43.981284269Z,0.0,-26.0,-3.4503600031002444,0.0
AAPL,2024-10-21T12:15:43.981579878Z,0.0,24.0,3.4478174129752563,0.0
AAPL,2024-10-21T12:15:46.504444030Z,1000.0,-100.0,-2.3574783846983287,0.0
AAPL,2024-10-21T12:15:46.504456348Z,-1000.0,100.0,2.3573843905918985,0.0
AAPL,2024-10-21T12:15:46.504469490Z,-200.0,-200.0,0.03868696169552616,0.0
AAPL,2024-10-21T12:15:46.593690522Z,0.0,-28.0,-3.447626690339609,0.0
AAPL,2024-10-21T12:15:46.594059334Z,0.0,26.0,3.445084100214621,0.0
AAPL,2024-10-21T12:15:50.469736889Z,200.0,200.0,-0.0387809558019564,0.0
AAPL,2024-10-21T12:15:55.593458354Z,0.0,-30.0,0.03118232184962714,0.0
AAPL,2024-10-21T12:15:55.593967834Z,0.0,-81.0,-3.5223250521287772,0.0
AAPL,2024-10-21T12:15:55.643523614Z,0.0,0.0,-4.699705321511205e-05,0.0
AAPL,2024-10-21T12:16:00.253343668Z,0.0,0.0,-4.699705321511205e-05,0.0
AAPL,2024-10-21T12:16:02.523121028Z,-171.0,-90.0,3.5553485927525204,0.0
AAPL,2024-10-21T12:16:02.523132984Z,171.0,90.0,-3.555442586858951,0.0
AAPL,2024-10-21T12:16:02.592915859Z,0.0,-27.0,0.028059389959342915,0.0
AAPL,2024-10-21T12:16:02.697358278Z,0.0,-183.0,-3.4310531883367963,0.0
AAPL,2024-10-21T12:16:04.305690771Z,0.0,0.0,-4.699705321511205e-05,0.0
AAPL,2024-10-21T12:16:08.452195034Z,-171.0,-90.0,3.5553485927525204,0.0
AAPL,2024-10-21T12:16:08.452206841Z,171.0,90.0,-3.555442586858951,0.0
AAPL,2024-10-21T12:16:09.449805017Z,0.0,81.0,3.5222310580223466,0.0
AAPL,2024-10-21T12:16:09.449860480Z,0.0,-80.0,-1.6598323682776328,0.0
AAPL,2024-10-21T12:16:09.753811454Z,1000.0,-90.0,0.8220697601293347,0.0
AAPL,2024-10-21T12:16:09.753823460Z,-1000.0,90.0,-0.822163754235765,0.0
AAPL,2024-10-21T12:16:09.794081348Z,0.0,0.0,-4.699705321511205e-05,0.0
AAPL,2024-10-21T12:16:09.813020869Z,0.0,0.0,-4.699705321511205e-05,0.0
AAPL,2024-10-21T12:16:10.366504475Z,0.0,0.0,-4.699705321511205e-05,0.0
AAPL,2024-10-21T12:16:10.387079865Z,0.0,27.0,-0.028153384065773134,0.0
AAPL,2024-10-21T12:16:10.387136109Z,0.0,184.0,3.4956112008087747,0.0
AAPL,2024-10-21T12:16:12.011021598Z,-200.0,-13.0,-3.2527630632343114,0.0
AAPL,2024-10-21T12:16:12.011034600Z,200.0,13.0,3.2526690691278812,0.0
AAPL,2024-10-21T12:16:12.100581387Z,0.0,0.0,-4.699705321511205e-05,0.0
AAPL,2024-10-21T12:16:13.573710917Z,0.0,0.0,-4.699705321511205e-05,0.0
AAPL,2024-10-21T12:16:14.439151195Z,-200.0,-13.0,-3.2527630632343114,0.0
AAPL,2024-10-21T12:16:14.439163159Z,200.0,13.0,3.2526690691278812,0.0
AAPL,2024-10-21T12:16:14.647213365Z,0.0,0.0,-4.699705321511205e-05,0.0
AAPL,2024-10-21T12:16:20.281774908Z,1000.0,-90.0,0.8220697601293347,0.0
AAPL,2024-10-21T12:16:20.281786576Z,-1000.0,90.0,-0.822163754235765,0.0
AAPL,2024-10-21T12:16:20.339168043Z,0.0,0.0,-4.699705321511205e-05,0.0
AAPL,2024-10-21T12:16:20.352089791Z,200.0,200.0,-0.0387809558019564,0.0
AAPL,2024-10-21T12:16:20.353055730Z,-200.0,-200.0,0.03868696169552616,0.0
AAPL,2024-10-21T12:16:20.448469192Z,0.0,0.0,-4.699705321511205e-05,0.0
AAPL,2024-10-21T12:16:34.456311187Z,0.0,-184.0,-3.495705194915205,0.0
AAPL,2024-10-21T12:16:34.456367935Z,0.0,183.0,3.496652178105536,0.0
AAPL,2024-10-21T12:16:35.928124957Z,0.0,80.0,1.6597383741712026,0.0
AAPL,2024-10-21T12:16:35.928176126Z,0.0,-82.0,-1.65775041368411,0.0
AAPL,2024-10-21T12:16:36.290091431Z,0.0,-98.0,-2.9672929564164425,0.0
AAPL,2024-10-21T12:16:37.672726079Z,0.0,82.0,1.6576564195776797,0.0
AAPL,2024-10-21T12:16:37.672903531Z,0.0,-83.0,-1.6567094363873485,0.0
AAPL,2024-10-21T12:16:41.310907658Z,1000.0,-90.0,0.817295549212645,0.0
AAPL,2024-10-21T12:16:41.310921026Z,0.0,90.0,-1.5614856791979623,0.0
AAPL,2024-10-21T12:16:42.498007357Z,0.0,1900.0,1.9932487803906358,0.0
AAPL,2024-10-21T12:16:44.366509790Z,-1000.0,0.0,0.7440491388256719,0.0
AAPL,2024-10-21T12:16:44.533794596Z,182.0,-17.0,-1.2485785045210223,0.0
AAPL,2024-10-21T12:16:44.802532155Z,0.0,29.0,0.39291052127809295,0.0
AAPL,2024-10-21T12:16:44.802578420Z,0.0,-26.0,0.5693215027940618,0.0
AAPL,2024-10-21T12:16:47.612239006Z,0.0,-200.0,-0.11013226548025125,0.0
AAPL,2024-10-21T12:16:47.666876898Z,0.0,200.0,0.11003827137382102,0.0
AAPL,2024-10-21T12:16:47.666890051Z,0.0,0.0,-4.699705321511205e-05,0.0
AAPL,2024-10-21T12:16:47.926797838Z,1000.0,-90.0,0.817295549212645,0.0
AAPL,2024-10-21T12:16:47.926810269Z,0.0,200.0,0.11003827137382102,0.0
AAPL,2024-10-21T12:16:48.065603630Z,0.0,26.0,-0.569415496900492,0.0
AAPL,2024-10-21T12:16:48.065661214Z,0.0,-28.0,0.40603836004663985,0.0
AAPL,2024-10-21T12:16:48.122967378Z,0.0,0.0,-4.699705321511205e-05,0.0
AAPL,2024-10-21T12:16:48.228366485Z,0.0,-200.0,-0.11013226548025125,0.0
AAPL,2024-10-21T12:16:48.283159712Z,0.0,200.0,0.11003827137382102,0.0
AAPL,2024-10-21T12:16:48.283173265Z,0.0,0.0,-4.699705321511205e-05,0.0
AAPL,2024-10-21T12:16:49.563776410Z,-182.0,17.0,-0.2767615471865996,0.0
AAPL,2024-10-21T12:16:49.564755651Z,0.0,-200.0,-0.11013226548025125,0.0
AAPL,2024-10-21T12:16:49.635124163Z,171.0,-1800.0,-1.1294535031366713,0.0
AAPL,2024-10-21T12:16:49.635136826Z,-371.0,1600.0,1.1680934677789825,0.0
AAPL,2024-10-21T12:16:49.635541646Z,0.0,-1971.0,-1.0963359684064975,0.0
AAPL,2024-10-21T12:16:49.635636984Z,0.0,1971.0,0.9832523159384097,0.0
AAPL,2024-10-21T12:16:49.669495875Z,0.0,200.0,0.11003827137382102,0.0
AAPL,2024-10-21T12:16:49.706243840Z,200.0,200.0,-0.0387809558019564,0.0
AAPL,2024-10-21T12:16:49.706441749Z,100.0,-1800.0,-0.9636330191276126,0.0
AAPL,2024-10-21T12:16:49.706453582Z,-100.0,1800.0,0.9635390250211824,0.0
AAPL,2024-10-21T12:16:49.707051448Z,0.0,-1971.0,-0.9833463100448396,0.0
AAPL,2024-10-21T12:16:49.709446277Z,-200.0,-200.0,0.03868696169552616,0.0
AAPL,2024-10-21T12:16:50.277262708Z,0.0,-27.0,-0.014908508290864991,0.0
AAPL,2024-10-21T12:16:50.277350058Z,0.0,-27.0,-0.03310304330374623,0.0
AAPL,2024-10-21T12:16:50.277381197Z,0.0,-83.0,-1.9320222659164585,0.0
AAPL,2024-10-21T12:16:50.981459165Z,200.0,110.0,1.7979705558719008,0.0
AAPL,2024-10-21T12:16:51.768772781Z,-1259.0,31.0,-0.6571437983124191,0.0
AAPL,2024-10-21T12:16:54.799759269Z,0.0,0.0,-4.699705321511205e-05,0.0
AAPL,2024-10-21T12:16:54.862528040Z,0.0,27.0,0.03300904919731599,0.0
AAPL,2024-10-21T12:16:54.862652964Z,0.0,1970.0,1.8224451564700963,0.0
AAPL,2024-10-21T12:17:02.456505763Z,200.0,200.0,-0.0387809558019564,0.0
AAPL,2024-10-21T12:17:02.456518211Z,-200.0,-200.0,0.03868696169552616,0.0
AAPL,2024-10-21T12:17:02.692703742Z,0.0,200.0,0.11003827137382102,0.0
AAPL,2024-10-21T12:17:02.695735412Z,0.0,17.0,-0.8332490053725621,0.0
AAPL,2024-10-21T12:17:02.695762734Z,0.0,-17.0,-1.6701229127182027,0.0
AAPL,2024-10-21T12:17:02.743941560Z,0.0,-200.0,0.20814846229906653,0.0
AAPL,2024-10-21T12:17:02.743954174Z,0.0,-10.0,4.630616069138758,0.0
AAPL,2024-10-21T12:17:04.308725875Z,0.0,-1970.0,-1.822539150576526,0.0
AAPL,2024-10-21T12:17:04.308776780Z,0.0,1974.0,1.827342348507212,0.0
AAPL,2024-10-21T12:17:06.048294911Z,0.0,-190.0,-4.422514603892906,0.0
AAPL,2024-10-21T12:17:06.048308319Z,0.0,190.0,4.422420609786476,0.0
AAPL,2024-10-21T12:17:07.403868087Z,0.0,200.0,0.11003827137382102,0.0
AAPL,2024-10-21T12:17:07.458672320Z,0.0,-200.0,-0.11013226548025125,0.0
AAPL,2024-10-21T12:17:07.458684918Z,0.0,0.0,-4.699705321511205e-05,0.0
AAPL,2024-10-21T12:17:10.980069944Z,0.0,-190.0,-4.422514603892906,0.0
AAPL,2024-10-21T12:17:10.980083268Z,0.0,190.0,4.422420609786476,0.0
AAPL,2024-10-21T12:17:16.046891679Z,0.0,200.0,0.11003827137382102,0.0
AAPL,2024-10-21T12:17:16.101320234Z,0.0,-200.0,-0.11013226548025125,0.0
AAPL,2024-10-21T12:17:16.101332500Z,0.0,0.0,-4.699705321511205e-05,0.0
AAPL,2024-10-21T12:17:18.814227520Z,-131.0,-100.0,-4.495308306891956,0.0
AAPL,2024-10-21T12:17:20.656823195Z,0.0,-90.0,4.488109901579976,0.0
AAPL,2024-10-21T12:17:20.662283454Z,300.0,-99.0,-1.3918806261682022,0.0
AAPL,2024-10-21T12:17:20.662744252Z,-300.0,99.0,1.391786632061772,0.0
AAPL,2024-10-21T12:17:20.719761250Z,200.0,200.0,-0.0387809558019564,0.0
AAPL,2024-10-21T12:17:20.762539880Z,0.0,90.0,-4.488203895686405,0.0
AAPL,2024-10-21T12:17:21.078904005Z,0.0,200.0,-0.20824245640549677,0.0
AAPL,2024-10-21T12:17:21.133609901Z,0.0,-200.0,0.20814846229906653,0.0
AAPL,2024-10-21T12:17:21.133623109Z,0.0,200.0,-0.20824245640549677,0.0
AAPL,2024-10-21T12:17:21.840211165Z,100.0,-1800.0,-2.4012567336173336,0.0
AAPL,2024-10-21T12:17:21.840224418Z,0.0,1800.0,2.008472398143697,0.0
AAPL,2024-10-21T12:17:22.072304747Z,0.0,-2000.0,-2.1186516606771635,0.0
AAPL,2024-10-21T12:17:22.085707892Z,50.0,1950.0,2.690392998228665,0.0
AAPL,2024-10-21T12:17:24.840366131Z,0.0,-200.0,0.20814846229906653,0.0
AAPL,2024-10-21T12:17:24.840795392Z,0.0,-28.0,-0.01545893463300017,0.0
AAPL,2024-10-21T12:17:24.840821231Z,0.0,-1974.0,-1.827436342613642,0.0
AAPL,2024-10-21T12:17:24.896015668Z,0.0,200.0,-0.20824245640549677,0.0
AAPL,2024-10-21T12:17:24.896030774Z,0.0,2000.0,0.8384829123317743,0.0
AAPL,2024-10-21T12:17:26.219727754Z,0.0,28.0,-0.029194361362534543,0.0
AAPL,2024-10-21T12:17:26.219824269Z,0.0,-26.0,0.40395640545311706,0.0
AAPL,2024-10-21T12:17:26.286945437Z,0.0,0.0,-4.699705321511205e-05,0.0
AAPL,2024-10-21T12:17:30.761645371Z,0.0,199.0,-0.308826642370161,0.0
AAPL,2024-10-21T12:17:30.761657680Z,0.0,-199.0,0.3087326482637308,0.0
AAPL,2024-10-21T12:17:30.762940179Z,0.0,-200.0,-0.11013226548025125,0.0
AAPL,2024-10-21T12:17:30.764592400Z,0.0,26.0,-0.40405039955954725,0.0
AAPL,2024-10-21T12:17:30.764692359Z,0.0,-28.0,-0.3943711717648409,0.0
AAPL,2024-10-21T12:17:33.378283593Z,0.0,-290.0,4.696305360932257,0.0
AAPL,2024-10-21T12:17:33.378297030Z,0.0,90.0,-4.488203895686405,0.0
AAPL,2024-10-21T12:17:33.764809990Z,0.0,34.0,1.1660210615035962,0.0
AAPL,2024-10-21T12:17:33.764834502Z,0.0,-34.0,-0.3657055237985456,0.0
AAPL,2024-10-21T12:17:33.822822391Z,0.0,200.0,0.11003827137382102,0.0
AAPL,2024-10-21T12:17:33.822835795Z,0.0,0.0,-4.699705321511205e-05,0.0
AAPL,2024-10-21T12:17:35.461400679Z,0.0,199.0,-0.3120094496479542,0.0
AAPL,2024-10-21T12:17:35.461412055Z,0.0,-399.0,0.20183018711448794,0.0
AAPL,2024-10-21T12:17:35.469991264Z,0.0,28.0,-0.40613235415307014,0.0
AAPL,2024-10-21T12:17:35.470045707Z,0.0,-27.0,-0.39573782814515857,0.0
AAPL,2024-10-21T12:17:37.663629357Z,0.0,200.0,-0.20824245640549677,0.0
AAPL,2024-10-21T12:17:37.718594298Z,0.0,-200.0,0.20814846229906653,0.0
AAPL,2024-10-21T12:17:37.718605853Z,0.0,200.0,-0.20824245640549677,0.0
AAPL,2024-10-21T12:17:38.521127910Z,0.0,200.0,0.11003827137382102,0.0
AAPL,2024-10-21T12:17:39.973547435Z,0.0,27.0,0.3956438340387283,0.0
AAPL,2024-10-21T12:17:39.973585910Z,0.0,-27.0,0.028059389959342915,0.0
AAPL,2024-10-21T12:17:47.135873221Z,0.0,0.0,-4.699705321511205e-05,0.0
AAPL,2024-10-21T12:17:47.135900626Z,-50.0,-99.0,0.6151304855372141,0.0
AAPL,2024-10-21T12:17:47.135905168Z,0.0,-37.0,-0.8460670456538559,0.0
AAPL,2024-10-21T12:17:47.135906292Z,-62.0,-157.0,0.5521307974828289,0.0
AAPL,2024-10-21T12:17:47.135913885Z,62.0,500.0,-0.47163489245812795,0.0
AAPL,2024-10-21T12:17:47.135916592Z,0.0,-100.0,-0.12247679798110811,0.0
AAPL,2024-10-21T12:17:47.135925594Z,0.0,-100.0,0.1040507326229257,0.0
AAPL,2024-10-21T12:17:47.135933669Z,0.0,65.0,0.6665513733398366,0.0
AAPL,2024-10-21T12:17:47.135937314Z,0.0,100.0,-0.1367126350849838,0.0
AAPL,2024-10-21T12:17:47.135940686Z,0.0,-100.0,-0.12247679798110811,0.0
AAPL,2024-10-21T12:17:47.135946914Z,65.0,-35.0,-0.157176729089263,0.0
AAPL,2024-10-21T12:17:47.135952535Z,0.0,-500.0,0.5845473018168656,0.0
AAPL,2024-10-21T12:17:47.135958456Z,-373.0,-290.0,3.595570743773019,0.0
AAPL,2024-10-21T12:17:47.135968023Z,0.0,57.0,-1.0942536844086437,0.0
AAPL,2024-10-21T12:17:47.136008874Z,0.0,100.0,0.054995637160302945,0.0
AAPL,2024-10-21T12:17:47.136054541Z,0.0,100.0,0.054995637160302945,0.0
AAPL,2024-10-21T12:17:47.136218636Z,0.0,100.0,0.054995637160302945,0.0
AAPL,2024-10-21T12:17:47.136225295Z,0.0,100.0,0.054995637160302945,0.0
AAPL,2024-10-21T12:17:47.136565013Z,-65.0,5.0,0.5400909167880865,0.0
AAPL,2024-10-21T12:17:47.137037920Z,65.0,-5.0,-0.5401849108945165,0.0
AAPL,2024-10-21T12:17:47.156890091Z,173.0,90.0,-3.5569307791307088,0.0
AAPL,2024-10-21T12:17:47.189701537Z,200.0,200.0,-0.0387809558019564,0.0
AAPL,2024-10-21T12:17:47.200038724Z,-200.0,-200.0,0.03868696169552616,0.0
AAPL,2024-10-21T12:17:47.200048226Z,-173.0,-90.0,3.556836785024278,0.0
AAPL,2024-10-21T12:17:47.200058794Z,0.0,290.0,-2.0449939680793543,0.0
AAPL,2024-10-21T12:17:47.203657195Z,1173.0,83.0,1.3773842322034116,0.0
AAPL,2024-10-21T12:17:47.203729908Z,0.0,-82.0,-1.65775041368411,0.0
AAPL,2024-10-21T12:17:47.207076580Z,0.0,-290.0,1.4528978203033927,0.0
AAPL,2024-10-21T12:17:47.240037346Z,0.0,90.0,-1.563077082836859,0.0
AAPL,2024-10-21T12:17:47.240066169Z,0.0,-28.0,0.8101953393086391,0.0
AAPL,2024-10-21T12:17:47.260085243Z,0.0,0.0,-4.699705321511205e-05,0.0
AAPL,2024-10-21T12:17:47.386463721Z,-15.0,34.0,-0.6026359430503033,0.0
AAPL,2024-10-21T12:17:57.663911195Z,0.0,27.0,-0.028153384065773134,0.0
AAPL,2024-10-21T12:17:57.664016909Z,0.0,-27.0,0.4049973827498785,0.0
AAPL,2024-10-21T12:17:57.861764830Z,0.0,199.0,-0.31041804600905765,0.0
AAPL,2024-10-21T12:17:57.861778012Z,0.0,-199.0,0.31032405190262735,0.0
AAPL,2024-10-21T12:17:57.861832789Z,0.0,199.0,-0.31041804600905765,0.0
AAPL,2024-10-21T12:17:57.861881332Z,0.0,-399.0,0.2002387834755913,0.0
AAPL,2024-10-21T12:17:57.862245512Z,0.0,27.0,-0.4050913768563087,0.0
AAPL,2024-10-21T12:17:57.917042270Z,0.0,200.0,0.11003827137382102,0.0
AAPL,2024-10-21T12:17:58.077227750Z,0.0,0.0,-4.699705321511205e-05,0.0
AAPL,2024-10-21T12:18:00.232353557Z,0.0,-29.0,0.03014134455286573,0.0
AAPL,2024-10-21T12:18:00.862130755Z,0.0,-200.0,-0.11013226548025125,0.0
AAPL,2024-10-21T12:18:01.682081842Z,0.0,200.0,0.11003827137382102,0.0
AAPL,2024-10-21T12:18:01.684033789Z,0.0,-1800.0,-1.0483637694293826,0.0
AAPL,2024-10-21T12:18:01.684046790Z,0.0,1800.0,1.0482697753229526,0.0
AAPL,2024-10-21T12:18:02.545068859Z,0.0,0.0,-4.699705321511205e-05,0.0
AAPL,2024-10-21T12:18:03.624100762Z,0.0,-1800.0,-1.0483637694293826,0.0
AAPL,2024-10-21T12:18:03.624112266Z,0.0,1800.0,1.0482697753229526,0.0
AAPL,2024-10-21T12:18:03.629412395Z,0.0,82.0,1.6576564195776797,0.0
AAPL,2024-10-21T12:18:03.629498033Z,0.0,26.0,0.014264087842299586,0.0
AAPL,2024-10-21T12:18:03.696618449Z,0.0,-110.0,-1.6699795439861018,0.0
AAPL,2024-10-21T12:18:04.737516809Z,0.0,0.0,-4.699705321511205e-05,0.0
AAPL,2024-10-21T12:18:05.203361341Z,0.0,-1800.0,-1.0483637694293826,0.0
AAPL,2024-10-21T12:18:05.203373864Z,0.0,1800.0,1.0482697753229526,0.0
AAPL,2024-10-21T12:18:08.259009052Z,0.0,0.0,-4.699705321511205e-05,0.0
AAPL,2024-10-21T12:18:08.926535769Z,0.0,-1800.0,-1.0483637694293826,0.0
AAPL,2024-10-21T12:18:08.926548505Z,0.0,1800.0,1.0482697753229526,0.0
AAPL,2024-10-21T12:18:10.662438649Z,0.0,0.0,-4.699705321511205e-05,0.0
AAPL,2024-10-21T12:18:11.927260518Z,0.0,-200.0,-0.11013226548025125,0.0
AAPL,2024-10-21T12:18:20.285727761Z,0.0,29.0,-0.030235338659295955,0.0
AAPL,2024-10-21T12:18:20.285772241Z,0.0,-26.0,0.40395640545311706,0.0
AAPL,2024-10-21T12:18:20.342095696Z,0.0,200.0,0.11003827137382102,0.0
AAPL,2024-10-21T12:18:20.342109232Z,-150.0,0.0,0.11156742332861795,0.0
AAPL,2024-10-21T12:18:30.059494751Z,0.0,0.0,-4.699705321511205e-05,0.0
AAPL,2024-10-21T12:18:30.076519305Z,0.0,0.0,-4.699705321511205e-05,0.0
AAPL,2024-10-21T12:18:38.165859345Z,150.0,199.0,-0.420441062751994,0.0
AAPL,2024-10-21T12:18:38.165871291Z,-150.0,-199.0,0.4203470686455638,0.0
AAPL,2024-10-21T12:18:38.170782768Z,0.0,-90.0,1.5598002814526355,0.0
AAPL,2024-10-21T12:18:38.170792741Z,0.0,200.0,-0.20824245640549677,0.0
AAPL,2024-10-21T12:18:38.189694615Z,0.0,74.0,-1.2470694466755003,0.0
AAPL,2024-10-21T12:18:38.189791855Z,0.0,-72.0,1.5233891347824504,0.0
AAPL,2024-10-21T12:18:40.408086849Z,0.0,72.0,-1.5234831288888804,0.0
AAPL,2024-10-21T12:18:40.408137058Z,0.0,-74.0,1.5254710893759733,0.0
AAPL,2024-10-21T12:18:41.179991523Z,0.0,74.0,-1.5255650834824033,0.0
AAPL,2024-10-21T12:18:41.180118662Z,0.0,-70.0,1.2491771579376107,0.0
AAPL,2024-10-21T12:18:41.233925482Z,-1000.0,-110.0,-0.6139682948834835,0.0
AAPL,2024-10-21T12:18:44.453502831Z,0.0,0.0,-4.699705321511205e-05,0.0
AAPL,2024-10-21T12:18:44.458571638Z,1000.0,-90.0,0.8220697601293347,0.0
AAPL,2024-10-21T12:18:44.458583443Z,0.0,200.0,-0.20824245640549677,0.0
AAPL,2024-10-21T12:18:44.477818456Z,0.0,70.0,-1.2492711520440412,0.0
AAPL,2024-10-21T12:18:44.477924999Z,0.0,-72.0,1.5233891347824504,0.0
AAPL,2024-10-21T12:18:47.144489374Z,0.0,0.0,-4.699705321511205e-05,0.0
AAPL,2024-10-21T12:18:47.206323404Z,0.0,200.0,0.11003827137382102,0.0
AAPL,2024-10-21T12:18:47.260861161Z,0.0,-200.0,-0.11013226548025125,0.0
AAPL,2024-10-21T12:18:47.260873969Z,200.0,0.0,-0.14886622422899254,0.0
AAPL,2024-10-21T12:18:47.459461214Z,200.0,200.0,-0.0387809558019564,0.0
AAPL,2024-10-21T12:18:47.513983492Z,-200.0,-200.0,0.03868696169552616,0.0
AAPL,2024-10-21T12:18:47.513995474Z,-1200.0,-110.0,-0.6761166566959335,0.0
AAPL,2024-10-21T12:18:48.012656935Z,150.0,199.0,-0.420441062751994,0.0
AAPL,2024-10-21T12:18:48.012670562Z,0.0,-199.0,0.3087326482637308,0.0
AAPL,2024-10-21T12:18:48.012835297Z,0.0,-200.0,-0.11013226548025125,0.0
AAPL,2024-10-21T12:18:48.013209412Z,0.0,26.0,-0.40405039955954725,0.0
AAPL,2024-10-21T12:18:48.013312876Z,0.0,-28.0,0.029100367256104317,0.0
AAPL,2024-10-21T12:18:48.070285169Z,0.0,200.0,0.11003827137382102,0.0
AAPL,2024-10-21T12:18:48.070297042Z,-150.0,0.0,0.11156742332861795,0.0
AAPL,2024-10-21T12:18:48.199908254Z,1000.0,-90.0,0.7147566213382446,0.0
AAPL,2024-10-21T12:18:48.199920865Z,0.0,90.0,-1.4589467513235619,0.0
AAPL,2024-10-21T12:18:48.199942139Z,0.0,-90.0,1.4588527572171317,0.0
AAPL,2024-10-21T12:18:48.200029266Z,0.0,90.0,-1.775636075463983,0.0
AAPL,2024-10-21T12:18:48.200502296Z,0.0,82.0,1.5964939863145906,0.0
AAPL,2024-10-21T12:18:48.200553666Z,0.0,-83.0,-1.16454315587401,0.0
AAPL,2024-10-21T12:18:48.213222660Z,0.0,83.0,1.1644491617675798,0.0
AAPL,2024-10-21T12:18:49.922943623Z,0.0,28.0,-0.029194361362534543,0.0
AAPL,2024-10-21T12:18:49.923091366Z,0.0,-27.0,0.4049973827498785,0.0
AAPL,2024-10-21T12:18:51.254925630Z,0.0,0.0,0.31664232708720613,0.0
AAPL,2024-10-21T12:18:51.423329256Z,0.0,27.0,-0.4050913768563087,0.0
AAPL,2024-10-21T12:18:51.423381788Z,0.0,-29.0,0.4070793373434013,0.0
AAPL,2024-10-21T12:18:51.430250460Z,0.0,200.0,0.11003827137382102,0.0
AAPL,2024-10-21T12:18:53.922913086Z,0.0,-83.0,-1.5978122784302997,0.0
AAPL,2024-10-21T12:19:00.083834280Z,0.0,-200.0,-0.11013226548025125,0.0
AAPL,2024-10-21T12:19:00.083843895Z,0.0,-90.0,1.461118032523172,0.0
AAPL,2024-10-21T12:19:00.083854884Z,0.0,90.0,-1.461212026629602,0.0
AAPL,2024-10-21T12:19:00.143474250Z,0.0,0.0,-4.699705321511205e-05,0.0
AAPL,2024-10-21T12:19:00.197516009Z,0.0,200.0,0.11003827137382102,0.0
AAPL,2024-10-21T12:19:00.198016624Z,0.0,83.0,1.5977182843238698,0.0
AAPL,2024-10-21T12:19:00.198056773Z,0.0,27.0,-0.028153384065773134,0.0
AAPL,2024-10-21T12:19:00.251362837Z,0.0,-200.0,-0.11013226548025125,0.0
AAPL,2024-10-21T12:19:00.251375630Z,-1000.0,0.0,0.7440491388256719,0.0
AAPL,2024-10-21T12:19:02.578739513Z,1000.0,-100.0,-2.3622525956150184,0.0
AAPL,2024-10-21T12:19:02.578752989Z,0.0,100.0,1.6180624656297016,0.0
AAPL,2024-10-21T12:19:02.578784855Z,0.0,-100.0,-1.6181564597361315,0.0
AAPL,2024-10-21T12:19:02.583722081Z,0.0,100.0,1.3443410397394882,0.0
AAPL,2024-10-21T12:19:05.633956677Z,-1000.0,0.0,1.0177705647158852,0.0
AAPL,2024-10-21T12:19:06.744561325Z,0.0,0.0,-4.699705321511205e-05,0.0
AAPL,2024-10-21T12:19:07.485167707Z,1000.0,-100.0,-2.3622525956150184,0.0
AAPL,2024-10-21T12:19:07.485180575Z,0.0,200.0,0.11003827137382102,0.0
AAPL,2024-10-21T12:19:07.567472916Z,0.0,36.0,-0.5273471728648603,0.0
AAPL,2024-10-21T12:19:07.624621845Z,0.0,-33.0,0.524130246868146,0.0
AAPL,2024-10-21T12:19:08.123983275Z,150.0,199.0,-0.420441062751994,0.0
AAPL,2024-10-21T12:19:08.201710146Z,-150.0,-199.0,0.4203470686455638,0.0
AAPL,2024-10-21T12:19:10.540372657Z,0.0,-100.0,1.5079771972026654,0.0
AAPL,2024-10-21T12:19:10.824415398Z,0.0,39.0,0.018704336699495495,0.0
AAPL,2024-10-21T12:19:10.828162441Z,0.0,-39.0,-0.018798330805925714,0.0
AAPL,2024-10-21T12:19:14.207440891Z,0.0,200.0,0.11003827137382102,0.0
AAPL,2024-10-21T12:19:21.463656720Z,0.0,39.0,0.018704336699495495,0.0
AAPL,2024-10-21T12:19:21.463763491Z,0.0,61.0,0.0292820121497425,0.0
AAPL,2024-10-21T12:19:31.377322230Z,150.0,199.0,-0.5364493284105848,0.0
AAPL,2024-10-21T12:19:31.377334380Z,-150.0,-199.0,0.5363553343041546,0.0
AAPL,2024-10-21T12:19:31.410847128Z,150.0,199.0,-0.5364493284105848,0.0
AAPL,2024-10-21T12:19:31.410860369Z,0.0,-200.0,-0.11013226548025125,0.0
AAPL,2024-10-21T12:19:31.424732441Z,0.0,-27.0,0.028059389959342915,0.0
AAPL,2024-10-21T12:19:31.424790390Z,0.0,-80.0,-1.6598323682776328,0.0
AAPL,2024-10-21T12:19:31.428123190Z,0.0,27.0,0.014814514184434767,0.0
AAPL,2024-10-21T12:19:31.428166239Z,0.0,-29.0,0.5230876030019921,0.0
AAPL,2024-10-21T12:19:31.428177171Z,0.0,-200.0,-0.11013226548025125,0.0
AAPL,2024-10-21T12:19:31.428190903Z,0.0,200.0,0.11003827137382102,0.0
AAPL,2024-10-21T12:19:35.701549120Z,0.0,-200.0,-0.11013226548025125,0.0
AAPL,2024-10-21T12:19:38.701678685Z,0.0,200.0,0.11003827137382102,0.0
AAPL,2024-10-21T12:19:38.756179281Z,0.0,-200.0,-0.11013226548025125,0.0
AAPL,2024-10-21T12:19:38.756191248Z,-1000.0,0.0,0.7440491388256719,0.0
AAPL,2024-10-21T12:19:40.083326842Z,0.0,-200.0,-0.11013226548025125,0.0
AAPL,2024-10-21T12:19:40.137972145Z,0.0,200.0,0.11003827137382102,0.0
AAPL,2024-10-21T12:19:40.137983855Z,0.0,0.0,-4.699705321511205e-05,0.0
AAPL,2024-10-21T12:19:42.737152214Z,1000.0,-90.0,0.8220697601293347,0.0
AAPL,2024-10-21T12:19:42.737165303Z,0.0,90.0,-1.566259890114652,0.0
AAPL,2024-10-21T12:19:45.745918365Z,0.0,200.0,0.11003827137382102,0.0
AAPL,2024-10-21T12:19:45.800477942Z,0.0,-200.0,-0.11013226548025125,0.0
AAPL,2024-10-21T12:19:45.800491117Z,-1000.0,0.0,0.7440491388256719,0.0
AAPL,2024-10-21T12:19:57.871002706Z,0.0,0.0,-4.699705321511205e-05,0.0
AAPL,2024-10-21T12:20:02.012790106Z,1000.0,-90.0,0.8220697601293347,0.0
AAPL,2024-10-21T12:20:02.012801350Z,-1000.0,90.0,-0.822163754235765,0.0
AAPL,2024-10-21T12:20:02.012823085Z,0.0,-200.0,-0.11013226548025125,0.0
AAPL,2024-10-21T12:20:02.068202840Z,0.0,0.0,-4.699705321511205e-05,0.0
AAPL,2024-10-21T12:20:02.174072577Z,0.0,200.0,0.11003827137382102,0.0
AAPL,2024-10-21T12:20:02.174084216Z,0.0,0.0,-4.699705321511205e-05,0.0
AAPL,2024-10-21T12:20:02.195761354Z,0.0,36.0,-0.6266893097838292,0.0
AAPL,2024-10-21T12:20:02.197099790Z,0.0,-33.0,0.6234723837871149,0.0
AAPL,2024-10-21T12:20:17.529659579Z,0.0,199.0,-0.4248349080287518,0.0
AAPL,2024-10-21T12:20:17.529671598Z,0.0,-199.0,0.42474091392232166,0.0
AAPL,2024-10-21T12:20:18.175151492Z,0.0,0.0,-4.699705321511205e-05,0.0
AAPL,2024-10-21T12:20:26.003671349Z,1000.0,-90.0,0.8220697601293347,0.0
AAPL,2024-10-21T12:20:26.003684074Z,0.0,90.0,-1.566259890114652,0.0
AAPL,2024-10-21T12:20:29.005849003Z,0.0,200.0,0.11003827137382102,0.0
AAPL,2024-10-21T12:20:29.035461864Z,-1195.0,-5.0,1.960316690069762,0.0
AAPL,2024-10-21T12:20:32.533970326Z,0.0,26.0,-0.520058665218138,0.0
AAPL,2024-10-21T12:20:32.534015766Z,0.0,-26.0,0.5199646711117079,0.0
AAPL,2024-10-21T12:20:32.588585911Z,-150.0,0.0,0.11156742332861795,0.0
AAPL,2024-10-21T12:20:32.846313500Z,150.0,199.0,-0.5364493284105848,0.0
AAPL,2024-10-21T12:20:32.846324686Z,0.0,-399.0,0.3146556454952855,0.0
AAPL,2024-10-21T12:20:32.900943370Z,-150.0,200.0,0.22165269175565408,0.0
AAPL,2024-10-21T12:20:33.387796787Z,0.0,0.0,-4.699705321511205e-05,0.0
AAPL,2024-10-21T12:20:34.158518772Z,-200.0,-200.0,0.03868696169552616,0.0
AAPL,2024-10-21T12:20:53.732903004Z,745.0,640.0,-2.4548603426573288,0.0
AAPL,2024-10-21T12:20:54.066325257Z,200.0,200.0,-0.0387809558019564,0.0
AAPL,2024-10-21T12:20:54.066539893Z,150.0,199.0,-0.5364493284105848,0.0
AAPL,2024-10-21T12:20:54.087884313Z,-150.0,-199.0,0.5363553343041546,0.0
AAPL,2024-10-21T12:20:54.138010479Z,150.0,199.0,-0.5364493284105848,0.0
AAPL,2024-10-21T12:20:54.138024196Z,0.0,-199.0,0.42474091392232166,0.0
AAPL,2024-10-21T12:20:54.138635039Z,0.0,26.0,-0.520058665218138,0.0
AAPL,2024-10-21T12:20:54.138679423Z,0.0,-29.0,0.03014134455286573,0.0
AAPL,2024-10-21T12:20:54.140701289Z,0.0,-200.0,-0.11013226548025125,0.0
AAPL,2024-10-21T12:20:54.259923109Z,0.0,200.0,0.11003827137382102,0.0
AAPL,2024-10-21T12:20:54.259936081Z,-350.0,-200.0,0.1503013820773592,0.0
AAPL,2024-10-21T12:20:54.367974373Z,0.0,-200.0,-0.2449065989090011,0.0
AAPL,2024-10-21T12:20:54.367988079Z,0.0,0.0,2.265228308987123,0.0
AAPL,2024-10-21T12:20:54.646524020Z,0.0,200.0,-0.20824245640549677,0.0
AAPL,2024-10-21T12:20:54.647311583Z,0.0,80.0,1.272931299384374,0.0
AAPL,2024-10-21T12:20:54.647352236Z,0.0,-84.0,-3.462126156896875,0.0
AAPL,2024-10-21T12:20:54.647382777Z,0.0,29.0,-0.030235338659295955,0.0
AAPL,2024-10-21T12:20:54.647423336Z,0.0,-26.0,0.5199646711117079,0.0
AAPL,2024-10-21T12:20:54.647922749Z,200.0,200.0,-0.0387809558019564,0.0
AAPL,2024-10-21T12:20:54.648117162Z,150.0,199.0,-0.5364493284105848,0.0
AAPL,2024-10-21T12:20:54.648128723Z,0.0,-399.0,0.3146556454952855,0.0
AAPL,2024-10-21T12:20:54.648446832Z,0.0,26.0,-0.520058665218138,0.0
AAPL,2024-10-21T12:20:54.697200659Z,0.0,-200.0,-0.2449065989090011,0.0
AAPL,2024-10-21T12:20:54.697212843Z,0.0,0.0,-0.3942049003042339,0.0
AAPL,2024-10-21T12:20:54.708231641Z,-150.0,200.0,0.22165269175565408,0.0
AAPL,2024-10-21T12:20:56.393593183Z,0.0,-29.0,0.5230876030019921,0.0
AAPL,2024-10-21T12:20:56.654348888Z,150.0,199.0,-0.5412235393272745,0.0
AAPL,2024-10-21T12:20:56.654361253Z,0.0,-399.0,0.31942985641197524,0.0
AAPL,2024-10-21T12:20:56.655676466Z,0.0,29.0,-0.5231815971084223,0.0
AAPL,2024-10-21T12:21:00.388313049Z,0.0,-26.0,0.027018412662581502,0.0
AAPL,2024-10-21T12:21:01.707857424Z,-200.0,-1800.0,-0.6744058271728312,0.0
AAPL,2024-10-21T12:21:01.856825426Z,200.0,200.0,-0.0387809558019564,0.0
AAPL,2024-10-21T12:21:01.856837629Z,0.0,1600.0,0.7130457918151424,0.0
AAPL,2024-10-21T12:21:06.853945458Z,0.0,-90.0,4.490375176886016,0.0
AAPL,2024-10-21T12:21:06.917506080Z,0.0,26.0,-0.027112406769011728,0.0
AAPL,2024-10-21T12:21:06.917557816Z,0.0,-28.0,0.5220466257052306,0.0
AAPL,2024-10-21T12:21:06.921270364Z,0.0,28.0,-0.5221406198116609,0.0
AAPL,2024-10-21T12:21:06.921738635Z,0.0,-80.0,-1.273025293490804,0.0
AAPL,2024-10-21T12:21:06.921761416Z,0.0,84.0,-1.3816047178698674,0.0
AAPL,2024-10-21T12:21:06.954173708Z,0.0,90.0,1.200380674126952,0.0
AAPL,2024-10-21T12:21:07.982705400Z,0.0,14.0,0.7095745357767653,0.0
AAPL,2024-10-21T12:21:07.982732401Z,0.0,-15.0,-0.7083018735028778,0.0
AAPL,2024-10-21T12:21:08.049468728Z,0.0,0.0,-4.699705321511205e-05,0.0
AAPL,2024-10-21T12:21:08.155736487Z,0.0,200.0,-0.20824245640549677,0.0
AAPL,2024-10-21T12:21:08.156275244Z,100.0,100.0,-0.019413976427585754,0.0
AAPL,2024-10-21T12:21:08.214593412Z,0.0,-200.0,0.20814846229906653,0.0
AAPL,2024-10-21T12:21:08.214604801Z,0.0,200.0,-0.20824245640549677,0.0
AAPL,2024-10-21T12:21:09.374232780Z,0.0,-25.0,0.5189236938149464,0.0
AAPL,2024-10-21T12:21:13.168540873Z,-100.0,-100.0,0.01931998232115553,0.0
AAPL,2024-10-21T12:21:16.960024614Z,0.0,-290.0,-0.9948701632706975,0.0
AAPL,2024-10-21T12:21:16.960037598Z,0.0,90.0,1.2029716285165488,0.0
AAPL,2024-10-21T12:21:17.837910042Z,0.0,399.0,-0.3131582359628191,0.0
AAPL,2024-10-21T12:21:17.837922361Z,0.0,-399.0,0.31306424185638887,0.0
AAPL,2024-10-21T12:21:17.892771425Z,0.0,0.0,-4.699705321511205e-05,0.0
AAPL,2024-10-21T12:21:18.021293469Z,0.0,81.0,1.2715646430040561,0.0
AAPL,2024-10-21T12:21:18.047828600Z,0.0,200.0,-0.20824245640549677,0.0
AAPL,2024-10-21T12:21:18.102401275Z,0.0,-200.0,0.20814846229906653,0.0
AAPL,2024-10-21T12:21:18.102413183Z,0.0,200.0,-0.20824245640549677,0.0
AAPL,2024-10-21T12:21:18.739881846Z,0.0,200.0,0.11003827137382102,0.0
AAPL,2024-10-21T12:21:21.742772097Z,0.0,-200.0,-0.11013226548025125,0.0
AAPL,2024-10-21T12:21:26.102195386Z,0.0,0.0,-4.699705321511205e-05,0.0
AAPL,2024-10-21T12:21:26.482363138Z,0.0,-200.0,0.20814846229906653,0.0
AAPL,2024-10-21T12:21:26.509547941Z,0.0,200.0,-0.20824245640549677,0.0
AAPL,2024-10-21T12:21:26.750764565Z,0.0,-200.0,0.20814846229906653,0.0
AAPL,2024-10-21T12:21:26.750773173Z,0.0,-190.0,-4.147201774363796,0.0
AAPL,2024-10-21T12:21:26.750785721Z,0.0,390.0,3.9389123209050836,0.0
AAPL,2024-10-21T12:21:26.804818995Z,0.0,200.0,0.11003827137382102,0.0
AAPL,2024-10-21T12:21:26.804831024Z,0.0,-200.0,-0.11013226548025125,0.0
AAPL,2024-10-21T12:21:26.876199312Z,0.0,0.0,-4.699705321511205e-05,0.0
AAPL,2024-10-21T12:21:28.271344736Z,0.0,0.0,-4.699705321511205e-05,0.0
AAPL,2024-10-21T12:21:29.830172186Z,0.0,-81.0,-1.271658637110486,0.0
AAPL,2024-10-21T12:21:43.255561253Z,0.0,399.0,-0.3131582359628191,0.0
AAPL,2024-10-21T12:21:43.255575289Z,0.0,-400.0,-0.2202175339072874,0.0
AAPL,2024-10-21T12:21:43.310928524Z,0.0,201.0,0.6433200471374972,0.0
AAPL,2024-10-21T12:21:45.092124924Z,0.0,0.0,-4.699705321511205e-05,0.0
AAPL,2024-10-21T12:21:45.108232814Z,0.0,81.0,1.2715646430040561,0.0
AAPL,2024-10-21T12:21:45.108296167Z,0.0,29.0,0.03545764521587385,0.0
AAPL,2024-10-21T12:21:48.360630060Z,0.0,199.0,-0.42324350438985525,0.0
AAPL,2024-10-21T12:21:48.360641832Z,0.0,-199.0,0.7000537434514317,0.0
AAPL,2024-10-21T12:21:48.415524174Z,0.0,0.0,-4.699705321511205e-05,0.0
AAPL,2024-10-21T12:21:48.426249325Z,0.0,-29.0,-0.03555163932230408,0.0
AAPL,2024-10-21T12:21:48.426358775Z,0.0,-84.0,-4.309339121355961,0.0
AAPL,2024-10-21T12:21:48.440341021Z,0.0,25.0,-0.7959219210893832,0.0
AAPL,2024-10-21T12:21:48.582445356Z,0.0,-290.0,4.698570636238298,0.0
AAPL,2024-10-21T12:21:48.582457462Z,0.0,90.0,-4.490469170992446,0.0
AAPL,2024-10-21T12:21:48.968862759Z,0.0,-200.0,-0.11013226548025125,0.0
AAPL,2024-10-21T12:21:49.023156980Z,0.0,200.0,0.11003827137382102,0.0
AAPL,2024-10-21T12:21:49.023170310Z,0.0,0.0,-4.699705321511205e-05,0.0
AAPL,2024-10-21T12:21:53.593348279Z,0.0,200.0,-0.20824245640549677,0.0
AAPL,2024-10-21T12:21:53.647894830Z,0.0,-200.0,0.20814846229906653,0.0
AAPL,2024-10-21T12:21:53.647907823Z,0.0,200.0,-0.20824245640549677,0.0
AAPL,2024-10-21T12:21:55.660629861Z,0.0,0.0,-4.699705321511205e-05,0.0
AAPL,2024-10-21T12:22:01.337904135Z,0.0,0.0,-4.699705321511205e-05,0.0
AAPL,2024-10-21T12:22:03.706361217Z,-745.0,-640.0,5.060273037720755,0.0
AAPL,2024-10-21T12:22:03.777516702Z,0.0,-390.0,-4.534191275958839,0.0
AAPL,2024-10-21T12:22:03.777529729Z,0.0,190.0,4.424012013425373,0.0
AAPL,2024-10-21T12:22:03.781981187Z,0.0,-200.0,-0.11013226548025125,0.0
AAPL,2024-10-21T12:22:09.127308929Z,0.0,-27.0,0.5210056484084693,0.0
AAPL,2024-10-21T12:22:16.157355560Z,0.0,-16.0,-4.328331824000281,0.0
AAPL,2024-10-21T12:22:16.158383793Z,0.0,28.0,0.015364940526569946,0.0
AAPL,2024-10-21T12:22:20.068422134Z,0.0,-10.0,4.310743937720543,0.0
AAPL,2024-10-21T12:22:20.078770275Z,0.0,29.0,0.01591536686870513,0.0
AAPL,2024-10-21T12:22:20.078850920Z,0.0,-18.0,-4.326249869406758,0.0
AAPL,2024-10-21T12:22:20.140239259Z,0.0,27.0,-0.5210996425148995,0.0
AAPL,2024-10-21T12:22:20.140291372Z,0.0,-29.0,0.5230876030019921,0.0
AAPL,2024-10-21T12:22:20.142525001Z,0.0,200.0,0.11003827137382102,0.0
AAPL,2024-10-21T12:22:20.142535602Z,0.0,199.0,-0.4296091189454416,0.0
AAPL,2024-10-21T12:22:20.142546696Z,0.0,-199.0,0.4295151248390114,0.0
AAPL,2024-10-21T12:22:20.146234448Z,0.0,29.0,-0.5231815971084223,0.0
AAPL,2024-10-21T12:22:20.260745295Z,0.0,0.0,-4.699705321511205e-05,0.0
AAPL,2024-10-21T12:22:20.322223273Z,0.0,-200.0,-0.11013226548025125,0.0
AAPL,2024-10-21T12:22:21.536007375Z,0.0,-25.0,0.5189236938149464,0.0
AAPL,2024-10-21T12:22:21.539297131Z,0.0,25.0,-0.5190176879213767,0.0
AAPL,2024-10-21T12:22:21.583281944Z,0.0,-10.0,4.3091525340816474,0.0
AAPL,2024-10-21T12:22:22.095263170Z,0.0,-26.0,0.5199646711117079,0.0
AAPL,2024-10-21T12:22:22.945397458Z,0.0,200.0,0.11003827137382102,0.0
AAPL,2024-10-21T12:22:22.945406901Z,0.0,199.0,-0.4248349080287518,0.0
AAPL,2024-10-21T12:22:22.945697032Z,0.0,-199.0,0.42474091392232166,0.0
AAPL,2024-10-21T12:22:22.986296201Z,0.0,-200.0,-0.11013226548025125,0.0
AAPL,2024-10-21T12:22:23.024563308Z,0.0,200.0,0.11003827137382102,0.0
AAPL,2024-10-21T12:22:23.028903196Z,0.0,199.0,-0.4248349080287518,0.0
AAPL,2024-10-21T12:22:23.028915916Z,0.0,-199.0,0.42474091392232166,0.0
AAPL,2024-10-21T12:22:23.079803882Z,-2.0,-107.0,-4.590619142203198,0.0
AAPL,2024-10-21T12:22:23.079851405Z,0.0,0.0,-4.699705321511205e-05,0.0
AAPL,2024-10-21T12:22:23.079869699Z,0.0,0.0,-4.699705321511205e-05,0.0
AAPL,2024-10-21T12:22:23.079955251Z,0.0,199.0,-0.4248349080287518,0.0
AAPL,2024-10-21T12:22:23.083910618Z,2.0,107.0,4.590525148096768,0.0
AAPL,2024-10-21T12:22:23.088151194Z,95.0,-10.0,-4.609405112196337,0.0
AAPL,2024-10-21T12:22:23.116151189Z,0.0,-199.0,0.42474091392232166,0.0
AAPL,2024-10-21T12:22:23.241854315Z,0.0,0.0,-4.699705321511205e-05,0.0
AAPL,2024-10-21T12:22:26.043027067Z,0.0,-200.0,-0.11013226548025125,0.0
AAPL,2024-10-21T12:22:26.221438925Z,0.0,0.0,-4.699705321511205e-05,0.0
AAPL,2024-10-21T12:22:29.394160247Z,0.0,0.0,-4.699705321511205e-05,0.0
AAPL,2024-10-21T12:22:36.707463498Z,0.0,26.0,-0.520058665218138,0.0
AAPL,2024-10-21T12:22:36.707506060Z,0.0,-25.0,0.5189236938149464,0.0
AAPL,2024-10-21T12:22:40.428425309Z,0.0,0.0,-4.699705321511205e-05,0.0
AAPL,2024-10-21T12:23:09.008613373Z,-96.0,-11.0,4.575298839001462,0.0
AAPL,2024-10-21T12:23:09.008621599Z,0.0,0.0,-3.7067026963931253,0.0
AAPL,2024-10-21T12:23:09.008973422Z,0.0,0.0,3.706608702286695,0.0
AAPL,2024-10-21T12:23:09.009065871Z,719.0,623.0,-3.8987922069398278,0.0
AAPL,2024-10-21T12:23:09.047049975Z,0.0,96.0,3.7594496311316723,0.0
AAPL,2024-10-21T12:23:09.047528450Z,0.0,-85.0,-4.556800532908497,0.0
AAPL,2024-10-21T12:23:09.079779485Z,0.0,200.0,0.11003827137382102,0.0
AAPL,2024-10-21T12:23:09.081699019Z,0.0,200.0,-0.20824245640549677,0.0
AAPL,2024-10-21T12:23:09.087775155Z,0.0,-200.0,0.20814846229906653,0.0
AAPL,2024-10-21T12:23:09.087785825Z,0.0,-90.0,4.4835793509678945,0.0
AAPL,2024-10-21T12:23:09.087797026Z,0.0,90.0,-4.483673345074325,0.0
AAPL,2024-10-21T12:23:09.133329159Z,0.0,0.0,-4.699705321511205e-05,0.0
AAPL,2024-10-21T12:23:09.155634175Z,0.0,81.0,4.305572233221694,0.0
AAPL,2024-10-21T12:23:09.155732424Z,0.0,-84.0,-4.309339121355961,0.0
AAPL,2024-10-21T12:23:09.242822823Z,0.0,25.0,-0.5190176879213767,0.0
AAPL,2024-10-21T12:23:09.242876186Z,0.0,-28.0,-0.2783629061062501,0.0
AAPL,2024-10-21T12:23:09.312635376Z,0.0,0.0,0.3102767125316198,0.0
AAPL,2024-10-21T12:23:09.319468618Z,0.0,-200.0,-0.11013226548025125,0.0
AAPL,2024-10-21T12:23:09.729465211Z,0.0,200.0,0.11003827137382102,0.0
AAPL,2024-10-21T12:23:09.784075201Z,0.0,0.0,-4.699705321511205e-05,0.0
AAPL,2024-10-21T12:23:11.099071185Z,0.0,0.0,-4.699705321511205e-05,0.0
AAPL,2024-10-21T12:23:11.099138993Z,0.0,-90.0,4.1800514673011815,0.0
AAPL,2024-10-21T12:23:11.171874633Z,0.0,-200.0,-0.11013226548025125,0.0
AAPL,2024-10-21T12:23:11.208162821Z,0.0,90.0,-4.180145461407611,0.0
AAPL,2024-10-21T12:23:12.139603042Z,0.0,0.0,-4.699705321511205e-05,0.0
AAPL,2024-10-21T12:23:12.190123660Z,0.0,28.0,0.2782689119998199,0.0
AAPL,2024-10-21T12:23:12.190244811Z,0.0,-27.0,0.5210056484084693,0.0
AAPL,2024-10-21T12:23:12.195254017Z,0.0,27.0,-0.5210996425148995,0.0
AAPL,2024-10-21T12:23:13.923503589Z,0.0,-26.0,-0.28109621886688546,0.0
AAPL,2024-10-21T12:23:14.014125157Z,0.0,-90.0,4.1800514673011815,0.0
AAPL,2024-10-21T12:23:14.014138266Z,0.0,400.0,0.22012353980085714,0.0
AAPL,2024-10-21T12:23:24.180057341Z,0.0,-310.0,-4.400315998261683,0.0
AAPL,2024-10-21T12:23:24.244388472Z,0.0,84.0,4.309245127249532,0.0
AAPL,2024-10-21T12:23:24.244727755Z,0.0,-81.0,-4.305666227328124,0.0
AAPL,2024-10-21T12:23:24.253824768Z,0.0,0.0,-4.699705321511205e-05,0.0
AAPL,2024-10-21T12:23:24.273148439Z,0.0,26.0,0.2810022247604553,0.0
AAPL,2024-10-21T12:23:24.273199301Z,0.0,-29.0,0.5230876030019921,0.0
AAPL,2024-10-21T12:23:24.281024032Z,0.0,29.0,-0.5231815971084223,0.0
AAPL,2024-10-21T12:23:25.922987113Z,0.0,-28.0,-0.2783629061062501,0.0
AAPL,2024-10-21T12:23:26.667483730Z,0.0,28.0,0.2782689119998199,0.0
AAPL,2024-10-21T12:23:26.667566801Z,0.0,-25.0,0.5189236938149464,0.0
AAPL,2024-10-21T12:23:26.671669972Z,0.0,25.0,-0.5190176879213767,0.0
AAPL,2024-10-21T12:23:29.923042073Z,0.0,-25.0,-0.28246287524720315,0.0
AAPL,2024-10-21T12:23:31.049271170Z,0.0,-90.0,4.173255641383061,0.0
AAPL,2024-10-21T12:23:31.049283153Z,0.0,90.0,-4.17334963548949,0.0
AAPL,2024-10-21T12:23:31.105200821Z,0.0,0.0,-4.699705321511205e-05,0.0
AAPL,2024-10-21T12:23:33.817825903Z,0.0,-90.0,4.173255641383061,0.0
AAPL,2024-10-21T12:23:33.817837243Z,0.0,400.0,0.22012353980085714,0.0
AAPL,2024-10-21T12:23:34.381673108Z,0.0,25.0,0.28236888114077296,0.0
AAPL,2024-10-21T12:23:34.381786514Z,0.0,-26.0,-0.28109621886688546,0.0
AAPL,2024-10-21T12:23:35.765078516Z,0.0,0.0,-4.699705321511205e-05,0.0
AAPL,2024-10-21T12:23:35.765293055Z,0.0,0.0,-4.699705321511205e-05,0.0
AAPL,2024-10-21T12:23:35.765317844Z,-122.0,-61.0,1.7013609450795022,0.0
AAPL,2024-10-21T12:23:35.765319866Z,0.0,5.0,-2.1284941666850576,0.0
AAPL,2024-10-21T12:23:35.765327695Z,0.0,-100.0,-0.05508963126673319,0.0
AAPL,2024-10-21T12:23:35.765330068Z,0.0,-100.0,-0.05508963126673319,0.0
AAPL,2024-10-21T12:23:35.765336405Z,0.0,-38.0,-0.02096319805435198,0.0
AAPL,2024-10-21T12:23:35.765353728Z,0.0,100.0,0.054995637160302945,0.0
AAPL,2024-10-21T12:23:35.765358258Z,-300.0,-300.0,0.058053941069896794,0.0
AAPL,2024-10-21T12:23:35.765377342Z,0.0,100.0,0.054995637160302945,0.0
AAPL,2024-10-21T12:23:35.765712149Z,0.0,100.0,0.054995637160302945,0.0
AAPL,2024-10-21T12:23:35.833227941Z,0.0,81.0,3.5222310580223466,0.0
AAPL,2024-10-21T12:23:35.833269631Z,0.0,-80.0,-3.5217746257866422,0.0
AAPL,2024-10-21T12:23:35.833775320Z,95.0,90.0,4.291914631747774,0.0
AAPL,2024-10-21T12:23:35.833795471Z,-14.0,-81.0,2.0969851164786584,0.0
AAPL,2024-10-21T12:23:35.836802755Z,0.0,-20.0,-4.324167914813235,0.0
AAPL,2024-10-21T12:23:35.873762810Z,36.0,-25.0,-1.6847993369239742,0.0
AAPL,2024-10-21T12:23:35.901086187Z,0.0,390.0,2.1266920760728127,0.0
AAPL,2024-10-21T12:23:35.969121189Z,0.0,0.0,-4.699705321511205e-05,0.0
AAPL,2024-10-21T12:23:36.000147454Z,0.0,0.0,1.8121732477790558,0.0
AAPL,2024-10-21T12:23:36.364328399Z,0.0,-83.0,-4.308114823346682,0.0
AAPL,2024-10-21T12:23:36.417876919Z,0.0,0.0,-4.699705321511205e-05,0.0
AAPL,2024-10-21T12:23:37.809399308Z,0.0,200.0,0.11003827137382102,0.0
AAPL,2024-10-21T12:23:37.809411756Z,0.0,0.0,-4.699705321511205e-05,0.0
AAPL,2024-10-21T12:23:37.892403782Z,0.0,0.0,-4.699705321511205e-05,0.0
AAPL,2024-10-21T12:23:39.411730598Z,0.0,26.0,0.2810022247604553,0.0
AAPL,2024-10-21T12:23:39.411789045Z,0.0,-29.0,0.5230876030019921,0.0
AAPL,2024-10-21T12:23:40.838462060Z,0.0,83.0,4.308020829240252,0.0
AAPL,2024-10-21T12:23:40.838495937Z,0.0,-82.0,-4.306890525337403,0.0
AAPL,2024-10-21T12:23:40.883854903Z,0.0,-200.0,0.5184721718839014,0.0
AAPL,2024-10-21T12:23:53.580500087Z,-2.0,59.0,-0.3372284821138524,0.0
AAPL,2024-10-21T12:23:53.580531557Z,0.0,-90.0,4.175520916689101,0.0
AAPL,2024-10-21T12:23:53.584590487Z,2.0,-59.0,0.3371344880074224,0.0
AAPL,2024-10-21T12:23:53.687318686Z,0.0,90.0,-4.17561491079553,0.0
AAPL,2024-10-21T12:23:56.151717030Z,0.0,0.0,-4.699705321511205e-05,0.0
AAPL,2024-10-21T12:23:56.151739820Z,-98.0,-37.0,-0.3186361819144566,0.0
AAPL,2024-10-21T12:23:56.151743006Z,0.0,5.0,-0.16753965373792637,0.0
AAPL,2024-10-21T12:23:56.151744249Z,0.0,475.0,0.45507002788118156,0.0
AAPL,2024-10-21T12:23:56.151751835Z,0.0,-100.0,0.1040507326229257,0.0
AAPL,2024-10-21T12:23:56.151753407Z,-195.0,-290.0,-4.171726724081485,0.0
AAPL,2024-10-21T12:23:56.151760470Z,0.0,-30.0,-0.016559787317270532,0.0
AAPL,2024-10-21T12:23:56.151774406Z,0.0,170.0,-0.32319489605973667,0.0
AAPL,2024-10-21T12:23:56.151794726Z,45.0,0.0,-0.046489928500341594,0.0
AAPL,2024-10-21T12:23:56.151815406Z,25.0,25.0,-0.0048887418968077715,0.0
AAPL,2024-10-21T12:23:56.151818053Z,0.0,100.0,0.054995637160302945,0.0
AAPL,2024-10-21T12:23:56.151908869Z,-70.0,0.0,-0.09414202609877528,0.0
AAPL,2024-10-21T12:23:56.152059304Z,0.0,0.0,0.1461347615038672,0.0
AAPL,2024-10-21T12:23:56.152100943Z,-7.0,-7.0,0.0013086915029908329,0.0
AAPL,2024-10-21T12:23:56.152326897Z,100.0,100.0,-0.019413976427585754,0.0
AAPL,2024-10-21T12:23:56.156195112Z,-23.0,-493.0,-0.3365592302980695,0.0
AAPL,2024-10-21T12:23:56.222863616Z,0.0,390.0,3.9389123209050836,0.0
AAPL,2024-10-21T12:23:56.223377764Z,0.0,-18.0,-3.7342477157372267,0.0
AAPL,2024-10-21T12:23:56.223447893Z,0.0,19.0,4.325114898003568,0.0
AAPL,2024-10-21T12:23:56.253764723Z,0.0,-75.0,0.12891581568203356,0.0
AAPL,2024-10-21T12:23:56.403764720Z,28.0,-33.0,0.33209907337008604,0.0
AAPL,2024-10-21T12:23:59.004911131Z,0.0,-390.0,-4.529417065042149,0.0
AAPL,2024-10-21T12:23:59.004923443Z,0.0,390.0,2.1266920760728127,0.0
AAPL,2024-10-21T12:23:59.008280403Z,0.0,34.0,-0.6246073551903065,0.0
AAPL,2024-10-21T12:23:59.008322912Z,0.0,-33.0,0.6234723837871149,0.0
AAPL,2024-10-21T12:23:59.011947596Z,0.0,199.0,-0.428017715306545,0.0
AAPL,2024-10-21T12:23:59.011960403Z,0.0,-199.0,0.7000537434514317,0.0
AAPL,2024-10-21T12:23:59.013517894Z,0.0,199.0,-0.7001477375578616,0.0
AAPL,2024-10-21T12:23:59.013530559Z,0.0,-399.0,0.9082492028037132,0.0
AAPL,2024-10-21T12:23:59.014238552Z,0.0,28.0,-1.1125513698422953,0.0
AAPL,2024-10-21T12:23:59.017196811Z,0.0,-19.0,-0.6494549861298202,0.0
AAPL,2024-10-21T12:23:59.017282783Z,0.0,17.0,1.6026641044822605,0.0
AAPL,2024-10-21T12:23:59.074518650Z,0.0,200.0,0.11003827137382102,0.0
AAPL,2024-10-21T12:24:00.591545399Z,0.0,27.0,0.03300904919731599,0.0
AAPL,2024-10-21T12:24:00.591577923Z,0.0,-17.0,-1.6027580985886907,0.0
AAPL,2024-10-21T12:24:00.591620074Z,0.0,-25.0,0.5189236938149464,0.0
AAPL,2024-10-21T12:24:00.639005885Z,0.0,0.0,-1.2731699081704861,0.0
AAPL,2024-10-21T12:24:00.649056842Z,0.0,0.0,-4.699705321511205e-05,0.0
AAPL,2024-10-21T12:24:02.009392935Z,0.0,-200.0,-0.11013226548025125,0.0
AAPL,2024-10-21T12:24:03.014231244Z,0.0,0.0,-4.699705321511205e-05,0.0
AAPL,2024-10-21T12:24:12.705753370Z,0.0,25.0,-0.5190176879213767,0.0
AAPL,2024-10-21T12:24:12.705792927Z,0.0,-26.0,0.5199646711117079,0.0
AAPL,2024-10-21T12:24:12.758652350Z,0.0,200.0,0.11003827137382102,0.0
AAPL,2024-10-21T12:24:12.758665302Z,-198.0,0.0,0.14728403785080452,0.0
AAPL,2024-10-21T12:24:12.829796906Z,0.0,-290.0,3.256860451827105,0.0
AAPL,2024-10-21T12:24:12.829810064Z,0.0,290.0,-1.9838315348162647,0.0
AAPL,2024-10-21T12:24:12.887759925Z,0.0,-200.0,-1.3832551765975223,0.0
AAPL,2024-10-21T12:24:12.974071654Z,-200.0,-200.0,0.03868696169552616,0.0
AAPL,2024-10-21T12:24:12.981737142Z,394.0,57.0,-0.9412934991895658,0.0
AAPL,2024-10-21T12:24:12.981783591Z,0.0,-90.0,3.366945720254141,0.0
AAPL,2024-10-21T12:24:12.985831565Z,-394.0,-57.0,0.9411995050831355,0.0
AAPL,2024-10-21T12:24:13.052603423Z,0.0,290.0,-1.141149120969259,0.0
AAPL,2024-10-21T12:24:13.053128647Z,0.0,17.0,0.22075549530605215,0.0
AAPL,2024-10-21T12:24:13.053154026Z,0.0,-27.0,0.028059389959342915,0.0
AAPL,2024-10-21T12:24:13.184858615Z,0.0,-200.0,-0.2449065989090011,0.0
AAPL,2024-10-21T12:24:13.202985661Z,0.0,0.0,-0.4508367829552424,0.0
AAPL,2024-10-21T12:24:13.538400660Z,0.0,200.0,-0.20824245640549677,0.0
AAPL,2024-10-21T12:24:13.589170912Z,0.0,-200.0,0.20814846229906653,0.0
AAPL,2024-10-21T12:24:13.589183060Z,0.0,0.0,-1.591450635949804,0.0
AAPL,2024-10-21T12:24:13.922992508Z,0.0,-17.0,-0.22084948941248236,0.0
AAPL,2024-10-21T12:24:13.923126726Z,0.0,30.0,0.03668194322515277,0.0
AAPL,2024-10-21T12:24:15.708838775Z,0.0,26.0,-0.520058665218138,0.0
AAPL,2024-10-21T12:24:15.708973640Z,0.0,-28.0,0.4790787274550228,0.0
AAPL,2024-10-21T12:24:15.716580295Z,0.0,28.0,-0.4791727215614529,0.0
AAPL,2024-10-21T12:24:17.551956961Z,0.0,-26.0,0.5199646711117079,0.0
AAPL,2024-10-21T12:24:18.858127605Z,100.0,100.0,-0.019413976427585754,0.0
AAPL,2024-10-21T12:24:25.049338154Z,0.0,26.0,-0.520058665218138,0.0
AAPL,2024-10-21T12:24:25.049382422Z,0.0,-27.0,0.479629153797158,0.0
AAPL,2024-10-21T12:24:25.060079940Z,0.0,27.0,-0.4797231479035881,0.0
AAPL,2024-10-21T12:24:25.922924503Z,0.0,-25.0,0.5189236938149464,0.0
AAPL,2024-10-21T12:24:33.385173258Z,0.0,25.0,-0.5190176879213767,0.0
AAPL,2024-10-21T12:24:33.385196713Z,0.0,-28.0,0.4790787274550228,0.0
AAPL,2024-10-21T12:24:33.391191505Z,0.0,28.0,-0.4791727215614529,0.0
AAPL,2024-10-21T12:24:33.923102791Z,0.0,-25.0,0.5189236938149464,0.0
AAPL,2024-10-21T12:24:37.922944460Z,0.0,25.0,-0.5190176879213767,0.0
AAPL,2024-10-21T12:24:37.923028006Z,0.0,-26.0,0.48017958013929307,0.0
AAPL,2024-10-21T12:24:40.307674730Z,0.0,0.0,-4.699705321511205e-05,0.0
AAPL,2024-10-21T12:24:40.307995193Z,2.0,2.0,-0.0004343366407025249,0.0
AAPL,2024-10-21T12:24:40.307996031Z,0.0,90.0,4.014336514355948,0.0
AAPL,2024-10-21T12:24:40.308007727Z,-2.0,-2.0,0.0003403425342723007,0.0
AAPL,2024-10-21T12:24:40.308025276Z,200.0,200.0,-0.0387809558019564,0.0
AAPL,2024-10-21T12:24:40.308036005Z,173.0,199.0,-0.5137784485633846,0.0
AAPL,2024-10-21T12:24:40.308405475Z,0.0,-90.0,-4.014430508462379,0.0
AAPL,2024-10-21T12:24:40.309748359Z,0.0,90.0,4.014336514355948,0.0
AAPL,2024-10-21T12:24:40.310193512Z,0.0,-90.0,-4.014430508462379,0.0
AAPL,2024-10-21T12:24:40.353810051Z,-173.0,-199.0,0.5136844544569543,0.0
AAPL,2024-10-21T12:24:40.377247665Z,173.0,199.0,-0.5137784485633846,0.0
AAPL,2024-10-21T12:24:40.379809120Z,25.0,-1973.0,-0.8956747203236556,0.0
AAPL,2024-10-21T12:24:40.415871461Z,0.0,1800.0,0.7817545656308672,0.0
AAPL,2024-10-21T12:24:40.464828695Z,0.0,-200.0,-0.11013226548025125,0.0
AAPL,2024-10-21T12:24:40.656837789Z,0.0,-90.0,3.3601498943360206,0.0
AAPL,2024-10-21T12:24:40.763590881Z,0.0,90.0,-3.3602438884424513,0.0
AAPL,2024-10-21T12:24:43.066357159Z,-104.0,-9.0,4.03723030461597,0.0
AAPL,2024-10-21T12:24:43.129440388Z,0.0,-26.0,0.5199646711117079,0.0
AAPL,2024-10-21T12:24:55.149943017Z,0.0,0.0,-4.699705321511205e-05,0.0
AAPL,2024-10-21T12:24:55.149972348Z,-36.0,25.0,-0.005567155429127612,0.0
AAPL,2024-10-21T12:24:55.149990092Z,-26.0,-26.0,0.004988417584121255,0.0
AAPL,2024-10-21T12:24:55.150004189Z,0.0,79.0,-0.5876360287967805,0.0
AAPL,2024-10-21T12:24:55.250051974Z,38.0,38.0,-0.007406449215475955,0.0
AAPL,2024-10-21T12:24:55.250079517Z,0.0,-79.0,0.5875420346903503,0.0
AAPL,2024-10-21T12:24:55.403764807Z,24.0,-37.0,0.00779719884762191,0.0
AAPL,2024-10-21T12:24:58.866984470Z,-198.0,-137.0,0.02580735115735283,0.0
AAPL,2024-10-21T12:25:00.039201756Z,0.0,-36.0,0.6197994897592781,0.0
AAPL,2024-10-21T12:25:00.039255807Z,0.0,-30.0,-0.03677593733158302,0.0
AAPL,2024-10-21T12:25:00.940301280Z,-104.0,-9.0,4.114958936303869,0.0
AAPL,2024-10-21T12:25:03.425959742Z,0.0,56.0,-1.4936177371484656,0.0
AAPL,2024-10-21T12:25:07.929021771Z,0.0,200.0,0.24481260480257086,0.0
AAPL,2024-10-21T12:25:07.929036599Z,0.0,-200.0,-0.2449065989090011,0.0
AAPL,2024-10-21T12:25:08.718962947Z,0.0,-56.0,1.4935237430420352,0.0
AAPL,2024-10-21T12:25:08.828413687Z,99.0,-10.0,-4.07383607371178,0.0
AAPL,2024-10-21T12:25:09.009866477Z,0.0,-90.0,4.0962172736349975,0.0
AAPL,2024-10-21T12:25:09.009890544Z,0.0,90.0,-1.5053568781448106,0.0
AAPL,2024-10-21T12:25:09.088777165Z,0.0,200.0,-0.2733782731167525,0.0
AAPL,2024-10-21T12:25:09.146677151Z,0.0,-200.0,0.2732842790103223,0.0
AAPL,2024-10-21T12:25:09.146689798Z,0.0,200.0,-2.346141784794046,0.0
AAPL,2024-10-21T12:25:09.325236301Z,0.0,-290.0,3.851357671779212,0.0
AAPL,2024-10-21T12:25:09.325248668Z,0.0,90.0,-1.5053568781448106,0.0
AAPL,2024-10-21T12:25:09.630030450Z,0.0,200.0,-0.2733782731167525,0.0
AAPL,2024-10-21T12:25:09.684292780Z,0.0,-200.0,0.2732842790103223,0.0
AAPL,2024-10-21T12:25:09.684305729Z,0.0,200.0,-2.346141784794046,0.0
AAPL,2024-10-21T12:25:10.726127491Z,0.0,56.0,-1.4936177371484656,0.0
AAPL,2024-10-21T12:25:16.348283664Z,0.0,-200.0,-0.2449065989090011,0.0
AAPL,2024-10-21T12:25:25.279408267Z,0.0,-90.0,4.0962172736349975,0.0
AAPL,2024-10-21T12:25:25.279420038Z,0.0,90.0,-4.096311267741427,0.0
AAPL,2024-10-21T12:25:25.341543400Z,0.0,-63.0,1.492853565924882,0.0
AAPL,2024-10-21T12:25:26.789218710Z,0.0,63.0,-0.5913679882272579,0.0
AAPL,2024-10-21T12:25:34.805904261Z,-96.0,-11.0,3.9234100988621954,0.0
AAPL,2024-10-21T12:25:34.806661445Z,96.0,11.0,-3.923504092968626,0.0
AAPL,2024-10-21T12:25:34.806990464Z,0.0,0.0,-4.699705321511205e-05,0.0
AAPL,2024-10-21T12:25:35.054480586Z,0.0,0.0,-4.699705321511205e-05,0.0
AAPL,2024-10-21T12:25:35.054558163Z,0.0,337.0,0.17488307541626424,0.0
AAPL,2024-10-21T12:25:35.064902310Z,0.0,-200.0,0.20814846229906653,0.0
AAPL,2024-10-21T12:25:35.147671307Z,0.0,-200.0,0.20814846229906653,0.0
AAPL,2024-10-21T12:25:37.149112390Z,0.0,-53.0,-1.153913383554526,0.0
AAPL,2024-10-21T12:25:39.151789847Z,0.0,53.0,-0.030079186091687044,0.0
AAPL,2024-10-21T12:25:43.597387033Z,0.0,0.0,-4.699705321511205e-05,0.0
AAPL,2024-10-21T12:25:45.063448661Z,0.0,0.0,-4.699705321511205e-05,0.0
AAPL,2024-10-21T12:25:52.757291105Z,0.0,-90.0,4.0962172736349975,0.0
AAPL,2024-10-21T12:25:52.757304269Z,0.0,90.0,-4.096311267741427,0.0
AAPL,2024-10-21T12:25:54.873237392Z,0.0,1.0,0.0005034292889200686,0.0
AAPL,2024-10-21T12:26:00.405695962Z,0.0,-53.0,0.029985191985256815,0.0
AAPL,2024-10-21T12:26:01.715279752Z,0.0,0.0,-4.699705321511205e-05,0.0
AAPL,2024-10-21T12:26:02.221924482Z,0.0,0.0,-4.699705321511205e-05,0.0
AAPL,2024-10-21T12:26:02.408536304Z,0.0,53.0,0.5252149520839433,0.0
AAPL,2024-10-21T12:26:05.173881544Z,0.0,85.0,3.903226395023903,0.0
AAPL,2024-10-21T12:26:05.247215441Z,0.0,200.0,0.11003827137382102,0.0
AAPL,2024-10-21T12:26:05.247226039Z,0.0,200.0,0.11003827137382102,0.0
AAPL,2024-10-21T12:26:05.247237168Z,0.0,-137.0,-0.3944989054051779,0.0
AAPL,2024-10-21T12:26:08.272451351Z,0.0,0.0,-4.699705321511205e-05,0.0
AAPL,2024-10-21T12:26:09.610903498Z,0.0,-85.0,-3.9033203891303336,0.0
AAPL,2024-10-21T12:26:11.689776041Z,0.0,137.0,0.3944049112987478,0.0
AAPL,2024-10-21T12:26:11.689788127Z,0.0,-137.0,-0.3944989054051779,0.0
AAPL,2024-10-21T12:26:11.691787041Z,0.0,-200.0,0.20814846229906653,0.0
AAPL,2024-10-21T12:26:11.746296162Z,0.0,200.0,-0.20824245640549677,0.0
AAPL,2024-10-21T12:26:11.746308007Z,0.0,0.0,-4.699705321511205e-05,0.0
AAPL,2024-10-21T12:26:13.045285946Z,0.0,0.0,-4.699705321511205e-05,0.0
AAPL,2024-10-21T12:26:20.829236958Z,0.0,-15.0,-0.008303392185242823,0.0
AAPL,2024-10-21T12:26:22.496350258Z,0.0,-56.0,0.5953135295736995,0.0
AAPL,2024-10-21T12:26:23.488892465Z,0.0,-90.0,4.0962172736349975,0.0
AAPL,2024-10-21T12:26:23.498360877Z,0.0,90.0,-4.096311267741427,0.0
AAPL,2024-10-21T12:26:24.504437465Z,0.0,-7.0,-0.003412621060111887,0.0
AAPL,2024-10-21T12:26:25.077457400Z,0.0,-90.0,4.0962172736349975,0.0
AAPL,2024-10-21T12:26:25.077469095Z,0.0,90.0,-4.096311267741427,0.0
AAPL,2024-10-21T12:26:25.077482593Z,0.0,-200.0,0.20814846229906653,0.0
AAPL,2024-10-21T12:26:25.129312037Z,0.0,200.0,-0.20824245640549677,0.0
AAPL,2024-10-21T12:26:25.129324093Z,0.0,-60.0,-0.8281822542962601,0.0
AAPL,2024-10-21T12:26:25.268638479Z,0.0,0.0,-4.699705321511205e-05,0.0
AAPL,2024-10-21T12:26:25.384088744Z,0.0,200.0,0.11003827137382102,0.0
AAPL,2024-10-21T12:26:25.384100277Z,0.0,-140.0,0.7180029917627939,0.0
AAPL,2024-10-21T12:26:25.438886764Z,0.0,0.0,-4.699705321511205e-05,0.0
AAPL,2024-10-21T12:26:25.518902005Z,0.0,0.0,-4.699705321511205e-05,0.0
AAPL,2024-10-21T12:26:31.592891536Z,0.0,7.0,0.003318626953681663,0.0
AAPL,2024-10-21T12:26:32.717433050Z,-10.0,-10.0,0.0018897008842219524,0.0
AAPL,2024-10-21T12:26:32.717472823Z,0.0,-90.0,4.0962172736349975,0.0
AAPL,2024-10-21T12:26:32.721528057Z,10.0,10.0,-0.001983694990652176,0.0
AAPL,2024-10-21T12:26:32.820683999Z,0.0,90.0,-4.096311267741427,0.0
AAPL,2024-10-21T12:26:33.596060481Z,0.0,-7.0,-0.003412621060111887,0.0
AAPL,2024-10-21T12:26:33.705296257Z,0.0,-90.0,4.0962172736349975,0.0
AAPL,2024-10-21T12:26:33.705309399Z,0.0,290.0,-3.8514516658856417,0.0
AAPL,2024-10-21T12:26:40.656134264Z,0.0,140.0,-0.718096985869224,0.0
AAPL,2024-10-21T12:26:40.656147028Z,0.0,-340.0,0.9261984511150754,0.0
AAPL,2024-10-21T12:26:40.707506986Z,0.0,0.0,-4.699705321511205e-05,0.0
AAPL,2024-10-21T12:26:40.896535785Z,0.0,0.0,-4.699705321511205e-05,0.0
AAPL,2024-10-21T12:26:42.392534365Z,0.0,7.0,0.003318626953681663,0.0
AAPL,2024-10-21T12:26:43.555613825Z,0.0,0.0,-4.699705321511205e-05,0.0
AAPL,2024-10-21T12:26:43.555625145Z,98.0,-10.0,-3.620036916367833,0.0
AAPL,2024-10-21T12:26:43.555636531Z,21.0,-37.0,-1.5365623512370452,0.0
AAPL,2024-10-21T12:26:43.555641373Z,0.0,305.0,-0.0595623273311863,0.0
AAPL,2024-10-21T12:26:43.555648065Z,0.0,-100.0,0.1040507326229257,0.0
AAPL,2024-10-21T12:26:43.555650058Z,0.0,-100.0,0.1040507326229257,0.0
AAPL,2024-10-21T12:26:43.555653371Z,0.0,-300.0,1.136270486945551,0.0
AAPL,2024-10-21T12:26:43.555663089Z,0.0,477.0,-1.0389390184940546,0.0
AAPL,2024-10-21T12:26:43.555678324Z,77.0,-400.0,1.023932450269359,0.0
AAPL,2024-10-21T12:26:43.555692383Z,0.0,100.0,0.054995637160302945,0.0
AAPL,2024-10-21T12:26:43.555700148Z,0.0,577.0,-1.4247151922548915,0.0
AAPL,2024-10-21T12:26:43.555711164Z,0.0,0.0,-4.699705321511205e-05,0.0
AAPL,2024-10-21T12:26:43.555724858Z,100.0,100.0,-0.019413976427585754,0.0
AAPL,2024-10-21T12:26:43.555737821Z,0.0,0.0,-4.699705321511205e-05,0.0
AAPL,2024-10-21T12:26:43.555767270Z,0.0,-200.0,-0.2449065989090011,0.0
AAPL,2024-10-21T12:26:43.555789284Z,0.0,-90.0,4.0962172736349975,0.0
AAPL,2024-10-21T12:26:43.555989102Z,0.0,-400.0,1.5220466607063883,0.0
AAPL,2024-10-21T12:26:43.556335122Z,0.0,0.0,-4.699705321511205e-05,0.0
AAPL,2024-10-21T12:26:43.556344203Z,100.0,100.0,-0.019413976427585754,0.0
AAPL,2024-10-21T12:26:43.602920183Z,0.0,90.0,-4.096311267741427,0.0
AAPL,2024-10-21T12:26:43.632931005Z,0.0,200.0,0.24481260480257086,0.0
AAPL,2024-10-21T12:26:43.663764676Z,0.0,-82.0,-1.437512706897737,0.0
AAPL,2024-10-21T12:26:43.813764689Z,-98.0,-40.0,1.5513809312488802,0.0
AAPL,2024-10-21T12:26:44.395140599Z,0.0,56.0,-1.4697466825650167,0.0
AAPL,2024-10-21T12:26:47.316834945Z,0.0,337.0,1.076462647220319,0.0
AAPL,2024-10-21T12:26:47.316847348Z,0.0,-337.0,-1.076556641326749,0.0
AAPL,2024-10-21T12:26:47.371448271Z,0.0,-200.0,-0.2449065989090011,0.0
AAPL,2024-10-21T12:26:47.371461367Z,0.0,200.0,0.24481260480257086,0.0
AAPL,2024-10-21T12:26:53.381650546Z,0.0,0.0,-4.699705321511205e-05,0.0
AAPL,2024-10-21T12:26:54.545723322Z,0.0,-290.0,3.851357671779212,0.0
AAPL,2024-10-21T12:26:54.545735230Z,0.0,290.0,-3.8514516658856417,0.0
AAPL,2024-10-21T12:27:04.677802802Z,0.0,0.0,-4.699705321511205e-05,0.0
AAPL,2024-10-21T12:27:04.858186427Z,0.0,-200.0,-0.2449065989090011,0.0
AAPL,2024-10-21T12:27:08.140184917Z,100.0,100.0,-0.019413976427585754,0.0
AAPL,2024-10-21T12:27:08.267237597Z,0.0,200.0,0.6593579858079529,0.0
AAPL,2024-10-21T12:27:08.903847050Z,0.0,200.0,0.24481260480257086,0.0
AAPL,2024-10-21T12:27:15.211023662Z,0.0,-56.0,0.31082538032706136,0.0
AAPL,2024-10-21T12:27:16.357185731Z,-79.0,61.0,-0.4196907848414968,0.0
AAPL,2024-10-21T12:27:16.383880298Z,0.0,0.0,-4.699705321511205e-05,0.0
AAPL,2024-10-21T12:27:17.218233083Z,193.0,53.0,0.39751843424828404,0.0
AAPL,2024-10-21T12:27:21.555991612Z,0.0,-200.0,-0.2449065989090011,0.0
AAPL,2024-10-21T12:27:21.556005910Z,0.0,110.0,4.2063025420620335,0.0
AAPL,2024-10-21T12:27:21.983129451Z,0.0,-200.0,-0.11013226548025125,0.0
AAPL,2024-10-21T12:27:21.983142748Z,0.0,290.0,-3.8514516658856417,0.0
AAPL,2024-10-21T12:27:22.988903196Z,-193.0,-53.0,-0.3976124283547142,0.0
AAPL,2024-10-21T12:27:23.025707565Z,0.0,-290.0,3.851357671779212,0.0
AAPL,2024-10-21T12:27:23.025720316Z,0.0,90.0,-4.096311267741427,0.0
AAPL,2024-10-21T12:27:24.992239712Z,-7.0,-7.0,0.0013086915029908329,0.0
AAPL,2024-10-21T12:27:25.038119028Z,0.0,0.0,-4.699705321511205e-05,0.0
AAPL,2024-10-21T12:27:26.130738899Z,0.0,200.0,0.24481260480257086,0.0
AAPL,2024-10-21T12:27:28.578403729Z,7.0,7.0,-0.0014026856094210567,0.0
AAPL,2024-10-21T12:27:29.135563917Z,183.0,199.0,0.02157721728538684,0.0
AAPL,2024-10-21T12:27:29.135580379Z,0.0,-399.0,-0.2679260726846894,0.0
AAPL,2024-10-21T12:27:30.581609917Z,0.0,-7.0,0.004707957535989466,0.0
AAPL,2024-10-21T12:27:37.149186319Z,0.0,-200.0,-0.2449065989090011,0.0
AAPL,2024-10-21T12:27:37.149198552Z,0.0,200.0,0.24481260480257086,0.0
AAPL,2024-10-21T12:27:37.281359883Z,0.0,200.0,0.11003827137382102,0.0
AAPL,2024-10-21T12:27:37.731121489Z,0.0,0.0,-4.699705321511205e-05,0.0
AAPL,2024-10-21T12:27:37.763839849Z,0.0,-200.0,-0.2449065989090011,0.0
AAPL,2024-10-21T12:27:37.766952915Z,0.0,-200.0,-0.11013226548025125,0.0
AAPL,2024-10-21T12:27:39.525383410Z,0.0,200.0,0.11003827137382102,0.0
AAPL,2024-10-21T12:27:39.525394818Z,0.0,199.0,0.1423212948597372,0.0
AAPL,2024-10-21T12:27:39.526899044Z,0.0,7.0,0.01062356364906622,0.0
AAPL,2024-10-21T12:27:39.592903496Z,0.0,85.0,3.903226395023903,0.0
AAPL,2024-10-21T12:27:39.593262886Z,0.0,-85.0,-3.9033203891303336,0.0
AAPL,2024-10-21T12:27:39.711750527Z,0.0,-399.0,-0.2679260726846894,0.0
AAPL,2024-10-21T12:27:40.731328339Z,0.0,0.0,-4.699705321511205e-05,0.0
AAPL,2024-10-21T12:27:40.757807867Z,0.0,399.0,0.2678320785782593,0.0
AAPL,2024-10-21T12:27:40.757820402Z,0.0,-199.0,-0.15784080425765326,0.0
AAPL,2024-10-21T12:27:41.105981707Z,0.0,199.0,0.15774681015122313,0.0
AAPL,2024-10-21T12:27:41.175574942Z,0.0,-199.0,-0.15784080425765326,0.0
AAPL,2024-10-21T12:27:41.222814573Z,0.0,-200.0,-0.11013226548025125,0.0
AAPL,2024-10-21T12:27:41.319854032Z,0.0,200.0,0.11003827137382102,0.0
AAPL,2024-10-21T12:27:41.319866876Z,0.0,0.0,-4.699705321511205e-05,0.0
AAPL,2024-10-21T12:27:41.529517717Z,0.0,53.0,-0.50464464160795,0.0
AAPL,2024-10-21T12:27:46.417280824Z,0.0,-90.0,4.0962172736349975,0.0
AAPL,2024-10-21T12:27:46.417292639Z,0.0,290.0,-3.8514516658856417,0.0
AAPL,2024-10-21T12:27:46.472297071Z,0.0,0.0,-4.699705321511205e-05,0.0
AAPL,2024-10-21T12:27:47.208717142Z,0.0,140.0,1.637446378856085,0.0
AAPL,2024-10-21T12:27:47.309406274Z,0.0,-140.0,-1.637540372962515,0.0
AAPL,2024-10-21T12:27:47.985298442Z,0.0,0.0,-4.699705321511205e-05,0.0
AAPL,2024-10-21T12:27:50.060705561Z,0.0,140.0,1.637446378856085,0.0
AAPL,2024-10-21T12:27:50.061424726Z,-291.0,-11.0,3.5487265638003582,0.0
AAPL,2024-10-21T12:27:50.061724093Z,100.0,100.0,-0.019413976427585754,0.0
AAPL,2024-10-21T12:27:50.062117451Z,-100.0,-100.0,0.01931998232115553,0.0
AAPL,2024-10-21T12:27:50.063092822Z,0.0,6.0,-0.9751489212033421,0.0
AAPL,2024-10-21T12:27:50.065517946Z,291.0,11.0,-3.5488205579067893,0.0
AAPL,2024-10-21T12:27:50.072608485Z,0.0,0.0,-4.699705321511205e-05,0.0
AAPL,2024-10-21T12:27:50.167395987Z,0.0,-199.0,-0.15784080425765326,0.0
AAPL,2024-10-21T12:27:51.736205355Z,0.0,-200.0,-0.11013226548025125,0.0
AAPL,2024-10-21T12:27:51.790801843Z,0.0,200.0,0.11003827137382102,0.0
AAPL,2024-10-21T12:27:51.790814229Z,0.0,0.0,-4.699705321511205e-05,0.0
AAPL,2024-10-21T12:27:52.065555514Z,0.0,-7.0,0.004707957535989466,0.0
AAPL,2024-10-21T12:27:52.393140055Z,-195.0,85.0,3.5301342636009627,0.0
AAPL,2024-10-21T12:27:52.393807534Z,195.0,-85.0,-3.5302282577073933,0.0
AAPL,2024-10-21T12:27:53.196914522Z,0.0,-90.0,3.961442940206248,0.0
AAPL,2024-10-21T12:27:55.777360755Z,0.0,-110.0,-4.106499769740771,0.0
AAPL,2024-10-21T12:27:57.069644133Z,0.0,7.0,-0.004801951642419688,0.0
AAPL,2024-10-21T12:27:59.074932933Z,0.0,53.0,0.5252149520839433,0.0
AAPL,2024-10-21T12:28:13.140488443Z,0.0,-53.0,-0.5253089461903736,0.0
AAPL,2024-10-21T12:28:13.787619066Z,-100.0,-100.0,0.01931998232115553,0.0
AAPL,2024-10-21T12:28:15.143399309Z,0.0,53.0,0.5252149520839433,0.0
AAPL,2024-10-21T12:28:15.998512488Z,0.0,-200.0,-0.11013226548025125,0.0
AAPL,2024-10-21T12:28:16.004484708Z,0.0,200.0,0.11003827137382102,0.0
AAPL,2024-10-21T12:28:16.009375121Z,0.0,-200.0,-0.11013226548025125,0.0
AAPL,2024-10-21T12:28:18.439793678Z,0.0,-90.0,3.9963205072073054,0.0
AAPL,2024-10-21T12:28:18.439806868Z,0.0,290.0,-3.8514516658856417,0.0
AAPL,2024-10-21T12:28:18.595532956Z,0.0,0.0,-4.699705321511205e-05,0.0
AAPL,2024-10-21T12:28:21.754579574Z,0.0,200.0,0.11003827137382102,0.0
AAPL,2024-10-21T12:28:21.754589712Z,0.0,140.0,-0.41907666215828365,0.0
AAPL,2024-10-21T12:28:21.754600821Z,0.0,-400.0,-0.2202175339072874,0.0
AAPL,2024-10-21T12:28:21.805245495Z,0.0,0.0,-4.699705321511205e-05,0.0
AAPL,2024-10-21T12:28:21.865225042Z,0.0,-200.0,-0.2449065989090011,0.0
AAPL,2024-10-21T12:28:32.979122877Z,0.0,110.0,3.888021814282716,0.0
AAPL,2024-10-21T12:28:35.114709429Z,0.0,-200.0,0.20814846229906653,0.0
AAPL,2024-10-21T12:28:35.114721686Z,0.0,90.0,-4.096311267741427,0.0
AAPL,2024-10-21T12:28:35.212998331Z,0.0,60.0,0.5290679364788896,0.0
AAPL,2024-10-21T12:28:35.345053997Z,0.0,200.0,0.24481260480257086,0.0
AAPL,2024-10-21T12:28:42.162092040Z,0.0,-200.0,-0.2449065989090011,0.0
AAPL,2024-10-21T12:28:42.162105350Z,0.0,0.0,0.09984976937447738,0.0
AAPL,2024-10-21T12:28:45.429284120Z,0.0,-90.0,3.9963205072073054,0.0
AAPL,2024-10-21T12:28:45.429297045Z,0.0,290.0,-3.8514516658856417,0.0
AAPL,2024-10-21T12:28:48.483119828Z,0.0,-200.0,-0.1450098324813086,0.0
AAPL,2024-10-21T12:28:55.560815833Z,0.0,0.0,-4.699705321511205e-05,0.0
AAPL,2024-10-21T12:28:55.560817191Z,-93.0,-47.0,0.04252113380304262,0.0
AAPL,2024-10-21T12:28:55.560841422Z,-100.0,-100.0,0.01931998232115553,0.0
AAPL,2024-10-21T12:28:55.560892756Z,0.0,-90.0,3.9963205072073054,0.0
AAPL,2024-10-21T12:28:55.561120579Z,100.0,100.0,-0.019413976427585754,0.0
AAPL,2024-10-21T12:28:55.561195478Z,83.0,37.0,-0.04067842997203581,0.0
AAPL,2024-10-21T12:28:55.562160475Z,0.0,-53.0,-0.5253089461903736,0.0
AAPL,2024-10-21T12:28:55.639691686Z,0.0,290.0,-3.8514516658856417,0.0
AAPL,2024-10-21T12:28:55.964429174Z,0.0,-200.0,-0.2449065989090011,0.0
AAPL,2024-10-21T12:28:56.442607241Z,0.0,0.0,-4.699705321511205e-05,0.0
AAPL,2024-10-21T12:28:57.565348157Z,0.0,53.0,0.5252149520839433,0.0
AAPL,2024-10-21T12:28:57.830839869Z,0.0,200.0,0.11003827137382102,0.0
AAPL,2024-10-21T12:28:57.890894861Z,-200.0,-60.0,-0.38034270340954235,0.0
AAPL,2024-10-21T12:28:58.005959828Z,17.0,60.0,0.5164183021689485,0.0
AAPL,2024-10-21T12:28:58.694439582Z,0.0,110.0,4.2063025420620335,0.0
AAPL,2024-10-21T12:29:01.022123658Z,0.0,-200.0,-0.11013226548025125,0.0
AAPL,2024-10-21T12:29:01.022136915Z,0.0,290.0,-3.8514516658856417,0.0
AAPL,2024-10-21T12:29:01.158380499Z,0.0,0.0,-4.699705321511205e-05,0.0
AAPL,2024-10-21T12:29:01.158396024Z,98.0,-10.0,-3.620036916367833,0.0
AAPL,2024-10-21T12:29:01.158404180Z,100.0,-37.0,-0.7050927506976242,0.0
AAPL,2024-10-21T12:29:01.158408745Z,0.0,375.0,0.04365830240966709,0.0
AAPL,2024-10-21T12:29:01.158418184Z,-100.0,-100.0,0.01931998232115553,0.0
AAPL,2024-10-21T12:29:01.158419809Z,0.0,-100.0,0.1040507326229257,0.0
AAPL,2024-10-21T12:29:01.158423515Z,0.0,-26.0,-0.014358081948729808,0.0
AAPL,2024-10-21T12:29:01.158424717Z,0.0,0.0,-4.699705321511205e-05,0.0
AAPL,2024-10-21T12:29:01.158426997Z,0.0,0.0,-4.699705321511205e-05,0.0
AAPL,2024-10-21T12:29:01.158427442Z,0.0,130.0,0.07150842742435837,0.0
AAPL,2024-10-21T12:29:01.158431288Z,0.0,-100.0,0.1040507326229257,0.0
AAPL,2024-10-21T12:29:01.158434916Z,98.0,-10.0,-3.620036916367833,0.0
AAPL,2024-10-21T12:29:01.158437825Z,0.0,74.0,0.7771822205079735,0.0
AAPL,2024-10-21T12:29:01.158453404Z,0.0,-290.0,3.851357671779212,0.0
AAPL,2024-10-21T12:29:01.158458726Z,100.0,100.0,-0.019413976427585754,0.0
AAPL,2024-10-21T12:29:01.158475713Z,74.0,0.0,-1.2276523764091034,0.0
AAPL,2024-10-21T12:29:01.158485485Z,0.0,74.0,1.2132268175656387,0.0
AAPL,2024-10-21T12:29:01.158498852Z,0.0,0.0,-4.699705321511205e-05,0.0
AAPL,2024-10-21T12:29:01.158508412Z,100.0,100.0,-0.019413976427585754,0.0
AAPL,2024-10-21T12:29:01.158520941Z,0.0,0.0,-4.699705321511205e-05,0.0
AAPL,2024-10-21T12:29:01.158530490Z,0.0,100.0,-0.10414472672935594,0.0
AAPL,2024-10-21T12:29:01.158531815Z,100.0,200.0,-0.1235117061037266,0.0
AAPL,2024-10-21T12:29:01.158554739Z,0.0,0.0,-4.699705321511205e-05,0.0
AAPL,2024-10-21T12:29:01.158835732Z,0.0,0.0,-0.8543085345747478,0.0
AAPL,2024-10-21T12:29:01.260812083Z,0.0,-474.0,0.5193259270416646,0.0
AAPL,2024-10-21T12:29:01.260820985Z,0.0,-79.0,-0.5433372402326916,0.0
AAPL,2024-10-21T12:29:01.260872777Z,0.0,90.0,-4.096311267741427,0.0
AAPL,2024-10-21T12:29:01.411037140Z,-174.0,-37.0,0.7193303213282284,0.0
AAPL,2024-10-21T12:29:01.477138444Z,0.0,0.0,-4.699705321511205e-05,0.0
AAPL,2024-10-21T12:29:01.477149422Z,100.0,100.0,-0.019413976427585754,0.0
AAPL,2024-10-21T12:29:01.477199123Z,0.0,-90.0,4.0962172736349975,0.0
AAPL,2024-10-21T12:29:01.541027344Z,0.0,400.0,-0.5467095491802898,0.0
AAPL,2024-10-21T12:29:01.544694740Z,-200.0,-200.0,0.03868696169552616,0.0
AAPL,2024-10-21T12:29:01.602571884Z,200.0,200.0,-0.0387809558019564,0.0
AAPL,2024-10-21T12:29:01.602608635Z,-200.0,-200.0,0.03868696169552616,0.0
AAPL,2024-10-21T12:29:01.646117074Z,383.0,340.0,-0.5939802137728613,0.0
AAPL,2024-10-21T12:29:01.646130641Z,-183.0,-140.0,0.5551522609176898,0.0
AAPL,2024-10-21T12:29:01.700637009Z,0.0,-310.0,-3.549648715614353,0.0
AAPL,2024-10-21T12:29:01.702431410Z,183.0,140.0,-0.5552462550241202,0.0
AAPL,2024-10-21T12:29:01.702443831Z,-183.0,-140.0,0.5551522609176898,0.0
AAPL,2024-10-21T12:29:01.828859341Z,0.0,200.0,0.24481260480257086,0.0
AAPL,2024-10-21T12:29:01.883788028Z,0.0,-200.0,-0.2449065989090011,0.0
AAPL,2024-10-21T12:29:01.883801296Z,0.0,200.0,0.24481260480257086,0.0
AAPL,2024-10-21T12:29:04.074375510Z,0.0,-90.0,3.961442940206248,0.0
AAPL,2024-10-21T12:29:04.429500359Z,0.0,0.0,-4.699705321511205e-05,0.0
AAPL,2024-10-21T12:29:04.493551721Z,0.0,-200.0,-0.11013226548025125,0.0
AAPL,2024-10-21T12:29:04.493564498Z,0.0,90.0,-4.096311267741427,0.0
AAPL,2024-10-21T12:29:04.660423222Z,0.0,-90.0,4.0962172736349975,0.0
AAPL,2024-10-21T12:29:04.660436269Z,0.0,400.0,-0.5467095491802898,0.0
AAPL,2024-10-21T12:29:04.679139876Z,-200.0,-200.0,0.03868696169552616,0.0
AAPL,2024-10-21T12:29:04.736790546Z,200.0,200.0,-0.0387809558019564,0.0
AAPL,2024-10-21T12:29:04.736803679Z,0.0,0.0,-4.699705321511205e-05,0.0
AAPL,2024-10-21T12:29:04.942410445Z,183.0,140.0,-0.5552462550241202,0.0
AAPL,2024-10-21T12:29:04.942423141Z,-183.0,-140.0,0.5551522609176898,0.0
AAPL,2024-10-21T12:29:04.996963888Z,0.0,-110.0,-3.304789113758567,0.0
AAPL,2024-10-21T12:29:07.476155585Z,0.0,0.0,-4.699705321511205e-05,0.0
AAPL,2024-10-21T12:29:07.543812287Z,0.0,-290.0,3.851357671779212,0.0
AAPL,2024-10-21T12:29:07.572921012Z,0.0,-53.0,-0.5253089461903736,0.0
AAPL,2024-10-21T12:29:07.582875842Z,0.0,90.0,-4.096311267741427,0.0
AAPL,2024-10-21T12:29:07.714932040Z,0.0,0.0,-4.699705321511205e-05,0.0
AAPL,2024-10-21T12:29:08.288226889Z,0.0,0.0,-4.699705321511205e-05,0.0
AAPL,2024-10-21T12:29:08.936973408Z,183.0,199.0,0.02157721728538684,0.0
AAPL,2024-10-21T12:29:08.936985355Z,0.0,-199.0,-0.15784080425765326,0.0
AAPL,2024-10-21T12:29:08.991905949Z,0.0,0.0,-4.699705321511205e-05,0.0
AAPL,2024-10-21T12:29:09.054055599Z,-200.0,-1.0,0.19648076889996433,0.0
AAPL,2024-10-21T12:29:09.096609749Z,0.0,0.0,-4.699705321511205e-05,0.0
AAPL,2024-10-21T12:29:09.096622742Z,98.0,-10.0,-4.073091977575901,0.0
AAPL,2024-10-21T12:29:09.096634813Z,117.0,-99.0,-0.18985741794196512,0.0
AAPL,2024-10-21T12:29:09.096639241Z,0.0,-75.0,0.788955144458924,0.0
AAPL,2024-10-21T12:29:09.096640225Z,0.0,-37.0,-0.9743044493497899,0.0
AAPL,2024-10-21T12:29:09.096649377Z,0.0,-200.0,0.20814846229906653,0.0
AAPL,2024-10-21T12:29:09.096651465Z,0.0,72.0,0.6751946494387729,0.0
AAPL,2024-10-21T12:29:09.096659107Z,0.0,36.0,-0.6158425985946038,0.0
AAPL,2024-10-21T12:29:09.096672869Z,0.0,78.0,0.7888276590099024,0.0
AAPL,2024-10-21T12:29:09.096683301Z,73.0,-5.0,-1.2375127414783922,0.0
AAPL,2024-10-21T12:29:09.096693428Z,0.0,-90.0,4.0962172736349975,0.0
AAPL,2024-10-21T12:29:09.096705312Z,0.0,100.0,0.054995637160302945,0.0
AAPL,2024-10-21T12:29:09.096706998Z,0.0,100.0,0.054995637160302945,0.0
AAPL,2024-10-21T12:29:09.097036830Z,0.0,37.0,1.0903829208828104,0.0
AAPL,2024-10-21T12:29:09.197808423Z,0.0,-33.0,-0.8484951835159535,0.0
AAPL,2024-10-21T12:29:09.197865189Z,0.0,90.0,-4.096311267741427,0.0
AAPL,2024-10-21T12:29:09.349517861Z,-190.0,26.0,0.20390131877882542,0.0
AAPL,2024-10-21T12:29:09.575899057Z,210.0,-6.0,-0.20786870876012978,0.0
AAPL,2024-10-21T12:29:11.490444580Z,0.0,0.0,-4.699705321511205e-05,0.0
AAPL,2024-10-21T12:29:12.051081325Z,0.0,200.0,0.11003827137382102,0.0
AAPL,2024-10-21T12:29:12.051094374Z,0.0,-140.0,0.7261235703588953,0.0
AAPL,2024-10-21T12:29:12.054384594Z,0.0,140.0,-0.7262175644653254,0.0
AAPL,2024-10-21T12:29:12.054397299Z,0.0,-140.0,0.7261235703588953,0.0
AAPL,2024-10-21T12:29:12.061278295Z,0.0,-200.0,0.20814846229906653,0.0
AAPL,2024-10-21T12:29:12.188742107Z,0.0,200.0,0.24481260480257086,0.0
AAPL,2024-10-21T12:29:14.061139742Z,-10.0,-53.0,-1.143289614917944,0.0
AAPL,2024-10-21T12:29:16.067040933Z,0.0,53.0,0.5252149520839433,0.0
AAPL,2024-10-21T12:29:26.242855402Z,0.0,-200.0,-0.2449065989090011,0.0
AAPL,2024-10-21T12:29:26.242868183Z,0.0,200.0,0.24481260480257086,0.0
AAPL,2024-10-21T12:29:26.365233464Z,0.0,-200.0,-0.2449065989090011,0.0
AAPL,2024-10-21T12:29:49.448744098Z,0.0,0.0,-4.699705321511205e-05,0.0
AAPL,2024-10-21T12:29:49.450300162Z,0.0,0.0,-4.699705321511205e-05,0.0
AAPL,2024-10-21T12:29:49.450311621Z,98.0,-10.0,-4.073091977575901,0.0
AAPL,2024-10-21T12:29:49.450314673Z,0.0,0.0,-4.699705321511205e-05,0.0
AAPL,2024-10-21T12:29:49.450321900Z,-83.0,-37.0,0.04058443586560562,0.0
AAPL,2024-10-21T12:29:49.450325841Z,0.0,451.0,0.33354430850130146,0.0
AAPL,2024-10-21T12:29:49.450334304Z,0.0,-200.0,0.20814846229906653,0.0
AAPL,2024-10-21T12:29:49.450337787Z,0.0,-19.0,-0.010505097553783543,0.0
AAPL,2024-10-21T12:29:49.450341436Z,0.0,54.0,0.029676025422084643,0.0
AAPL,2024-10-21T12:29:49.450344611Z,81.0,-400.0,-1.3431398199250735,0.0
AAPL,2024-10-21T12:29:49.450349606Z,0.0,481.0,0.8801741499954613,0.0
AAPL,2024-10-21T12:29:49.450351627Z,0.0,100.0,0.054995637160302945,0.0
AAPL,2024-10-21T12:29:49.450355047Z,0.0,100.0,0.054995637160302945,0.0
AAPL,2024-10-21T12:29:49.450394230Z,0.0,-190.0,-4.147201774363796,0.0
AAPL,2024-10-21T12:29:49.450652186Z,0.0,-400.0,-0.835683610388942,0.0
AAPL,2024-10-21T12:29:49.452270874Z,0.0,-98.0,-0.26930719148662174,0.0
AAPL,2024-10-21T12:29:49.553764632Z,0.0,-44.0,1.4762578045642085,0.0
AAPL,2024-10-21T12:29:49.553823391Z,0.0,190.0,4.1471077802573655,0.0
AAPL,2024-10-21T12:29:49.703766083Z,2.0,-41.0,-1.1456136524428684,0.0
AAPL,2024-10-21T12:29:50.524022649Z,0.0,-190.0,-4.147201774363796,0.0
AAPL,2024-10-21T12:29:50.524034831Z,0.0,190.0,4.1471077802573655,0.0
AAPL,2024-10-21T12:29:51.461550015Z,10.0,53.0,1.1431956208115142,0.0
AAPL,2024-10-21T12:29:54.581050838Z,0.0,200.0,-0.20824245640549677,0.0
AAPL,2024-10-21T12:29:54.581064740Z,0.0,-200.0,0.20814846229906653,0.0
AAPL,2024-10-21T12:29:54.639369336Z,0.0,200.0,-0.4994693223235725,0.0
AAPL,2024-10-21T12:29:55.410313755Z,-193.0,0.0,0.1435635571714101,0.0
AAPL,2024-10-21T12:30:01.594370016Z,0.0,-190.0,-4.147201774363796,0.0
AAPL,2024-10-21T12:30:01.675073949Z,0.0,190.0,4.1471077802573655,0.0
AAPL,2024-10-21T12:30:01.702282387Z,0.0,-190.0,-4.147201774363796,0.0
AAPL,2024-10-21T12:30:01.702295886Z,0.0,390.0,3.9389123209050836,0.0
AAPL,2024-10-21T12:30:01.702628858Z,-200.0,-200.0,0.03868696169552616,0.0
AAPL,2024-10-21T12:30:09.716255586Z,0.0,-200.0,0.20814846229906653,0.0
AAPL,2024-10-21T12:30:10.321520576Z,0.0,0.0,-4.699705321511205e-05,0.0
AAPL,2024-10-21T12:30:10.800024827Z,398.0,61.0,-0.9114584071096543,0.0
AAPL,2024-10-21T12:30:10.800051476Z,0.0,-190.0,-4.147201774363796,0.0
AAPL,2024-10-21T12:30:10.801218083Z,0.0,0.0,-4.699705321511205e-05,0.0
AAPL,2024-10-21T12:30:10.801242022Z,-98.0,5.0,0.942276142860076,0.0
AAPL,2024-10-21T12:30:10.801249125Z,86.0,486.0,-1.1228755871149019,0.0
AAPL,2024-10-21T12:30:10.801255194Z,0.0,-100.0,-0.05508963126673319,0.0
AAPL,2024-10-21T12:30:10.801256016Z,0.0,79.0,1.3954814916541594,0.0
AAPL,2024-10-21T12:30:10.801285169Z,0.0,100.0,0.054995637160302945,0.0
AAPL,2024-10-21T12:30:10.801293865Z,0.0,0.0,-1.3520918047319104,0.0
AAPL,2024-10-21T12:30:10.801518640Z,0.0,0.0,1.2557217181063574,0.0
AAPL,2024-10-21T12:30:10.801839030Z,10.0,-3.0,-1.1644178335227016,0.0
AAPL,2024-10-21T12:30:10.801849830Z,0.0,0.0,-4.699705321511205e-05,0.0
AAPL,2024-10-21T12:30:10.801875239Z,-196.0,200.0,0.6980213852314965,0.0
AAPL,2024-10-21T12:30:10.801885691Z,-100.0,-100.0,0.01931998232115553,0.0
AAPL,2024-10-21T12:30:10.801887002Z,-100.0,-100.0,0.01931998232115553,0.0
AAPL,2024-10-21T12:30:10.801896921Z,100.0,100.0,-0.019413976427585754,0.0
AAPL,2024-10-21T12:30:10.801910649Z,0.0,-300.0,-0.8191326648675713,0.0
AAPL,2024-10-21T12:30:10.801912958Z,100.0,100.0,-0.019413976427585754,0.0
AAPL,2024-10-21T12:30:10.801948090Z,100.0,100.0,-0.019413976427585754,0.0
AAPL,2024-10-21T12:30:10.802147907Z,96.0,99.0,1.4463841643255975,0.0
AAPL,2024-10-21T12:30:10.802168655Z,0.0,-86.0,-1.3994284701555357,0.0
AAPL,2024-10-21T12:30:10.803071076Z,0.0,-493.0,0.15672612745960526,0.0
AAPL,2024-10-21T12:30:10.804124159Z,0.0,-103.0,0.6002413463750721,0.0
AAPL,2024-10-21T12:30:10.805929875Z,-17.0,-59.0,0.0035430078312789653,0.0
AAPL,2024-10-21T12:30:10.872155138Z,0.0,100.0,1.3443410397394882,0.0
AAPL,2024-10-21T12:30:10.897934717Z,0.0,200.0,-0.20824245640549677,0.0
AAPL,2024-10-21T12:30:10.903766597Z,-379.0,-39.0,-0.25150457829134865,0.0
AAPL,2024-10-21T12:30:10.925970633Z,0.0,0.0,-4.699705321511205e-05,0.0
AAPL,2024-10-21T12:30:11.987463739Z,0.0,-200.0,0.20814846229906653,0.0
AAPL,2024-10-21T12:30:11.987474545Z,0.0,-100.0,-1.3444350338459183,0.0
AAPL,2024-10-21T12:30:11.987486150Z,0.0,100.0,1.3443410397394882,0.0
AAPL,2024-10-21T12:30:12.806183466Z,0.0,53.0,0.5411289884729091,0.0
AAPL,2024-10-21T12:30:13.320141102Z,0.0,0.0,-4.699705321511205e-05,0.0
AAPL,2024-10-21T12:30:13.926860673Z,0.0,0.0,0.31664232708720613,0.0
AAPL,2024-10-21T12:30:33.768570061Z,0.0,-100.0,-1.6611243579863395,0.0
AAPL,2024-10-21T12:30:33.768615671Z,398.0,61.0,-0.9114584071096543,0.0
AAPL,2024-10-21T12:30:33.772724890Z,-398.0,-61.0,0.911364413003224,0.0
AAPL,2024-10-21T12:30:33.841886930Z,0.0,400.0,0.4896722066583569,0.0
AAPL,2024-10-21T12:30:33.993763813Z,0.0,-300.0,0.16371286768561294,0.0
AAPL,2024-10-21T12:30:34.613890939Z,0.0,200.0,0.24481260480257086,0.0
AAPL,2024-10-21T12:30:34.668094071Z,0.0,-200.0,-0.2449065989090011,0.0
AAPL,2024-10-21T12:30:34.668106643Z,0.0,0.0,0.6908619712890881,0.0
AAPL,2024-10-21T12:30:35.853859462Z,0.0,-53.0,-0.5412229825793395,0.0
AAPL,2024-10-21T12:30:36.897088633Z,0.0,0.0,-4.699705321511205e-05,0.0
AAPL,2024-10-21T12:30:37.857289497Z,-7.0,-7.0,0.0013086915029908329,0.0
AAPL,2024-10-21T12:30:37.932904919Z,400.0,400.0,-0.07751491455069769,0.0
AAPL,2024-10-21T12:30:37.932917819Z,0.0,-140.0,0.4348967044408194,0.0
AAPL,2024-10-21T12:30:40.401633392Z,0.0,0.0,-4.699705321511205e-05,0.0
AAPL,2024-10-21T12:30:40.472627145Z,0.0,-200.0,-0.11013226548025125,0.0
AAPL,2024-10-21T12:30:40.523757097Z,0.0,200.0,0.11003827137382102,0.0
AAPL,2024-10-21T12:30:40.523770024Z,-193.0,0.0,0.1435635571714101,0.0
AAPL,2024-10-21T12:30:40.959299618Z,193.0,140.0,-0.5786012527718748,0.0
AAPL,2024-10-21T12:30:40.959311816Z,0.0,-200.0,-0.11013226548025125,0.0
AAPL,2024-10-21T12:30:40.959659070Z,0.0,-200.0,-0.11013226548025125,0.0
AAPL,2024-10-21T12:30:41.011299851Z,0.0,200.0,0.11003827137382102,0.0
AAPL,2024-10-21T12:30:41.011312427Z,0.0,-140.0,0.4348967044408194,0.0
AAPL,2024-10-21T12:30:42.852800519Z,0.0,0.0,-4.699705321511205e-05,0.0
AAPL,2024-10-21T12:30:42.911106065Z,0.0,-100.0,-1.3444350338459183,0.0
AAPL,2024-10-21T12:30:42.911118704Z,0.0,100.0,1.3443410397394882,0.0
AAPL,2024-10-21T12:30:43.077759194Z,-93.0,-37.0,0.025372644163991043,0.0
AAPL,2024-10-21T12:30:43.077845659Z,98.0,103.0,-0.6652997436031501,0.0
AAPL,2024-10-21T12:30:43.077853974Z,0.0,473.0,0.8822444994806627,0.0
AAPL,2024-10-21T12:30:43.077880864Z,0.0,-100.0,-1.3444350338459183,0.0
AAPL,2024-10-21T12:30:43.078169970Z,0.0,-400.0,-0.8421573706112251,0.0
AAPL,2024-10-21T12:30:43.081947674Z,0.0,-78.0,0.6060449867339687,0.0
AAPL,2024-10-21T12:30:43.081952786Z,-5.0,-61.0,-0.006486998483538021,0.0
AAPL,2024-10-21T12:30:43.145229452Z,0.0,300.0,1.1361455803872063,0.0
AAPL,2024-10-21T12:30:51.064507066Z,-193.0,200.0,0.25364882559844626,0.0
AAPL,2024-10-21T12:30:51.126612912Z,0.0,-53.0,-0.5412229825793395,0.0
AAPL,2024-10-21T12:30:53.132658845Z,193.0,53.0,0.39751843424828404,0.0
AAPL,2024-10-21T12:30:53.158946223Z,0.0,140.0,-0.4349906985472496,0.0
AAPL,2024-10-21T12:30:53.158960124Z,0.0,-340.0,0.32481143601378326,0.0
AAPL,2024-10-21T12:30:54.724993656Z,0.0,0.0,-4.699705321511205e-05,0.0
AAPL,2024-10-21T12:30:57.249970057Z,0.0,200.0,0.11003827137382102,0.0
AAPL,2024-10-21T12:30:59.735648884Z,0.0,0.0,-4.699705321511205e-05,0.0
AAPL,2024-10-21T12:31:00.041878233Z,-193.0,0.0,0.1435635571714101,0.0
AAPL,2024-10-21T12:31:00.098753103Z,0.0,-53.0,-0.5412229825793395,0.0
AAPL,2024-10-21T12:31:00.156687698Z,183.0,199.0,0.02157721728538684,0.0
AAPL,2024-10-21T12:31:00.156700602Z,-183.0,-199.0,-0.021671211391816967,0.0
AAPL,2024-10-21T12:31:00.172626181Z,183.0,199.0,0.02157721728538684,0.0
AAPL,2024-10-21T12:31:00.172638682Z,-383.0,-399.0,0.017062747356924333,0.0
AAPL,2024-10-21T12:31:00.400232797Z,200.0,200.0,-0.0387809558019564,0.0
AAPL,2024-10-21T12:31:00.880934995Z,183.0,199.0,0.02157721728538684,0.0
AAPL,2024-10-21T12:31:00.880948262Z,-383.0,-399.0,0.017062747356924333,0.0
AAPL,2024-10-21T12:31:01.118555295Z,200.0,200.0,-0.0387809558019564,0.0
AAPL,2024-10-21T12:31:01.146597464Z,0.0,0.0,-4.699705321511205e-05,0.0
AAPL,2024-10-21T12:31:01.698782682Z,-1190.0,-100.0,0.16462905921363508,0.0
AAPL,2024-10-21T12:31:02.104600327Z,193.0,53.0,0.39751843424828404,0.0
AAPL,2024-10-21T12:31:02.286559844Z,0.0,140.0,-0.4349906985472496,0.0
AAPL,2024-10-21T12:31:02.286572345Z,0.0,-140.0,0.4348967044408194,0.0
AAPL,2024-10-21T12:31:02.297066314Z,0.0,140.0,-0.4349906985472496,0.0
AAPL,2024-10-21T12:31:02.297079450Z,0.0,-340.0,0.32481143601378326,0.0
AAPL,2024-10-21T12:31:02.320854035Z,0.0,-200.0,-0.2449065989090011,0.0
AAPL,2024-10-21T12:31:03.261814629Z,0.0,200.0,0.24481260480257086,0.0
AAPL,2024-10-21T12:31:03.312554281Z,0.0,-200.0,-0.6956963848110282,0.0
AAPL,2024-10-21T12:31:05.971386477Z,0.0,0.0,-4.699705321511205e-05,0.0
AAPL,2024-10-21T12:31:10.467431005Z,-48.0,8.0,0.016657503445524247,0.0
AAPL,2024-10-21T12:31:10.467497398Z,0.0,0.0,-4.699705321511205e-05,0.0
AAPL,2024-10-21T12:31:10.467519660Z,-45.0,5.0,-0.6128357777017172,0.0
AAPL,2024-10-21T12:31:10.467521772Z,93.0,493.0,0.8686113875757345,0.0
AAPL,2024-10-21T12:31:10.467536010Z,0.0,-77.0,-0.04242982539762403,0.0
AAPL,2024-10-21T12:31:10.467551632Z,0.0,100.0,0.054995637160302945,0.0
AAPL,2024-10-21T12:31:10.467575929Z,0.0,-100.0,-1.6611243579863395,0.0
AAPL,2024-10-21T12:31:10.471173647Z,0.0,-493.0,-0.8615189476518652,0.0
AAPL,2024-10-21T12:31:10.471527171Z,0.0,-50.0,0.5450695496467175,0.0
AAPL,2024-10-21T12:31:10.525425470Z,0.0,100.0,1.6610303638799093,0.0
AAPL,2024-10-21T12:31:10.538626301Z,0.0,-100.0,-1.6611243579863395,0.0
AAPL,2024-10-21T12:31:10.538638966Z,0.0,300.0,1.1361455803872063,0.0
AAPL,2024-10-21T12:31:10.567605274Z,-70.0,-56.0,0.044631382059265576,0.0
AAPL,2024-10-21T12:31:10.567631078Z,-323.0,17.0,-0.26235008674099625,0.0
AAPL,2024-10-21T12:31:12.174575957Z,0.0,0.0,-4.699705321511205e-05,0.0
AAPL,2024-10-21T12:31:12.184589806Z,0.0,100.0,-0.9160690376395643,0.0
AAPL,2024-10-21T12:31:12.475429772Z,393.0,53.0,0.2486992070725065,0.0
AAPL,2024-10-21T12:31:12.508130141Z,0.0,-400.0,-0.2202175339072874,0.0
AAPL,2024-10-21T12:31:12.508143118Z,0.0,300.0,1.1361455803872063,0.0
AAPL,2024-10-21T12:31:12.564024144Z,0.0,-200.0,0.20814846229906653,0.0
AAPL,2024-10-21T12:31:13.593602346Z,0.0,100.0,-1.2343497654188824,0.0
AAPL,2024-10-21T12:31:15.015468720Z,0.0,-200.0,-0.11013226548025125,0.0
AAPL,2024-10-21T12:31:15.015480988Z,0.0,100.0,1.3443410397394882,0.0
AAPL,2024-10-21T12:31:16.945691674Z,-3.0,53.0,0.007942362727057452,0.0
AAPL,2024-10-21T12:31:18.603058995Z,0.0,337.0,0.20886220500686947,0.0
AAPL,2024-10-21T12:31:18.603071495Z,0.0,-337.0,-0.20895619911329968,0.0
AAPL,2024-10-21T12:31:18.660460803Z,0.0,0.0,-4.699705321511205e-05,0.0
AAPL,2024-10-21T12:31:18.669906311Z,0.0,-100.0,-1.3444350338459183,0.0
AAPL,2024-10-21T12:31:18.669917997Z,0.0,300.0,1.1361455803872063,0.0
AAPL,2024-10-21T12:31:19.089550857Z,-10.0,-10.0,0.0018897008842219524,0.0
AAPL,2024-10-21T12:31:20.603309467Z,0.0,-56.0,-0.007455347452256579,0.0
AAPL,2024-10-21T12:31:22.606580635Z,0.0,56.0,-0.6180602767405331,0.0
AAPL,2024-10-21T12:31:27.506013569Z,0.0,200.0,0.11003827137382102,0.0
AAPL,2024-10-21T12:31:31.003647553Z,15.0,100.0,0.5922030542292864,0.0
AAPL,2024-10-21T12:31:31.007751363Z,-15.0,-100.0,-0.5922970483357166,0.0
AAPL,2024-10-21T12:31:33.219286515Z,0.0,137.0,0.7241985666661929,0.0
AAPL,2024-10-21T12:31:33.219299014Z,0.0,-137.0,-0.7242925607726228,0.0
AAPL,2024-10-21T12:31:33.219384692Z,0.0,137.0,0.7241985666661929,0.0
AAPL,2024-10-21T12:31:33.219396602Z,0.0,-337.0,-0.8343778291996591,0.0
AAPL,2024-10-21T12:31:33.283679402Z,0.0,200.0,0.11003827137382102,0.0
AAPL,2024-10-21T12:31:36.129038634Z,0.0,-56.0,0.6179662826341029,0.0
AAPL,2024-10-21T12:31:38.015553779Z,0.0,-200.0,0.20814846229906653,0.0
AAPL,2024-10-21T12:31:38.131960021Z,0.0,56.0,-0.6180602767405331,0.0
AAPL,2024-10-21T12:31:39.147851742Z,0.0,200.0,-0.20824245640549677,0.0
AAPL,2024-10-21T12:31:39.834158320Z,0.0,-200.0,0.20814846229906653,0.0
AAPL,2024-10-21T12:31:39.834169303Z,0.0,-100.0,-1.3444350338459183,0.0
AAPL,2024-10-21T12:31:39.834181341Z,0.0,100.0,1.3443410397394882,0.0
AAPL,2024-10-21T12:31:40.907996076Z,0.0,200.0,-0.20824245640549677,0.0
AAPL,2024-10-21T12:31:40.962639115Z,0.0,-200.0,0.20814846229906653,0.0
AAPL,2024-10-21T12:31:40.962651822Z,0.0,200.0,-0.20824245640549677,0.0
AAPL,2024-10-21T12:31:41.070734248Z,0.0,-200.0,0.20814846229906653,0.0
AAPL,2024-10-21T12:31:45.869832455Z,-1185.0,-95.0,-0.2893943509631509,0.0
AAPL,2024-10-21T12:31:45.873939488Z,1185.0,95.0,0.2893003568567206,0.0
AAPL,2024-10-21T12:31:45.941769646Z,0.0,-100.0,-1.3444350338459183,0.0
AAPL,2024-10-21T12:31:45.941781796Z,0.0,300.0,1.1361455803872063,0.0
AAPL,2024-10-21T12:31:48.996666200Z,200.0,-100.0,-1.174973533242378,0.0
AAPL,2024-10-21T12:31:49.143737320Z,0.0,-56.0,0.6179662826341029,0.0
AAPL,2024-10-21T12:31:51.146504844Z,0.0,56.0,-0.6180602767405331,0.0
AAPL,2024-10-21T12:31:52.622166042Z,0.0,0.0,-4.699705321511205e-05,0.0
AAPL,2024-10-21T12:31:55.540346724Z,7.0,7.0,-0.0014026856094210567,0.0
AAPL,2024-10-21T12:32:04.030002963Z,0.0,-56.0,0.6179662826341029,0.0
AAPL,2024-10-21T12:32:05.348083000Z,-200.0,-200.0,0.03868696169552616,0.0
AAPL,2024-10-21T12:32:05.348095069Z,0.0,300.0,1.1361455803872063,0.0
AAPL,2024-10-21T12:32:05.979188085Z,-1167.0,-70.0,0.16402763835247597,0.0
AAPL,2024-10-21T12:32:06.032805816Z,0.0,56.0,0.42091499800693666,0.0
AAPL,2024-10-21T12:32:07.542071110Z,0.0,137.0,-1.3605503381621362,0.0
AAPL,2024-10-21T12:32:07.542083244Z,0.0,-137.0,1.3604563440557058,0.0
AAPL,2024-10-21T12:32:07.598649034Z,0.0,0.0,-4.699705321511205e-05,0.0
AAPL,2024-10-21T12:32:07.665482103Z,0.0,0.0,-4.699705321511205e-05,0.0
AAPL,2024-10-21T12:32:08.403235695Z,0.0,-90.0,0.9328596675105472,0.0
AAPL,2024-10-21T12:32:11.088924820Z,10.0,10.0,-0.001983694990652176,0.0
AAPL,2024-10-21T12:32:11.127329051Z,0.0,-110.0,-1.6286030493747905,0.0
AAPL,2024-10-21T12:32:11.560345813Z,0.0,200.0,-0.20824245640549677,0.0
AAPL,2024-10-21T12:32:11.562209891Z,0.0,137.0,-1.3605503381621362,0.0
AAPL,2024-10-21T12:32:11.562224326Z,0.0,-337.0,1.2503710756286697,0.0
AAPL,2024-10-21T12:32:11.610968597Z,0.0,-200.0,0.20814846229906653,0.0
AAPL,2024-10-21T12:32:11.610981426Z,0.0,0.0,-1.60259046142208,0.0
AAPL,2024-10-21T12:32:11.648070870Z,0.0,200.0,0.11003827137382102,0.0
AAPL,2024-10-21T12:32:14.797225568Z,-190.0,-53.0,-1.323753077350832,0.0
AAPL,2024-10-21T12:32:14.798092831Z,190.0,53.0,1.3236590832444017,0.0
AAPL,2024-10-21T12:32:18.141468975Z,0.0,0.0,-4.699705321511205e-05,0.0
AAPL,2024-10-21T12:32:18.141491360Z,-90.0,5.0,-1.1433582931602913,0.0
AAPL,2024-10-21T12:32:18.141532732Z,90.0,-5.0,1.1432642990538613,0.0
AAPL,2024-10-21T12:32:18.141539068Z,1007.0,-100.0,-2.4104291668163786,0.0
AAPL,2024-10-21T12:32:18.152822419Z,8.0,103.0,-1.1623379329471746,0.0
AAPL,2024-10-21T12:32:18.152831190Z,-98.0,400.0,0.5295242218946719,0.0
AAPL,2024-10-21T12:32:18.153255214Z,98.0,-400.0,-0.529618216001102,0.0
AAPL,2024-10-21T12:32:18.153370459Z,-8.0,-103.0,1.1622439388407446,0.0
AAPL,2024-10-21T12:32:18.161685578Z,0.0,-56.0,-0.42100899211336684,0.0
AAPL,2024-10-21T12:32:18.224017456Z,0.0,300.0,1.1361455803872063,0.0
AAPL,2024-10-21T12:32:18.224122852Z,0.0,-200.0,-0.11013226548025125,0.0
AAPL,2024-10-21T12:32:18.276169768Z,0.0,200.0,0.11003827137382102,0.0
AAPL,2024-10-21T12:32:18.276183899Z,0.0,0.0,-4.699705321511205e-05,0.0
AAPL,2024-10-21T12:32:20.168408031Z,0.0,56.0,0.42091499800693666,0.0
AAPL,2024-10-21T12:32:23.901384194Z,0.0,-200.0,-0.11013226548025125,0.0
AAPL,2024-10-21T12:32:27.277441455Z,-1172.0,-75.0,0.16499598732119464,0.0
AAPL,2024-10-21T12:32:27.281535445Z,1172.0,75.0,-0.16508998142762513,0.0
AAPL,2024-10-21T12:32:27.945642504Z,0.0,-200.0,0.20814846229906653,0.0
AAPL,2024-10-21T12:32:35.504980540Z,-1101.0,-4.0,-0.3018096292426762,0.0
AAPL,2024-10-21T12:32:35.505060728Z,0.0,0.0,-4.699705321511205e-05,0.0
AAPL,2024-10-21T12:32:35.505082570Z,-6.0,90.0,-0.7376787569818365,0.0
AAPL,2024-10-21T12:32:35.505087722Z,-95.0,-105.0,1.979636633606882,0.0
AAPL,2024-10-21T12:32:35.505097774Z,0.0,100.0,0.054995637160302945,0.0
AAPL,2024-10-21T12:32:35.505110083Z,0.0,82.0,-2.761294999722197,0.0
AAPL,2024-10-21T12:32:35.505118236Z,200.0,200.0,-0.0387809558019564,0.0
AAPL,2024-10-21T12:32:35.505132160Z,0.0,-100.0,-0.05508963126673319,0.0
AAPL,2024-10-21T12:32:35.505139710Z,0.0,-85.0,2.759549726589361,0.0
AAPL,2024-10-21T12:32:35.509073618Z,0.0,4.0,-1.9646345553604705,0.0
AAPL,2024-10-21T12:32:35.605165948Z,92.0,5.0,0.725882997692664,0.0
AAPL,2024-10-21T12:32:35.605194517Z,1110.0,13.0,0.29997260699255246,0.0
AAPL,2024-10-21T12:32:37.670347240Z,0.0,200.0,-0.20824245640549677,0.0
AAPL,2024-10-21T12:32:38.041341719Z,-200.0,-200.0,0.03868696169552616,0.0
AAPL,2024-10-21T12:32:38.100855625Z,200.0,200.0,-0.0387809558019564,0.0
AAPL,2024-10-21T12:32:38.100868142Z,-200.0,-200.0,0.03868696169552616,0.0
AAPL,2024-10-21T12:32:48.253052117Z,0.0,-200.0,0.20814846229906653,0.0
AAPL,2024-10-21T12:32:48.253063227Z,0.0,-100.0,-1.3444350338459183,0.0
AAPL,2024-10-21T12:32:48.253074967Z,0.0,300.0,1.1361455803872063,0.0
AAPL,2024-10-21T12:32:48.306721177Z,0.0,0.0,-4.699705321511205e-05,0.0
AAPL,2024-10-21T12:32:55.953734385Z,0.0,-200.0,0.20814846229906653,0.0
AAPL,2024-10-21T12:33:01.303215240Z,395.0,58.0,1.1738715070999057,0.0
AAPL,2024-10-21T12:33:05.793522393Z,-24.0,-24.0,0.004601077996633842,0.0
AAPL,2024-10-21T12:33:05.794507041Z,0.0,-56.0,-0.42100899211336684,0.0
AAPL,2024-10-21T12:33:06.321056918Z,-1193.0,-96.0,-0.2839920082182552,0.0
AAPL,2024-10-21T12:33:06.321081410Z,22.0,26.0,-0.793740734683097,0.0
AAPL,2024-10-21T12:33:06.321117671Z,0.0,0.0,-4.699705321511205e-05,0.0
AAPL,2024-10-21T12:33:06.325151716Z,0.0,-4.0,0.7893860051143049,0.0
AAPL,2024-10-21T12:33:06.325187400Z,1171.0,74.0,0.2881587495741863,0.0
AAPL,2024-10-21T12:33:07.427626768Z,24.0,24.0,-0.004695072103064066,0.0
AAPL,2024-10-21T12:33:07.801879861Z,0.0,56.0,0.42091499800693666,0.0
AAPL,2024-10-21T12:33:09.053244732Z,-19.0,81.0,-0.8360759890261009,0.0
AAPL,2024-10-21T12:33:09.156252110Z,0.0,0.0,-4.699705321511205e-05,0.0
AAPL,2024-10-21T12:33:12.169745303Z,0.0,-98.0,0.4272089290239612,0.0
AAPL,2024-10-21T12:33:14.175223557Z,0.0,98.0,-0.4273029231303914,0.0
AAPL,2024-10-21T12:33:14.283552259Z,0.0,-100.0,0.8396617210008012,0.0
AAPL,2024-10-21T12:33:15.381509806Z,0.0,200.0,0.11003827137382102,0.0
AAPL,2024-10-21T12:33:15.434611774Z,0.0,0.0,-4.699705321511205e-05,0.0
AAPL,2024-10-21T12:33:21.206576211Z,0.0,73.0,-1.1728979541241988,0.0
AAPL,2024-10-21T12:33:21.206611882Z,0.0,-100.0,-1.3444350338459183,0.0
AAPL,2024-10-21T12:33:21.210681542Z,0.0,-73.0,1.1728039600177689,0.0
AAPL,2024-10-21T12:33:21.285249933Z,0.0,300.0,1.1361455803872063,0.0
AAPL,2024-10-21T12:33:22.875006113Z,0.0,-56.0,-0.42100899211336684,0.0
AAPL,2024-10-21T12:33:24.340747933Z,0.0,-200.0,0.20814846229906653,0.0
AAPL,2024-10-21T12:33:24.880805430Z,0.0,56.0,-0.6180602767405331,0.0
AAPL,2024-10-21T12:33:26.285422898Z,0.0,-100.0,-1.3444350338459183,0.0
AAPL,2024-10-21T12:33:26.285434922Z,0.0,300.0,1.1361455803872063,0.0
AAPL,2024-10-21T12:33:26.288517312Z,0.0,-200.0,-0.11013226548025125,0.0
AAPL,2024-10-21T12:33:28.839620575Z,0.0,200.0,0.11003827137382102,0.0
AAPL,2024-10-21T12:33:28.839633521Z,0.0,-200.0,-0.11013226548025125,0.0
AAPL,2024-10-21T12:33:29.340151844Z,0.0,-200.0,0.20814846229906653,0.0
AAPL,2024-10-21T12:33:36.906518675Z,0.0,200.0,0.11003827137382102,0.0
AAPL,2024-10-21T12:33:39.988033229Z,-1202.0,-105.0,-0.2822489800745618,0.0
AAPL,2024-10-21T12:33:41.899233441Z,0.0,0.0,-4.699705321511205e-05,0.0
AAPL,2024-10-21T12:33:48.686584626Z,95.0,90.0,-0.8128324667056042,0.0
AAPL,2024-10-21T12:33:48.686646314Z,15.0,15.0,-0.002952043959370707,0.0
AAPL,2024-10-21T12:33:48.687003945Z,-100.0,-100.0,0.01931998232115553,0.0
AAPL,2024-10-21T12:33:48.690751022Z,-10.0,-5.0,0.7962765401309588,0.0
AAPL,2024-10-21T12:33:49.477179785Z,0.0,0.0,-4.699705321511205e-05,0.0
AAPL,2024-10-21T12:33:49.544831228Z,0.0,200.0,0.24481260480257086,0.0
AAPL,2024-10-21T12:33:49.544930382Z,0.0,137.0,0.7241985666661929,0.0
AAPL,2024-10-21T12:33:49.544942069Z,0.0,-337.0,-0.8343778291996591,0.0
AAPL,2024-10-21T12:33:49.602010461Z,0.0,-200.0,-0.2449065989090011,0.0
AAPL,2024-10-21T12:33:49.602023386Z,0.0,0.0,-0.4508367829552424,0.0
AAPL,2024-10-21T12:33:50.024262364Z,0.0,0.0,-4.699705321511205e-05,0.0
AAPL,2024-10-21T12:33:51.861072481Z,0.0,0.0,-4.699705321511205e-05,0.0
AAPL,2024-10-21T12:33:52.769482629Z,0.0,-90.0,1.836704514620642,0.0
AAPL,2024-10-21T12:33:52.769493295Z,0.0,290.0,-2.0449939680793543,0.0
AAPL,2024-10-21T12:33:52.993927871Z,1202.0,105.0,1.367914823789898,0.0
AAPL,2024-10-21T12:33:53.065065422Z,0.0,-200.0,-0.11013226548025125,0.0
AAPL,2024-10-21T12:33:56.944168416Z,0.0,-10.0,-0.004855031348781933,0.0
AAPL,2024-10-21T12:33:59.088811005Z,0.0,-100.0,-1.6495235314204801,0.0
AAPL,2024-10-21T12:33:59.088823750Z,0.0,100.0,1.332740213173629,0.0
AAPL,2024-10-21T12:34:02.149897491Z,-1107.0,-10.0,-0.2907133967883169,0.0
AAPL,2024-10-21T12:34:02.149928619Z,0.0,0.0,-4.699705321511205e-05,0.0
AAPL,2024-10-21T12:34:02.149950355Z,0.0,90.0,-0.7516881279235185,0.0
AAPL,2024-10-21T12:34:02.149954232Z,-99.0,-99.0,1.9943783493453147,0.0
AAPL,2024-10-21T12:34:02.149963811Z,0.0,100.0,0.054995637160302945,0.0
AAPL,2024-10-21T12:34:02.149968531Z,0.0,-100.0,-0.05508963126673319,0.0
AAPL,2024-10-21T12:34:02.149995072Z,0.0,0.0,-1.9752990338711178,0.0
AAPL,2024-10-21T12:34:02.150289648Z,0.0,-90.0,0.7515941338170884,0.0
AAPL,2024-10-21T12:34:02.224326757Z,200.0,200.0,-0.0387809558019564,0.0
AAPL,2024-10-21T12:34:02.250035378Z,1206.0,109.0,0.27144609310125983,0.0
AAPL,2024-10-21T12:34:02.433938165Z,0.0,100.0,-1.222748938853023,0.0
AAPL,2024-10-21T12:34:04.221298672Z,193.0,140.0,-0.5786012527718748,0.0
AAPL,2024-10-21T12:34:04.221593520Z,-1107.0,0.0,2.099820597739143,0.0
AAPL,2024-10-21T12:34:04.221921450Z,1107.0,0.0,-2.099914591845572,0.0
AAPL,2024-10-21T12:34:04.223075802Z,-10.0,6.0,0.0589554874779221,0.0
AAPL,2024-10-21T12:34:04.325592369Z,-183.0,-199.0,-0.021671211391816967,0.0
AAPL,2024-10-21T12:34:06.238355905Z,0.0,53.0,0.5411289884729091,0.0
AAPL,2024-10-21T12:34:11.389652181Z,0.0,-53.0,-0.5412229825793395,0.0
AAPL,2024-10-21T12:34:13.393399417Z,0.0,53.0,0.5411289884729091,0.0
AAPL,2024-10-21T12:34:13.740065207Z,0.0,0.0,-4.699705321511205e-05,0.0
AAPL,2024-10-21T12:34:14.476131192Z,0.0,-200.0,-0.11013226548025125,0.0
AAPL,2024-10-21T12:34:14.476143802Z,0.0,100.0,1.332740213173629,0.0
AAPL,2024-10-21T12:34:18.143679631Z,0.0,0.0,-4.699705321511205e-05,0.0
AAPL,2024-10-21T12:34:21.570266497Z,0.0,-100.0,-1.332834207280059,0.0
AAPL,2024-10-21T12:34:21.570278537Z,0.0,100.0,1.332740213173629,0.0
AAPL,2024-10-21T12:34:24.634338724Z,193.0,140.0,-0.5786012527718748,0.0
AAPL,2024-10-21T12:34:24.734729841Z,-193.0,-140.0,0.5785072586654445,0.0
AAPL,2024-10-21T12:34:26.051200518Z,0.0,-53.0,-0.5412229825793395,0.0
AAPL,2024-10-21T12:34:28.056511802Z,0.0,53.0,0.5411289884729091,0.0
AAPL,2024-10-21T12:34:31.566351603Z,0.0,-53.0,-0.5412229825793395,0.0
AAPL,2024-10-21T12:34:33.571362114Z,0.0,53.0,0.5411289884729091,0.0
AAPL,2024-10-21T12:34:33.720440799Z,0.0,0.0,-4.699705321511205e-05,0.0
AAPL,2024-10-21T12:34:33.730448933Z,0.0,0.0,-4.699705321511205e-05,0.0
AAPL,2024-10-21T12:34:33.745274141Z,193.0,140.0,-0.5786012527718748,0.0
AAPL,2024-10-21T12:34:33.745287278Z,0.0,-340.0,0.32481143601378326,0.0
AAPL,2024-10-21T12:34:33.747590481Z,0.0,200.0,0.11003827137382102,0.0
AAPL,2024-10-21T12:34:33.751727739Z,0.0,-200.0,-0.11013226548025125,0.0
AAPL,2024-10-21T12:34:35.757406077Z,-393.0,-53.0,-0.24879320117893683,0.0
AAPL,2024-10-21T12:34:37.761184677Z,393.0,53.0,0.2486992070725065,0.0
AAPL,2024-10-21T12:34:37.968027551Z,0.0,200.0,0.11003827137382102,0.0
AAPL,2024-10-21T12:34:37.968040798Z,-193.0,0.0,0.1435635571714101,0.0
AAPL,2024-10-21T12:34:38.475738499Z,193.0,140.0,-0.5786012527718748,0.0
AAPL,2024-10-21T12:34:38.475751280Z,0.0,-340.0,0.32481143601378326,0.0
AAPL,2024-10-21T12:34:38.943836159Z,-193.0,200.0,0.25364882559844626,0.0
AAPL,2024-10-21T12:34:38.961431383Z,193.0,140.0,-0.5786012527718748,0.0
AAPL,2024-10-21T12:34:38.961442941Z,0.0,-340.0,0.32481143601378326,0.0
AAPL,2024-10-21T12:34:39.359232731Z,-193.0,200.0,0.25364882559844626,0.0
AAPL,2024-10-21T12:34:39.445076887Z,193.0,140.0,-0.5786012527718748,0.0
AAPL,2024-10-21T12:34:39.445089261Z,0.0,-340.0,0.32481143601378326,0.0
AAPL,2024-10-21T12:34:39.534348093Z,-193.0,200.0,0.25364882559844626,0.0
AAPL,2024-10-21T12:34:39.805848072Z,193.0,140.0,-0.5786012527718748,0.0
AAPL,2024-10-21T12:34:39.805861078Z,0.0,-340.0,0.32481143601378326,0.0
AAPL,2024-10-21T12:34:40.424950427Z,-1202.0,-105.0,-0.2723147663826649,0.0
AAPL,2024-10-21T12:34:40.429056129Z,1202.0,105.0,0.2722207722762346,0.0
AAPL,2024-10-21T12:34:42.760362354Z,-393.0,-53.0,-0.24879320117893683,0.0
AAPL,2024-10-21T12:34:44.765845817Z,393.0,53.0,0.2486992070725065,0.0
AAPL,2024-10-21T12:34:46.916797916Z,0.0,0.0,-4.699705321511205e-05,0.0
AAPL,2024-10-21T12:34:51.436613204Z,-1172.0,-75.0,-0.278124860194976,0.0
AAPL,2024-10-21T12:34:51.440710504Z,1172.0,75.0,0.2780308660885457,0.0
AAPL,2024-10-21T12:34:54.821268272Z,-393.0,-53.0,-0.24879320117893683,0.0
AAPL,2024-10-21T12:34:56.823934089Z,393.0,53.0,0.2486992070725065,0.0
AAPL,2024-10-21T12:34:56.914006729Z,0.0,340.0,-0.32490543012021345,0.0
AAPL,2024-10-21T12:34:56.914018909Z,0.0,-340.0,0.32481143601378326,0.0
AAPL,2024-10-21T12:34:56.970301620Z,0.0,0.0,-4.699705321511205e-05,0.0
AAPL,2024-10-21T12:35:01.086704786Z,0.0,0.0,-4.699705321511205e-05,0.0
AAPL,2024-10-21T12:35:04.824035688Z,-393.0,-53.0,-0.24879320117893683,0.0
AAPL,2024-10-21T12:35:06.832364220Z,393.0,53.0,0.2486992070725065,0.0
AAPL,2024-10-21T12:35:10.273312188Z,-1127.0,-30.0,-0.2868400009134429,0.0
AAPL,2024-10-21T12:35:11.596759827Z,0.0,0.0,-4.699705321511205e-05,0.0
AAPL,2024-10-21T12:35:11.866382042Z,-393.0,-53.0,-0.24879320117893683,0.0
AAPL,2024-10-21T12:35:12.594795091Z,0.0,200.0,0.24481260480257086,0.0
AAPL,2024-10-21T12:35:12.649791928Z,0.0,-200.0,-0.2449065989090011,0.0
AAPL,2024-10-21T12:35:12.649804588Z,0.0,310.0,0.9595895963221546,0.0
AAPL,2024-10-21T12:35:13.882085380Z,393.0,53.0,0.2486992070725065,0.0
AAPL,2024-10-21T12:35:18.869298325Z,-393.0,-53.0,-0.24879320117893683,0.0
AAPL,2024-10-21T12:35:20.880663008Z,393.0,53.0,0.2486992070725065,0.0
AAPL,2024-10-21T12:35:22.590424361Z,0.0,340.0,-0.32490543012021345,0.0
AAPL,2024-10-21T12:35:22.590436801Z,0.0,-340.0,0.32481143601378326,0.0
AAPL,2024-10-21T12:35:22.645812212Z,0.0,-110.0,-1.6186688356828938,0.0
AAPL,2024-10-21T12:35:23.823304028Z,0.0,0.0,-4.699705321511205e-05,0.0
AAPL,2024-10-21T12:35:23.988201548Z,0.0,0.0,-4.699705321511205e-05,0.0
AAPL,2024-10-21T12:35:24.238426890Z,0.0,0.0,-4.699705321511205e-05,0.0
AAPL,2024-10-21T12:35:24.238452385Z,-46.0,24.0,1.0636328177416627,0.0
AAPL,2024-10-21T12:35:24.238461987Z,0.0,100.0,0.054995637160302945,0.0
AAPL,2024-10-21T12:35:24.238465281Z,0.0,-100.0,-0.05508963126673319,0.0
AAPL,2024-10-21T12:35:24.238471795Z,100.0,100.0,-0.019413976427585754,0.0
AAPL,2024-10-21T12:35:24.238485568Z,0.0,85.0,-1.231271870506209,0.0
AAPL,2024-10-21T12:35:24.238506128Z,0.0,-85.0,1.2311778763997783,0.0
AAPL,2024-10-21T12:35:24.238844974Z,383.0,399.0,-0.01715674146335447,0.0
AAPL,2024-10-21T12:35:24.325803839Z,-183.0,-199.0,-0.021671211391816967,0.0
AAPL,2024-10-21T12:35:24.325823716Z,-34.0,-34.0,0.006537775934070907,0.0
AAPL,2024-10-21T12:35:24.343765036Z,0.0,0.0,-0.3980228884090676,0.0
AAPL,2024-10-21T12:35:24.343821064Z,-200.0,-200.0,0.03868696169552616,0.0
AAPL,2024-10-21T12:35:24.493765488Z,-20.0,-90.0,-0.6529687141051557,0.0
AAPL,2024-10-21T12:35:39.266829390Z,20.0,90.0,0.6528747199987253,0.0
AAPL,2024-10-21T12:35:39.267322775Z,-20.0,-90.0,-0.6529687141051557,0.0
AAPL,2024-10-21T12:35:46.324153630Z,0.0,-290.0,2.0349657602810267,0.0
AAPL,2024-10-21T12:35:46.324167263Z,0.0,90.0,-1.376074509133148,0.0
AAPL,2024-10-21T12:35:46.381553985Z,200.0,200.0,-0.0387809558019564,0.0
AAPL,2024-10-21T12:35:46.464926027Z,-200.0,-200.0,0.03868696169552616,0.0
AAPL,2024-10-21T12:35:48.967546449Z,0.0,-90.0,1.3759805150267175,0.0
AAPL,2024-10-21T12:35:48.967567635Z,0.0,290.0,-1.131214907277362,0.0
AAPL,2024-10-21T12:35:50.412145028Z,0.0,110.0,0.7147299944663685,0.0
AAPL,2024-10-21T12:35:54.451388501Z,200.0,200.0,-0.0387809558019564,0.0
AAPL,2024-10-21T12:35:54.451399487Z,183.0,199.0,0.02157721728538684,0.0
AAPL,2024-10-21T12:35:54.451579862Z,-76.0,-106.0,-2.5746298937196057,0.0
AAPL,2024-10-21T12:35:54.451584967Z,0.0,90.0,3.2529639598886657,0.0
AAPL,2024-10-21T12:35:54.451914911Z,0.0,-90.0,-3.2530579539950955,0.0
AAPL,2024-10-21T12:35:54.490013783Z,76.0,106.0,2.5745358996131746,0.0
AAPL,2024-10-21T12:35:54.565074677Z,-183.0,-199.0,-0.021671211391816967,0.0
AAPL,2024-10-21T12:35:56.157378125Z,183.0,199.0,0.02157721728538684,0.0
AAPL,2024-10-21T12:35:56.203098030Z,-183.0,-199.0,-0.021671211391816967,0.0
AAPL,2024-10-21T12:35:59.076399251Z,183.0,199.0,0.02157721728538684,0.0
AAPL,2024-10-21T12:35:59.076412669Z,-183.0,-199.0,-0.021671211391816967,0.0
AAPL,2024-10-21T12:35:59.437757339Z,0.0,-310.0,-1.410473376330612,0.0
AAPL,2024-10-21T12:35:59.494791441Z,0.0,110.0,1.936855569355781,0.0
AAPL,2024-10-21T12:36:00.843631726Z,0.0,-110.0,-3.5394930278310768,0.0
AAPL,2024-10-21T12:36:02.353651432Z,0.0,-90.0,3.42931376529761,0.0
AAPL,2024-10-21T12:36:02.353665960Z,0.0,90.0,-1.8268642950351754,0.0
AAPL,2024-10-21T12:36:07.530496723Z,183.0,199.0,0.02157721728538684,0.0
AAPL,2024-10-21T12:36:07.530508969Z,0.0,-399.0,-0.2679260726846894,0.0
AAPL,2024-10-21T12:36:07.585080931Z,0.0,0.0,-4.699705321511205e-05,0.0
AAPL,2024-10-21T12:36:09.508691863Z,-400.0,-1.0,0.34529999607574197,0.0
AAPL,2024-10-21T12:36:10.549225606Z,413.0,-3.0,-0.35726894531713843,0.0
AAPL,2024-10-21T12:36:43.158440811Z,0.0,0.0,-1.60259046142208,0.0
AAPL,2024-10-21T12:36:43.375021837Z,0.0,-90.0,3.42931376529761,0.0
AAPL,2024-10-21T12:36:43.375035050Z,0.0,90.0,-1.8268642950351754,0.0
AAPL,2024-10-21T12:36:50.819889336Z,0.0,0.0,-4.699705321511205e-05,0.0
AAPL,2024-10-21T12:36:53.683336201Z,20.0,90.0,0.19981965879065777,0.0
AAPL,2024-10-21T12:36:54.097617679Z,0.0,-190.0,-1.8723816741970487,0.0
AAPL,2024-10-21T12:36:54.097630082Z,0.0,390.0,2.1171472819464046,0.0
AAPL,2024-10-21T12:36:54.153856242Z,0.0,260.0,0.6550672412948917,0.0
AAPL,2024-10-21T12:36:56.765119762Z,0.0,140.0,-0.4349906985472496,0.0
AAPL,2024-10-21T12:36:56.765132861Z,0.0,-140.0,0.4348967044408194,0.0
AAPL,2024-10-21T12:36:56.819654707Z,0.0,-190.0,-2.007156007625799,0.0
AAPL,2024-10-21T12:36:57.476523790Z,0.0,0.0,-4.699705321511205e-05,0.0
AAPL,2024-10-21T12:36:58.378164795Z,0.0,-9.0,3.9165727800766112,0.0
AAPL,2024-10-21T12:36:58.406534723Z,0.0,-200.0,0.20814846229906653,0.0
AAPL,2024-10-21T12:36:58.406546557Z,0.0,400.0,-0.5467095491802898,0.0
AAPL,2024-10-21T12:36:58.464922853Z,0.0,0.0,-4.699705321511205e-05,0.0
AAPL,2024-10-21T12:37:00.372093470Z,0.0,0.0,-4.699705321511205e-05,0.0
AAPL,2024-10-21T12:37:00.454146766Z,0.0,-300.0,-0.9542757112876575,0.0
AAPL,2024-10-21T12:37:00.536164034Z,0.0,100.0,1.7457038711640882,0.0
AAPL,2024-10-21T12:37:01.064935080Z,0.0,0.0,-4.699705321511205e-05,0.0
AAPL,2024-10-21T12:37:01.064997491Z,0.0,-200.0,-0.2449065989090011,0.0
AAPL,2024-10-21T12:37:01.065010830Z,0.0,0.0,-4.699705321511205e-05,0.0
AAPL,2024-10-21T12:37:01.065032811Z,-96.0,-37.0,-0.29067579520769005,0.0
AAPL,2024-10-21T12:37:01.065044515Z,96.0,37.0,0.2905818011012599,0.0
AAPL,2024-10-21T12:37:01.065398746Z,-124.0,-65.0,-0.2852530409828663,0.0
AAPL,2024-10-21T12:37:01.134392616Z,0.0,400.0,0.4896722066583569,0.0
AAPL,2024-10-21T12:37:01.201495261Z,0.0,-400.0,-0.489766200764787,0.0
AAPL,2024-10-21T12:37:01.201507987Z,0.0,190.0,1.356687756560892,0.0
AAPL,2024-10-21T12:37:01.461864865Z,0.0,10.0,-1.111922148811536,0.0
AAPL,2024-10-21T12:37:01.498580512Z,126.0,103.0,-0.23785358511638113,0.0
AAPL,2024-10-21T12:37:02.076277129Z,0.0,200.0,0.24481260480257086,0.0
AAPL,2024-10-21T12:37:02.131181816Z,0.0,-200.0,-0.2449065989090011,0.0
AAPL,2024-10-21T12:37:02.131194998Z,0.0,190.0,3.7003648520651717,0.0
AAPL,2024-10-21T12:37:05.074380125Z,0.0,498.0,0.5453418735613956,0.0
AAPL,2024-10-21T12:37:09.471991076Z,0.0,-14.0,-0.0077529658431076415,0.0
AAPL,2024-10-21T12:37:09.476084016Z,0.0,14.0,0.0076589717366774175,0.0
AAPL,2024-10-21T12:37:09.756862909Z,0.0,-390.0,-3.9453184480273875,0.0
AAPL,2024-10-21T12:37:09.756876626Z,0.0,400.0,0.4896722066583569,0.0
AAPL,2024-10-21T12:37:10.616114227Z,0.0,-10.0,3.4555052502093857,0.0
AAPL,2024-10-21T12:37:17.205123764Z,0.0,-390.0,-3.9453184480273875,0.0
AAPL,2024-10-21T12:37:17.205136424Z,0.0,400.0,0.4896722066583569,0.0
AAPL,2024-10-21T12:37:19.163732276Z,0.0,-300.0,-0.10703855394170825,0.0
AAPL,2024-10-21T12:37:19.163745804Z,0.0,300.0,0.10694455983527801,0.0
AAPL,2024-10-21T12:37:19.224217636Z,0.0,0.0,-4.699705321511205e-05,0.0
AAPL,2024-10-21T12:37:24.436550463Z,0.0,-10.0,3.4555052502093857,0.0
AAPL,2024-10-21T12:37:25.366548710Z,0.0,-390.0,-3.9453184480273875,0.0
AAPL,2024-10-21T12:37:25.366561737Z,0.0,400.0,0.4896722066583569,0.0
AAPL,2024-10-21T12:37:27.922279446Z,0.0,-10.0,3.4555052502093857,0.0
AAPL,2024-10-21T12:37:36.585363105Z,0.0,-390.0,-3.9453184480273875,0.0
AAPL,2024-10-21T12:37:36.585375675Z,0.0,400.0,0.4896722066583569,0.0
AAPL,2024-10-21T12:37:36.952501284Z,0.0,-10.0,3.4555052502093857,0.0
AAPL,2024-10-21T12:37:38.907567221Z,0.0,0.0,-4.699705321511205e-05,0.0
AAPL,2024-10-21T12:37:39.163653557Z,0.0,-200.0,0.20814846229906653,0.0
AAPL,2024-10-21T12:37:39.594538033Z,0.0,0.0,-4.699705321511205e-05,0.0
AAPL,2024-10-21T12:37:42.591822605Z,0.0,-190.0,-4.153513907379669,0.0
AAPL,2024-10-21T12:37:42.591835289Z,0.0,400.0,-0.41643791575777844,0.0
AAPL,2024-10-21T12:37:47.411231127Z,0.0,-9.0,5.140963630272064,0.0
AAPL,2024-10-21T12:37:48.676986240Z,-22.0,76.0,-0.48944625198464475,0.0
AAPL,2024-10-21T12:37:48.750455978Z,0.0,100.0,-0.05722774974421533,0.0
AAPL,2024-10-21T12:37:48.750469059Z,0.0,-100.0,0.05713375563778502,0.0
AAPL,2024-10-21T12:37:48.859269056Z,0.0,0.0,-4.699705321511205e-05,0.0
AAPL,2024-10-21T12:37:49.104334459Z,0.0,100.0,-0.05722774974421533,0.0
AAPL,2024-10-21T12:37:49.104346675Z,0.0,-100.0,0.05713375563778502,0.0
AAPL,2024-10-21T12:37:49.160516949Z,0.0,0.0,-0.9061571194693503,0.0
AAPL,2024-10-21T12:37:50.467783433Z,0.0,-400.0,0.41634392165134815,0.0
AAPL,2024-10-21T12:37:50.467796686Z,0.0,400.0,0.4896722066583569,0.0
AAPL,2024-10-21T12:37:50.525418175Z,0.0,0.0,-4.699705321511205e-05,0.0
AAPL,2024-10-21T12:37:51.258156258Z,0.0,100.0,-0.05722774974421533,0.0
AAPL,2024-10-21T12:37:51.258169160Z,0.0,-100.0,0.05713375563778502,0.0
AAPL,2024-10-21T12:37:51.310797013Z,0.0,0.0,-0.9061571194693503,0.0
AAPL,2024-10-21T12:37:54.120490249Z,0.0,-100.0,-4.173666911111084,0.0
AAPL,2024-10-21T12:37:54.459888299Z,0.0,0.0,-4.699705321511205e-05,0.0
AAPL,2024-10-21T12:37:57.227102986Z,0.0,0.0,-4.699705321511205e-05,0.0
AAPL,2024-10-21T12:38:00.262765699Z,0.0,-300.0,4.589963835709217,0.0
AAPL,2024-10-21T12:38:00.262778489Z,0.0,300.0,-3.8651697318827396,0.0
AAPL,2024-10-21T12:38:00.316954864Z,0.0,100.0,3.448684819071746,0.0
AAPL,2024-10-21T12:38:00.336429148Z,0.0,100.0,-0.05722774974421533,0.0
AAPL,2024-10-21T12:38:00.336442519Z,0.0,-100.0,0.05713375563778502,0.0
AAPL,2024-10-21T12:38:00.442444353Z,0.0,0.0,-4.699705321511205e-05,0.0
AAPL,2024-10-21T12:38:00.603243988Z,0.0,0.0,-4.699705321511205e-05,0.0
AAPL,2024-10-21T12:38:01.201736475Z,0.0,0.0,-4.699705321511205e-05,0.0
AAPL,2024-10-21T12:38:01.269398755Z,0.0,-400.0,-0.2202175339072874,0.0
AAPL,2024-10-21T12:38:01.269411943Z,0.0,390.0,2.1171472819464046,0.0
AAPL,2024-10-21T12:38:01.547036937Z,0.0,-70.0,-0.6568421099800299,0.0
AAPL,2024-10-21T12:38:02.096094950Z,0.0,-200.0,0.20814846229906653,0.0
AAPL,2024-10-21T12:38:02.402017086Z,0.0,200.0,-0.20824245640549677,0.0
AAPL,2024-10-21T12:38:02.465417465Z,0.0,-200.0,0.20814846229906653,0.0
AAPL,2024-10-21T12:38:02.465429218Z,0.0,310.0,2.046940837782817,0.0
AAPL,2024-10-21T12:38:13.050394683Z,20.0,-3.0,0.4405995411168678,0.0
AAPL,2024-10-21T12:38:13.124071363Z,0.0,199.0,0.1658263293672695,0.0
AAPL,2024-10-21T12:38:13.124084446Z,0.0,-199.0,-0.16592032347369978,0.0
AAPL,2024-10-21T12:38:18.490902611Z,0.0,-400.0,-0.2202175339072874,0.0
AAPL,2024-10-21T12:38:18.490913936Z,0.0,90.0,-1.8268642950351754,0.0
AAPL,2024-10-21T12:38:20.985998839Z,0.0,0.0,-4.699705321511205e-05,0.0
AAPL,2024-10-21T12:38:20.986025309Z,3.0,399.0,-0.4590526471886439,0.0
AAPL,2024-10-21T12:38:20.986183368Z,0.0,-100.0,-1.6495235314204801,0.0
AAPL,2024-10-21T12:38:20.986209570Z,0.0,0.0,0.400379746160733,0.0
AAPL,2024-10-21T12:38:20.986221127Z,0.0,-2.0,-0.0011478497374854733,0.0
AAPL,2024-10-21T12:38:20.986359911Z,0.0,-128.0,-0.07050156884651824,0.0
AAPL,2024-10-21T12:38:20.986378447Z,0.0,-96.0,-0.22476805445881723,0.0
AAPL,2024-10-21T12:38:20.986396044Z,-4.0,-4.0,0.0007276821217597134,0.0
AAPL,2024-10-21T12:38:20.986433209Z,0.0,-272.0,0.046836981988943885,0.0
AAPL,2024-10-21T12:38:20.986615985Z,0.0,100.0,0.054995637160302945,0.0
AAPL,2024-10-21T12:38:20.986887376Z,-123.0,272.0,0.1458200586408221,0.0
AAPL,2024-10-21T12:38:20.986924542Z,0.0,-398.0,0.13242616459462622,0.0
AAPL,2024-10-21T12:38:20.990315989Z,0.0,2.0,-0.002128951646737928,0.0
AAPL,2024-10-21T12:38:21.053639879Z,0.0,300.0,1.7595148057410863,0.0
AAPL,2024-10-21T12:38:21.057112403Z,0.0,-300.0,-1.7596087998475163,0.0
AAPL,2024-10-21T12:38:21.064804647Z,0.0,400.0,-0.41643791575777844,0.0
AAPL,2024-10-21T12:38:21.064830997Z,0.0,-200.0,0.1358088483526299,0.0
AAPL,2024-10-21T12:38:21.086105964Z,0.0,1.0,0.0005034292889200686,0.0
AAPL,2024-10-21T12:38:21.116614965Z,0.0,200.0,-0.1359028424590602,0.0
AAPL,2024-10-21T12:38:21.116627916Z,0.0,-200.0,0.1358088483526299,0.0
AAPL,2024-10-21T12:38:21.127620498Z,0.0,0.0,-4.699705321511205e-05,0.0
AAPL,2024-10-21T12:38:21.712864469Z,0.0,-200.0,0.20814846229906653,0.0
AAPL,2024-10-21T12:38:21.828276411Z,0.0,200.0,-0.20824245640549677,0.0
AAPL,2024-10-21T12:38:22.256456628Z,0.0,-200.0,0.20814846229906653,0.0
AAPL,2024-10-21T12:38:22.256482691Z,0.0,-100.0,1.5409356725259107,0.0
AAPL,2024-10-21T12:38:23.254687557Z,0.0,0.0,-4.699705321511205e-05,0.0
AAPL,2024-10-21T12:38:24.119784545Z,0.0,0.0,-4.699705321511205e-05,0.0
AAPL,2024-10-21T12:38:24.411319477Z,0.0,-100.0,-1.332834207280059,0.0
AAPL,2024-10-21T12:38:24.411330476Z,0.0,100.0,1.332740213173629,0.0
AAPL,2024-10-21T12:38:27.465707438Z,0.0,0.0,-4.699705321511205e-05,0.0
AAPL,2024-10-21T12:38:27.556753199Z,0.0,-100.0,-1.332834207280059,0.0
AAPL,2024-10-21T12:38:27.556765455Z,0.0,100.0,1.332740213173629,0.0
AAPL,2024-10-21T12:38:27.614000492Z,0.0,-100.0,-1.332834207280059,0.0
AAPL,2024-10-21T12:38:27.614012681Z,0.0,100.0,1.332740213173629,0.0
AAPL,2024-10-21T12:38:27.623739112Z,0.0,-1.0,-0.5797758418832231,0.0
AAPL,2024-10-21T12:38:28.193154770Z,0.0,0.0,1.1563618809185074,0.0
AAPL,2024-10-21T12:38:28.732222683Z,88.0,-39.0,-1.8838856101482286,0.0
AAPL,2024-10-21T12:38:28.732261256Z,0.0,1.0,0.30032361631905613,0.0
AAPL,2024-10-21T12:38:30.670563949Z,0.0,0.0,0.31664232708720613,0.0
AAPL,2024-10-21T12:38:30.672097186Z,0.0,400.0,0.6096993287914326,0.0
AAPL,2024-10-21T12:38:30.672110180Z,0.0,-199.0,-0.16592032347369978,0.0
AAPL,2024-10-21T12:38:30.672237085Z,0.0,199.0,0.1658263293672695,0.0
AAPL,2024-10-21T12:38:30.672248660Z,0.0,-399.0,-0.03006447806785467,0.0
AAPL,2024-10-21T12:38:31.614004753Z,0.0,0.0,-4.699705321511205e-05,0.0
AAPL,2024-10-21T12:38:32.037724092Z,0.0,0.0,-4.699705321511205e-05,0.0
AAPL,2024-10-21T12:38:33.019264575Z,0.0,-100.0,-1.6495235314204801,0.0
AAPL,2024-10-21T12:38:33.019275921Z,0.0,100.0,1.332740213173629,0.0
AAPL,2024-10-21T12:38:33.943719177Z,0.0,0.0,-4.699705321511205e-05,0.0
AAPL,2024-10-21T12:38:33.943747947Z,0.0,0.0,-4.699705321511205e-05,0.0
AAPL,2024-10-21T12:38:33.943769475Z,-1107.0,-10.0,-0.2907133967883169,0.0
AAPL,2024-10-21T12:38:33.943773105Z,-78.0,12.0,-0.7365818840115094,0.0
AAPL,2024-10-21T12:38:33.943783290Z,0.0,100.0,0.054995637160302945,0.0
AAPL,2024-10-21T12:38:33.943793216Z,33.0,33.0,-0.006438100246757423,0.0
AAPL,2024-10-21T12:38:33.943807790Z,0.0,33.0,0.01811707223724585,0.0
AAPL,2024-10-21T12:38:33.943810905Z,0.0,200.0,0.19260277896459058,0.0
AAPL,2024-10-21T12:38:33.943823630Z,0.0,-100.0,-0.05508963126673319,0.0
AAPL,2024-10-21T12:38:33.944141857Z,0.0,-100.0,0.05713375563778502,0.0
AAPL,2024-10-21T12:38:33.944247536Z,45.0,0.0,2.048344757456209,0.0
AAPL,2024-10-21T12:38:33.944267088Z,0.0,100.0,-0.05722774974421533,0.0
AAPL,2024-10-21T12:38:33.952228694Z,-45.0,0.0,-2.0484387515626388,0.0
AAPL,2024-10-21T12:38:33.952250005Z,-22.0,-22.0,0.004213738409146429,0.0
AAPL,2024-10-21T12:38:33.989609591Z,0.0,-100.0,0.05713375563778502,0.0
AAPL,2024-10-21T12:38:34.050783040Z,0.0,-200.0,-0.3049201599755389,0.0
AAPL,2024-10-21T12:38:34.050814299Z,0.0,-23.0,0.7884726987401454,0.0
AAPL,2024-10-21T12:38:34.203768072Z,1174.0,77.0,0.27764352650105834,0.0
AAPL,2024-10-21T12:38:34.505296009Z,108.0,-19.0,0.14570059852167583,0.0
AAPL,2024-10-21T12:38:36.080592393Z,0.0,0.0,0.31664232708720613,0.0
AAPL,2024-10-21T12:38:36.293829552Z,0.0,0.0,-4.699705321511205e-05,0.0
AAPL,2024-10-21T12:38:36.493352133Z,0.0,200.0,-0.1359028424590602,0.0
AAPL,2024-10-21T12:38:36.493362781Z,0.0,199.0,0.1658263293672695,0.0
AAPL,2024-10-21T12:38:36.493424304Z,-1205.0,-108.0,-1.039212867043882,0.0
AAPL,2024-10-21T12:38:36.493836095Z,0.0,-199.0,-0.16592032347369978,0.0
AAPL,2024-10-21T12:38:36.497532688Z,1205.0,108.0,1.039118872937452,0.0
AAPL,2024-10-21T12:38:36.552185914Z,0.0,-200.0,0.1358088483526299,0.0
AAPL,2024-10-21T12:38:38.241994623Z,0.0,-100.0,-1.6495235314204801,0.0
AAPL,2024-10-21T12:38:38.242007311Z,0.0,100.0,1.332740213173629,0.0
AAPL,2024-10-21T12:38:41.493738059Z,0.0,0.0,-4.699705321511205e-05,0.0
AAPL,2024-10-21T12:38:41.521748296Z,0.0,0.0,0.31664232708720613,0.0
AAPL,2024-10-21T12:38:41.531759226Z,0.0,200.0,-0.1359028424590602,0.0
AAPL,2024-10-21T12:38:41.531773720Z,0.0,-200.0,0.1358088483526299,0.0
AAPL,2024-10-21T12:38:53.685919391Z,8.0,388.0,0.18915098497768232,0.0
AAPL,2024-10-21T12:38:53.685955694Z,0.0,-376.0,0.3494985529171648,0.0
AAPL,2024-10-21T12:38:54.308447960Z,0.0,-100.0,-1.6495235314204801,0.0
AAPL,2024-10-21T12:38:54.308461200Z,0.0,100.0,1.332740213173629,0.0
AAPL,2024-10-21T12:38:54.572377396Z,0.0,0.0,-4.699705321511205e-05,0.0
AAPL,2024-10-21T12:38:57.365590499Z,0.0,0.0,-4.699705321511205e-05,0.0
AAPL,2024-10-21T12:39:00.408882228Z,0.0,398.0,0.08227488676510782,0.0
AAPL,2024-10-21T12:39:05.885844391Z,0.0,0.0,-4.699705321511205e-05,0.0
AAPL,2024-10-21T12:39:05.885875693Z,0.0,0.0,-4.699705321511205e-05,0.0
AAPL,2024-10-21T12:39:05.885899748Z,-1185.0,2.0,-1.0272482837466113,0.0
AAPL,2024-10-21T12:39:05.885911152Z,0.0,100.0,0.054995637160302945,0.0
AAPL,2024-10-21T12:39:05.885912895Z,0.0,-100.0,-0.05508963126673319,0.0
AAPL,2024-10-21T12:39:05.885925030Z,0.0,-90.0,0.7515941338170884,0.0
AAPL,2024-10-21T12:39:05.885938282Z,69.0,69.0,-0.013410212821530853,0.0
AAPL,2024-10-21T12:39:05.885953008Z,0.0,59.0,-0.7687513445297091,0.0
AAPL,2024-10-21T12:39:05.886355387Z,9.0,0.0,2.017841687347572,0.0
AAPL,2024-10-21T12:39:05.886369948Z,0.0,399.0,0.8565652950610794,0.0
AAPL,2024-10-21T12:39:05.886738012Z,-9.0,0.0,-2.0179356814540017,0.0
AAPL,2024-10-21T12:39:05.886757600Z,-22.0,-22.0,0.004213738409146429,0.0
AAPL,2024-10-21T12:39:05.886783783Z,0.0,-199.0,-0.5517861262451856,0.0
AAPL,2024-10-21T12:39:05.981525319Z,0.0,-200.0,-0.3049201599755389,0.0
AAPL,2024-10-21T12:39:05.993765456Z,0.0,-59.0,0.768657350423279,0.0
AAPL,2024-10-21T12:39:06.136295194Z,1138.0,41.0,0.2846156390758318,0.0
AAPL,2024-10-21T12:39:13.360887776Z,0.0,200.0,0.30482616586910877,0.0
AAPL,2024-10-21T12:39:13.360899450Z,0.0,-200.0,-0.3049201599755389,0.0
AAPL,2024-10-21T12:39:17.310474885Z,0.0,-100.0,-1.332834207280059,0.0
AAPL,2024-10-21T12:39:17.310488922Z,0.0,100.0,1.332740213173629,0.0
AAPL,2024-10-21T12:39:18.976780060Z,0.0,0.0,-4.699705321511205e-05,0.0
AAPL,2024-10-21T12:39:20.364855444Z,0.0,0.0,0.31664232708720613,0.0
AAPL,2024-10-21T12:39:30.110092903Z,0.0,-100.0,-1.6495235314204801,0.0
AAPL,2024-10-21T12:39:30.110469895Z,18.0,398.0,1.4451951596317598,0.0
AAPL,2024-10-21T12:39:30.217424858Z,0.0,100.0,1.332740213173629,0.0
AAPL,2024-10-21T12:39:33.244552009Z,0.0,0.0,-4.699705321511205e-05,0.0
AAPL,2024-10-21T12:39:34.610960601Z,0.0,0.0,-4.699705321511205e-05,0.0
AAPL,2024-10-21T12:39:39.685061973Z,0.0,-100.0,-1.332834207280059,0.0
AAPL,2024-10-21T12:39:39.685074623Z,0.0,100.0,1.332740213173629,0.0
AAPL,2024-10-21T12:39:42.739238162Z,0.0,0.0,0.31664232708720613,0.0
AAPL,2024-10-21T12:40:00.394502718Z,0.0,-398.0,-0.08236888087153808,0.0
AAPL,2024-10-21T12:40:02.173786055Z,0.0,399.0,0.02997048396142447,0.0
AAPL,2024-10-21T12:40:02.173798644Z,0.0,-399.0,-0.03006447806785467,0.0
AAPL,2024-10-21T12:40:02.229591880Z,200.0,100.0,-1.6882574901692213,0.0
AAPL,2024-10-21T12:40:06.958241000Z,0.0,-6.0,-0.003349555106026195,0.0
AAPL,2024-10-21T12:40:16.999383849Z,-1207.0,-100.0,2.437468304892831,0.0
AAPL,2024-10-21T12:40:17.380243796Z,0.0,398.0,-0.9664472889444202,0.0
AAPL,2024-10-21T12:40:17.380284749Z,0.0,-396.0,0.3630841374577493,0.0
AAPL,2024-10-21T12:40:17.380598808Z,0.0,127.0,-0.3846570176129359,0.0
AAPL,2024-10-21T12:40:17.408097402Z,0.0,200.0,0.30482616586910877,0.0
AAPL,2024-10-21T12:40:21.749588745Z,1007.0,-100.0,-2.3988283402505197,0.0
AAPL,2024-10-21T12:40:21.749600737Z,0.0,100.0,1.6494295373140502,0.0
AAPL,2024-10-21T12:40:21.804263239Z,0.0,0.0,-4.699705321511205e-05,0.0
AAPL,2024-10-21T12:40:21.819271776Z,0.0,100.0,-0.05722774974421533,0.0
AAPL,2024-10-21T12:40:21.819284628Z,0.0,-100.0,0.05713375563778502,0.0
AAPL,2024-10-21T12:40:21.827634639Z,0.0,100.0,-0.05722774974421533,0.0
AAPL,2024-10-21T12:40:21.827646959Z,0.0,-300.0,-0.24773940728453875,0.0
AAPL,2024-10-21T12:40:23.563340523Z,0.0,0.0,-4.699705321511205e-05,0.0
AAPL,2024-10-21T12:40:23.563363852Z,-1107.0,-10.0,-1.0581925068307654,0.0
AAPL,2024-10-21T12:40:23.563369579Z,-88.0,2.0,0.23174452335768161,0.0
AAPL,2024-10-21T12:40:23.563375890Z,0.0,100.0,0.054995637160302945,0.0
AAPL,2024-10-21T12:40:23.563390255Z,0.0,0.0,0.8842916994440292,0.0
AAPL,2024-10-21T12:40:23.563405657Z,0.0,-100.0,-0.05508963126673319,0.0
AAPL,2024-10-21T12:40:23.563407672Z,0.0,0.0,-0.8843856935504592,0.0
AAPL,2024-10-21T12:40:23.663450037Z,88.0,-2.0,-0.23183851746411185,0.0
AAPL,2024-10-21T12:40:23.663480945Z,1107.0,10.0,1.0580985127243352,0.0
AAPL,2024-10-21T12:40:26.244122626Z,200.0,100.0,-1.6882574901692213,0.0
AAPL,2024-10-21T12:40:29.022903358Z,0.0,0.0,-4.699705321511205e-05,0.0
AAPL,2024-10-21T12:40:29.022924599Z,-1307.0,0.0,2.566920552694238,0.0
AAPL,2024-10-21T12:40:29.022930395Z,-78.0,-88.0,-3.7876248774848675,0.0
AAPL,2024-10-21T12:40:29.022945958Z,100.0,100.0,-0.019413976427585754,0.0
AAPL,2024-10-21T12:40:29.022960110Z,0.0,90.0,4.710572704157448,0.0
AAPL,2024-10-21T12:40:29.022972653Z,0.0,-90.0,-4.710666698263878,0.0
AAPL,2024-10-21T12:40:29.123013019Z,-22.0,-22.0,0.004213738409146429,0.0
AAPL,2024-10-21T12:40:29.123043558Z,0.0,10.0,3.802637127290446,0.0
AAPL,2024-10-21T12:40:29.273765083Z,1307.0,0.0,-2.5670145468006678,0.0
AAPL,2024-10-21T12:40:30.031246441Z,6.0,6.0,-0.0012090158156773502,0.0
AAPL,2024-10-21T12:40:37.175837697Z,16.0,496.0,1.0505263606223865,0.0
AAPL,2024-10-21T12:40:40.431312990Z,-1402.0,-95.0,2.58531918309989,0.0
AAPL,2024-10-21T12:40:41.079843018Z,0.0,-5.0,-0.0027991287638910144,0.0
AAPL,2024-10-21T12:40:43.053712683Z,0.0,-100.0,-0.3803698300052457,0.0
AAPL,2024-10-21T12:40:43.053725029Z,0.0,100.0,0.3802758358988154,0.0
AAPL,2024-10-21T12:40:43.108858295Z,0.0,-110.0,-3.5394930278310768,0.0
AAPL,2024-10-21T12:40:43.193105037Z,0.0,-90.0,3.42931376529761,0.0
AAPL,2024-10-21T12:40:43.193118012Z,0.0,90.0,-1.376074509133148,0.0
AAPL,2024-10-21T12:40:45.077306659Z,0.0,0.0,-4.699705321511205e-05,0.0
AAPL,2024-10-21T12:40:46.195504516Z,0.0,200.0,0.24481260480257086,0.0
AAPL,2024-10-21T12:40:46.250031571Z,0.0,-200.0,-0.2449065989090011,0.0
AAPL,2024-10-21T12:40:46.250043946Z,0.0,110.0,1.167785055674436,0.0
AAPL,2024-10-21T12:40:48.678914166Z,0.0,-200.0,0.20814846229906653,0.0
AAPL,2024-10-21T12:40:48.678925835Z,0.0,290.0,-1.131214907277362,0.0
AAPL,2024-10-21T12:40:49.116948486Z,0.0,-200.0,-0.2449065989090011,0.0
AAPL,2024-10-21T12:40:51.221298867Z,0.0,0.0,-4.699705321511205e-05,0.0
AAPL,2024-10-21T12:40:51.681330922Z,0.0,200.0,0.24481260480257086,0.0
AAPL,2024-10-21T12:40:51.735734347Z,0.0,-200.0,-0.2449065989090011,0.0
AAPL,2024-10-21T12:40:51.735746270Z,0.0,110.0,1.167785055674436,0.0
AAPL,2024-10-21T12:40:53.780616919Z,0.0,-200.0,0.20814846229906653,0.0
AAPL,2024-10-21T12:40:53.780629438Z,0.0,90.0,-1.376074509133148,0.0
AAPL,2024-10-21T12:40:54.935490253Z,0.0,200.0,0.24481260480257086,0.0
AAPL,2024-10-21T12:40:56.836324617Z,0.0,-200.0,-0.2449065989090011,0.0
AAPL,2024-10-21T12:40:56.836337009Z,0.0,110.0,1.4860657834537538,0.0
AAPL,2024-10-21T12:41:00.787986040Z,0.0,98.0,0.325903511306273,0.0
AAPL,2024-10-21T12:41:02.958639135Z,0.0,0.0,-4.699705321511205e-05,0.0
AAPL,2024-10-21T12:41:02.958662045Z,95.0,-10.0,-3.873420254305371,0.0
AAPL,2024-10-21T12:41:02.958679653Z,-95.0,10.0,3.87332626019894,0.0
AAPL,2024-10-21T12:41:02.959797070Z,100.0,100.0,-0.019413976427585754,0.0
AAPL,2024-10-21T12:41:07.396314590Z,0.0,0.0,-4.699705321511205e-05,0.0
AAPL,2024-10-21T12:41:24.040771450Z,0.0,-200.0,-0.11013226548025125,0.0
AAPL,2024-10-21T12:41:24.040783567Z,0.0,90.0,-1.8268642950351754,0.0
AAPL,2024-10-21T12:41:24.096538706Z,0.0,0.0,-4.699705321511205e-05,0.0
AAPL,2024-10-21T12:41:33.732685313Z,0.0,0.0,-4.699705321511205e-05,0.0
AAPL,2024-10-21T12:41:36.846722252Z,0.0,0.0,-4.699705321511205e-05,0.0
AAPL,2024-10-21T12:41:37.867616118Z,0.0,0.0,-4.699705321511205e-05,0.0
AAPL,2024-10-21T12:41:37.867639685Z,-75.0,0.0,1.511589761992345,0.0
AAPL,2024-10-21T12:41:37.867644597Z,-104.0,-104.0,0.020094661496130352,0.0
AAPL,2024-10-21T12:41:37.867652188Z,-100.0,-100.0,0.01931998232115553,0.0
AAPL,2024-10-21T12:41:37.867653690Z,-100.0,-100.0,0.01931998232115553,0.0
AAPL,2024-10-21T12:41:37.867677809Z,0.0,-100.0,-1.6495235314204801,0.0
AAPL,2024-10-21T12:41:37.867682285Z,100.0,100.0,-0.019413976427585754,0.0
AAPL,2024-10-21T12:41:37.867702926Z,100.0,100.0,-0.019413976427585754,0.0
AAPL,2024-10-21T12:41:37.867737436Z,100.0,100.0,-0.019413976427585754,0.0
AAPL,2024-10-21T12:41:37.867893701Z,100.0,100.0,-0.019413976427585754,0.0
AAPL,2024-10-21T12:41:37.868002083Z,-128.0,-128.0,0.024742736545979308,0.0
AAPL,2024-10-21T12:41:37.870051229Z,4.0,-127.0,-1.7165591282737651,0.0
AAPL,2024-10-21T12:41:37.872277341Z,0.0,399.0,0.8565652950610794,0.0
AAPL,2024-10-21T12:41:37.872417981Z,0.0,0.0,-4.699705321511205e-05,0.0
AAPL,2024-10-21T12:41:37.872438670Z,-1107.0,0.0,2.4181013255184602,0.0
AAPL,2024-10-21T12:41:37.872439572Z,4.0,4.0,-0.0008216762281899378,0.0
AAPL,2024-10-21T12:41:37.872443112Z,0.0,-10.0,-3.484450393617559,0.0
AAPL,2024-10-21T12:41:37.872449092Z,0.0,38.0,4.311648462380973,0.0
AAPL,2024-10-21T12:41:37.872453115Z,100.0,10.0,-4.3597316056528035,0.0
AAPL,2024-10-21T12:41:37.872464745Z,-100.0,-100.0,0.01931998232115553,0.0
AAPL,2024-10-21T12:41:37.872736622Z,-52.0,10.0,3.52304939857683,0.0
AAPL,2024-10-21T12:41:37.948619585Z,0.0,90.0,-1.376074509133148,0.0
AAPL,2024-10-21T12:41:37.957880869Z,0.0,200.0,0.24481260480257086,0.0
AAPL,2024-10-21T12:41:37.973766387Z,1159.0,62.0,-0.1725064878008538,0.0
AAPL,2024-10-21T12:41:37.973822964Z,0.0,-300.0,0.8264674177487727,0.0
AAPL,2024-10-21T12:41:39.067873779Z,0.0,-200.0,0.20814846229906653,0.0
AAPL,2024-10-21T12:41:39.067885587Z,0.0,-100.0,-1.332834207280059,0.0
AAPL,2024-10-21T12:41:39.067896733Z,0.0,300.0,1.1245447538213473,0.0
AAPL,2024-10-21T12:41:40.032433370Z,0.0,200.0,-0.2733782731167525,0.0
AAPL,2024-10-21T12:41:44.073298694Z,0.0,-300.0,-1.1246387479277775,0.0
AAPL,2024-10-21T12:41:44.073310878Z,0.0,300.0,0.8866908466871117,0.0
AAPL,2024-10-21T12:41:47.949975113Z,0.0,100.0,-0.5532301357916656,0.0
AAPL,2024-10-21T12:41:47.949987830Z,0.0,-300.0,0.8264674177487727,0.0
AAPL,2024-10-21T12:41:49.849454965Z,0.0,0.0,-4.699705321511205e-05,0.0
AAPL,2024-10-21T12:41:49.849491539Z,0.0,0.0,-4.699705321511205e-05,0.0
AAPL,2024-10-21T12:41:49.849513942Z,-1107.0,-10.0,0.672245782461631,0.0
AAPL,2024-10-21T12:41:49.849516947Z,0.0,12.0,-1.8884198019046083,0.0
AAPL,2024-10-21T12:41:49.849522698Z,0.0,200.0,0.24481260480257086,0.0
AAPL,2024-10-21T12:41:49.849526401Z,0.0,64.0,3.123576824487066,0.0
AAPL,2024-10-21T12:41:49.849539343Z,0.0,-36.0,0.03742818563019558,0.0
AAPL,2024-10-21T12:41:49.849546854Z,0.0,85.0,-3.653479911108153,0.0
AAPL,2024-10-21T12:41:49.849557265Z,-14.0,-85.0,3.663803262904027,0.0
AAPL,2024-10-21T12:41:49.849565635Z,0.0,0.0,-3.145734063697122,0.0
AAPL,2024-10-21T12:41:49.849576958Z,-22.0,-22.0,0.004213738409146429,0.0
AAPL,2024-10-21T12:41:49.849586071Z,0.0,-300.0,0.323740766430533,0.0
AAPL,2024-10-21T12:41:49.849970156Z,36.0,0.0,3.118852608699052,0.0
AAPL,2024-10-21T12:41:49.850361832Z,-36.0,0.0,-3.1189466028054817,0.0
AAPL,2024-10-21T12:41:49.938320730Z,0.0,300.0,-0.32383476053696325,0.0
AAPL,2024-10-21T12:41:49.953764722Z,0.0,-54.0,1.8652079014285001,0.0
AAPL,2024-10-21T12:41:49.953824187Z,0.0,-200.0,-0.2449065989090011,0.0
AAPL,2024-10-21T12:41:50.099656448Z,1143.0,46.0,-0.6793118891428346,0.0
AAPL,2024-10-21T12:41:54.605026768Z,0.0,200.0,0.24481260480257086,0.0
AAPL,2024-10-21T12:41:54.605038914Z,0.0,-200.0,-0.2449065989090011,0.0
AAPL,2024-10-21T12:42:00.451273152Z,0.0,-498.0,0.12019407643725413,0.0
AAPL,2024-10-21T12:42:01.205791497Z,0.0,499.0,-0.1650200598479417,0.0
AAPL,2024-10-21T12:42:01.410378914Z,0.0,-300.0,0.8616164307960862,0.0
AAPL,2024-10-21T12:42:01.558207688Z,0.0,200.0,-0.20824245640549677,0.0
AAPL,2024-10-21T12:42:01.558220271Z,0.0,100.0,-0.6535149655502348,0.0
AAPL,2024-10-21T12:42:06.188932979Z,0.0,100.0,-1.3031757594981053,0.0
AAPL,2024-10-21T12:42:06.243954716Z,0.0,-100.0,1.5409356725259107,0.0
AAPL,2024-10-21T12:42:10.521164045Z,0.0,-300.0,-1.1246387479277775,0.0
AAPL,2024-10-21T12:42:10.521177517Z,0.0,400.0,-0.41643791575777844,0.0
AAPL,2024-10-21T12:42:11.086778743Z,0.0,-300.0,0.5433357030167683,0.0
AAPL,2024-10-21T12:42:11.425996730Z,0.0,-100.0,1.5409356725259107,0.0
AAPL,2024-10-21T12:42:11.745252868Z,-1007.0,90.0,0.14297468504537988,0.0
AAPL,2024-10-21T12:42:11.816393127Z,0.0,-290.0,1.1311209131709317,0.0
AAPL,2024-10-21T12:42:11.816406103Z,0.0,400.0,0.4896722066583569,0.0
AAPL,2024-10-21T12:42:14.032586828Z,0.0,-200.0,-0.11013226548025125,0.0
AAPL,2024-10-21T12:42:16.054252982Z,0.0,200.0,0.11003827137382102,0.0
AAPL,2024-10-21T12:42:16.818985957Z,0.0,-400.0,-0.489766200764787,0.0
AAPL,2024-10-21T12:42:16.818999497Z,0.0,290.0,-0.859164696369717,0.0
AAPL,2024-10-21T12:42:19.054770676Z,0.0,-200.0,-0.11013226548025125,0.0
AAPL,2024-10-21T12:42:19.821163900Z,5.0,480.0,0.6526752507524766,0.0
AAPL,2024-10-21T12:42:19.929575144Z,0.0,200.0,-0.20824245640549677,0.0
AAPL,2024-10-21T12:42:20.703092700Z,0.0,110.0,1.348789905974859,0.0
AAPL,2024-10-21T12:42:20.703225651Z,0.0,200.0,-0.20824245640549677,0.0
AAPL,2024-10-21T12:42:20.703237243Z,0.0,-300.0,0.9057784484922543,0.0
AAPL,2024-10-21T12:42:20.754943741Z,0.0,-200.0,-0.6979616601170686,0.0
AAPL,2024-10-21T12:42:23.772177586Z,0.0,0.0,-4.699705321511205e-05,0.0
AAPL,2024-10-21T12:42:23.772200068Z,-100.0,-10.0,-2.956985718821602,0.0
AAPL,2024-10-21T12:42:23.772203446Z,1.0,1.0,-0.00024066684695881848,0.0
AAPL,2024-10-21T12:42:23.772211976Z,100.0,100.0,-0.019413976427585754,0.0
AAPL,2024-10-21T12:42:23.772224573Z,-200.0,-200.0,0.03868696169552616,0.0
AAPL,2024-10-21T12:42:23.772481783Z,4.0,4.0,-0.0008216762281899378,0.0
AAPL,2024-10-21T12:42:23.772771136Z,100.0,100.0,-0.019413976427585754,0.0
AAPL,2024-10-21T12:42:23.772877430Z,-4.0,-4.0,0.0007276821217597134,0.0
AAPL,2024-10-21T12:42:23.872284029Z,-1.0,-1.0,0.00014667274052859437,0.0
AAPL,2024-10-21T12:42:23.872761380Z,100.0,10.0,2.956891724715172,0.0
AAPL,2024-10-21T12:42:26.754101871Z,100.0,100.0,-0.019413976427585754,0.0
AAPL,2024-10-21T12:42:26.765613859Z,-100.0,-100.0,0.01931998232115553,0.0
AAPL,2024-10-21T12:42:30.983584342Z,-100.0,-10.0,-2.956985718821602,0.0
AAPL,2024-10-21T12:42:30.983588965Z,100.0,100.0,-0.019413976427585754,0.0
AAPL,2024-10-21T12:42:30.983623729Z,0.0,-100.0,0.6534209714438044,0.0
AAPL,2024-10-21T12:42:30.983765496Z,0.0,0.0,-4.699705321511205e-05,0.0
AAPL,2024-10-21T12:42:30.983788140Z,-100.0,90.0,3.6545960147282863,0.0
AAPL,2024-10-21T12:42:30.983791844Z,-99.0,-99.0,-3.5676942193855554,0.0
AAPL,2024-10-21T12:42:30.983802784Z,0.0,100.0,0.054995637160302945,0.0
AAPL,2024-10-21T12:42:30.983848403Z,0.0,-100.0,-0.05508963126673319,0.0
AAPL,2024-10-21T12:42:30.983906995Z,0.0,0.0,3.586773534859752,0.0
AAPL,2024-10-21T12:42:30.984034903Z,0.0,-100.0,-0.05508963126673319,0.0
AAPL,2024-10-21T12:42:30.984200479Z,0.0,-200.0,0.2732842790103223,0.0
AAPL,2024-10-21T12:42:31.054258517Z,0.0,200.0,-0.2733782731167525,0.0
AAPL,2024-10-21T12:42:31.083872223Z,99.0,9.0,-3.599453704827455,0.0
AAPL,2024-10-21T12:42:31.083896105Z,100.0,10.0,2.956891724715172,0.0
AAPL,2024-10-21T12:42:31.083924688Z,0.0,-295.0,0.7178184707396331,0.0
AAPL,2024-10-21T12:42:33.976481607Z,0.0,0.0,-4.699705321511205e-05,0.0
AAPL,2024-10-21T12:42:36.344215669Z,0.0,0.0,-4.699705321511205e-05,0.0
AAPL,2024-10-21T12:42:36.344222466Z,-100.0,-10.0,-2.956985718821602,0.0
AAPL,2024-10-21T12:42:36.344292494Z,0.0,200.0,-0.20824245640549677,0.0
AAPL,2024-10-21T12:42:36.344360943Z,99.0,-2.0,-0.6367738781329041,0.0
AAPL,2024-10-21T12:42:36.344373155Z,-196.0,-59.0,0.7717062680733388,0.0
AAPL,2024-10-21T12:42:36.344395418Z,199.0,140.0,-0.5830658295871481,0.0
AAPL,2024-10-21T12:42:36.344594234Z,100.0,10.0,2.956891724715172,0.0
AAPL,2024-10-21T12:42:36.358702428Z,-199.0,-140.0,0.5829718354807178,0.0
AAPL,2024-10-21T12:42:36.404131118Z,0.0,0.0,-4.699705321511205e-05,0.0
AAPL,2024-10-21T12:42:36.415666105Z,199.0,140.0,-0.5830658295871481,0.0
AAPL,2024-10-21T12:42:36.453978311Z,0.0,-140.0,0.4348967044408194,0.0
AAPL,2024-10-21T12:42:36.465458984Z,0.0,-110.0,-1.6186688356828938,0.0
AAPL,2024-10-21T12:42:38.411817639Z,0.0,-90.0,1.8267703009287448,0.0
AAPL,2024-10-21T12:42:38.411830877Z,0.0,200.0,-0.20824245640549677,0.0
AAPL,2024-10-21T12:42:38.411863606Z,0.0,-200.0,0.20814846229906653,0.0
AAPL,2024-10-21T12:42:38.415564347Z,0.0,290.0,-1.131214907277362,0.0
AAPL,2024-10-21T12:42:39.481634033Z,0.0,0.0,-4.699705321511205e-05,0.0
AAPL,2024-10-21T12:42:40.604433391Z,0.0,-90.0,0.9229254538186503,0.0
AAPL,2024-10-21T12:42:42.254261471Z,0.0,0.0,-4.699705321511205e-05,0.0
AAPL,2024-10-21T12:42:43.909239345Z,0.0,0.0,-4.699705321511205e-05,0.0
AAPL,2024-10-21T12:43:00.284425512Z,0.0,61.0,-0.589286033633735,0.0
AAPL,2024-10-21T12:43:02.784844745Z,0.0,-110.0,-1.6186688356828938,0.0
AAPL,2024-10-21T12:43:04.015686328Z,0.0,-90.0,1.8267703009287448,0.0
AAPL,2024-10-21T12:43:04.015699115Z,0.0,200.0,-0.20824245640549677,0.0
AAPL,2024-10-21T12:43:05.959981783Z,-127.0,-23.0,0.5686451965371084,0.0
AAPL,2024-10-21T12:43:06.083701725Z,0.0,95.0,-0.43460828475318697,0.0
AAPL,2024-10-21T12:43:06.083715131Z,0.0,-95.0,0.43451429064675684,0.0
AAPL,2024-10-21T12:43:06.092775798Z,0.0,95.0,-0.43460828475318697,0.0
AAPL,2024-10-21T12:43:06.092788627Z,0.0,-95.0,0.43451429064675684,0.0
AAPL,2024-10-21T12:43:06.106459675Z,0.0,-200.0,0.20814846229906653,0.0
AAPL,2024-10-21T12:43:06.158293160Z,0.0,200.0,-0.20824245640549677,0.0
AAPL,2024-10-21T12:43:06.158305704Z,0.0,-200.0,0.20814846229906653,0.0
AAPL,2024-10-21T12:43:06.163468352Z,0.0,0.0,-0.6350170489729541,0.0
AAPL,2024-10-21T12:43:07.470875000Z,0.0,-200.0,0.20814846229906653,0.0
AAPL,2024-10-21T12:43:07.577428252Z,0.0,90.0,-1.376074509133148,0.0
AAPL,2024-10-21T12:43:08.751885580Z,0.0,200.0,0.24481260480257086,0.0
AAPL,2024-10-21T12:43:08.806020808Z,0.0,-200.0,-0.2449065989090011,0.0
AAPL,2024-10-21T12:43:08.806033885Z,0.0,0.0,-0.4508367829552424,0.0
AAPL,2024-10-21T12:43:09.027088703Z,0.0,0.0,-4.699705321511205e-05,0.0
AAPL,2024-10-21T12:43:12.901407951Z,0.0,-90.0,1.8267703009287448,0.0
AAPL,2024-10-21T12:43:12.901420094Z,0.0,90.0,-1.376074509133148,0.0
AAPL,2024-10-21T12:43:12.919836141Z,0.0,0.0,-4.699705321511205e-05,0.0
AAPL,2024-10-21T12:43:13.063028062Z,0.0,110.0,1.167785055674436,0.0
AAPL,2024-10-21T12:43:18.819511842Z,0.0,-200.0,0.20814846229906653,0.0
AAPL,2024-10-21T12:43:18.890070389Z,0.0,200.0,-0.20824245640549677,0.0
AAPL,2024-10-21T12:43:19.118949471Z,-72.0,300.0,0.4988106749276616,0.0
AAPL,2024-10-21T12:43:27.312017427Z,-150.0,-60.0,-2.947302229134417,0.0
AAPL,2024-10-21T12:43:28.682580695Z,0.0,-200.0,-0.2449065989090011,0.0
AAPL,2024-10-21T12:43:28.682593294Z,0.0,190.0,1.356687756560892,0.0
AAPL,2024-10-21T12:43:28.718720000Z,0.0,0.0,-4.699705321511205e-05,0.0
AAPL,2024-10-21T12:43:28.737428528Z,0.0,-300.0,-0.4453297472508122,0.0
AAPL,2024-10-21T12:43:29.526405527Z,0.0,200.0,-0.2733782731167525,0.0
AAPL,2024-10-21T12:43:29.583993815Z,0.0,-200.0,0.2732842790103223,0.0
AAPL,2024-10-21T12:43:29.584006831Z,0.0,200.0,0.7604125283322978,0.0
AAPL,2024-10-21T12:43:29.841228100Z,0.0,200.0,0.11003827137382102,0.0
AAPL,2024-10-21T12:43:29.841240098Z,0.0,300.0,0.12695502536506398,0.0
AAPL,2024-10-21T12:43:29.895971250Z,0.0,0.0,-4.699705321511205e-05,0.0
AAPL,2024-10-21T12:43:30.016726563Z,0.0,0.0,-4.699705321511205e-05,0.0
AAPL,2024-10-21T12:43:31.026157327Z,0.0,-390.0,-2.1172412760528347,0.0
AAPL,2024-10-21T12:43:31.026169913Z,0.0,190.0,1.356687756560892,0.0
AAPL,2024-10-21T12:43:32.777462165Z,72.0,-300.0,-0.18062394125477416,0.0
AAPL,2024-10-21T12:43:32.778470496Z,0.0,0.0,-4.699705321511205e-05,0.0
AAPL,2024-10-21T12:43:32.778497265Z,28.0,487.0,0.1870948469614214,0.0
AAPL,2024-10-21T12:43:32.778508908Z,0.0,-199.0,0.18662711258065057,0.0
AAPL,2024-10-21T12:43:32.778520533Z,0.0,359.0,-0.23103976199402879,0.0
AAPL,2024-10-21T12:43:32.778523795Z,87.0,-200.0,0.0006940138810713874,0.0
AAPL,2024-10-21T12:43:32.778533623Z,0.0,99.0,0.011269437683958808,0.0
AAPL,2024-10-21T12:43:32.778543405Z,-28.0,-87.0,-0.005144184436054387,0.0
AAPL,2024-10-21T12:43:32.778545123Z,0.0,-90.0,1.3759805150267175,0.0
AAPL,2024-10-21T12:43:32.843469885Z,0.0,290.0,-0.859164696369717,0.0
AAPL,2024-10-21T12:43:32.863795827Z,0.0,0.0,-4.699705321511205e-05,0.0
AAPL,2024-10-21T12:43:32.864010296Z,-100.0,90.0,-1.7710769336301748,0.0
AAPL,2024-10-21T12:43:32.864353459Z,100.0,-90.0,1.7709829395237453,0.0
AAPL,2024-10-21T12:43:32.875672259Z,-100.0,90.0,-1.7710769336301748,0.0
AAPL,2024-10-21T12:43:32.883762376Z,-87.0,-459.0,-0.14983044404952484,0.0
AAPL,2024-10-21T12:43:32.960428938Z,0.0,0.0,-4.699705321511205e-05,0.0
AAPL,2024-10-21T12:43:32.961014516Z,0.0,0.0,-4.699705321511205e-05,0.0
AAPL,2024-10-21T12:43:33.006751243Z,0.0,-200.0,0.5768416094778994,0.0
AAPL,2024-10-21T12:43:33.219553558Z,0.0,200.0,-0.2733782731167525,0.0
AAPL,2024-10-21T12:43:33.275878319Z,0.0,-200.0,0.2732842790103223,0.0
AAPL,2024-10-21T12:43:33.275890776Z,0.0,200.0,-0.2733782731167525,0.0
AAPL,2024-10-21T12:43:48.778340231Z,-90.0,-90.0,2.4116993962978235,0.0
AAPL,2024-10-21T12:43:49.327571719Z,0.0,0.0,-1.153564852830008,0.0
AAPL,2024-10-21T12:43:54.884512067Z,0.0,0.0,-0.20705445174147713,0.0
AAPL,2024-10-21T12:43:59.424379492Z,-200.0,-105.0,-0.07918500186402459,0.0
AAPL,2024-10-21T12:43:59.523974366Z,200.0,200.0,-0.0387809558019564,0.0
AAPL,2024-10-21T12:43:59.523987613Z,0.0,-400.0,-0.2202175339072874,0.0
AAPL,2024-10-21T12:43:59.578697454Z,0.0,-190.0,-2.3254367354051166,0.0
AAPL,2024-10-21T12:44:00.291904704Z,0.0,-61.0,0.5891920395273048,0.0
AAPL,2024-10-21T12:44:01.574475139Z,0.0,-200.0,0.20814846229906653,0.0
AAPL,2024-10-21T12:44:01.574487162Z,0.0,190.0,1.8722876800906185,0.0
AAPL,2024-10-21T12:44:01.597349974Z,0.0,0.0,-4.699705321511205e-05,0.0
AAPL,2024-10-21T12:44:01.597372308Z,0.0,5.0,-0.5594667753440984,0.0
AAPL,2024-10-21T12:44:01.597376739Z,0.0,494.0,0.8857114555562903,0.0
AAPL,2024-10-21T12:44:01.597388458Z,0.0,71.0,-0.6695674973310447,0.0
AAPL,2024-10-21T12:44:01.597398797Z,0.0,0.0,0.5955641151545547,0.0
AAPL,2024-10-21T12:44:01.597405484Z,0.0,-28.0,-0.7606619888970494,0.0
AAPL,2024-10-21T12:44:01.597418633Z,0.0,-90.0,1.8267703009287448,0.0
AAPL,2024-10-21T12:44:01.597710823Z,0.0,-37.0,0.7110996355400984,0.0
AAPL,2024-10-21T12:44:01.631410923Z,0.0,100.0,0.3591158963651796,0.0
AAPL,2024-10-21T12:44:01.665008249Z,0.0,400.0,-0.41643791575777844,0.0
AAPL,2024-10-21T12:44:01.697457905Z,0.0,-94.0,-1.3361445262156553,0.0
AAPL,2024-10-21T12:44:01.697487107Z,0.0,-471.0,1.039623548542287,0.0
AAPL,2024-10-21T12:44:01.723656057Z,0.0,200.0,-0.20824245640549677,0.0
AAPL,2024-10-21T12:44:03.939688098Z,0.0,0.0,-4.699705321511205e-05,0.0
AAPL,2024-10-21T12:44:10.095362898Z,62.0,85.0,-0.5613552293396246,0.0
AAPL,2024-10-21T12:44:10.112254651Z,28.0,5.0,0.5438309537962607,0.0
AAPL,2024-10-21T12:44:10.112739141Z,-28.0,-5.0,-0.543924947902691,0.0
AAPL,2024-10-21T12:44:10.125962951Z,0.0,0.0,-4.699705321511205e-05,0.0
AAPL,2024-10-21T12:44:10.126029110Z,0.0,-400.0,0.41634392165134815,0.0
AAPL,2024-10-21T12:44:10.126259301Z,0.0,99.0,0.6164057217615766,0.0
AAPL,2024-10-21T12:44:10.130353938Z,0.0,-99.0,-0.6164997158680068,0.0
AAPL,2024-10-21T12:44:10.130410348Z,0.0,90.0,-1.376074509133148,0.0
AAPL,2024-10-21T12:44:10.139163189Z,1097.0,0.0,0.29255610061932374,0.0
AAPL,2024-10-21T12:44:10.157454473Z,0.0,200.0,-0.20824245640549677,0.0
AAPL,2024-10-21T12:44:10.210284689Z,0.0,-200.0,0.20814846229906653,0.0
AAPL,2024-10-21T12:44:10.210294376Z,0.0,-100.0,-1.332834207280059,0.0
AAPL,2024-10-21T12:44:10.228540017Z,0.0,100.0,1.332740213173629,0.0
AAPL,2024-10-21T12:44:22.659115608Z,-1206.0,-109.0,-0.27154008720769013,0.0
AAPL,2024-10-21T12:44:24.320346216Z,0.0,0.0,-4.699705321511205e-05,0.0
AAPL,2024-10-21T12:44:24.320371608Z,127.0,104.0,0.5246576442156338,0.0
AAPL,2024-10-21T12:44:24.328088877Z,0.0,-100.0,-1.332834207280059,0.0
AAPL,2024-10-21T12:44:24.329087388Z,0.0,-6.0,-0.003349555106026195,0.0
AAPL,2024-10-21T12:44:24.329391498Z,-4.0,-4.0,0.0007276821217597134,0.0
AAPL,2024-10-21T12:44:24.329400563Z,0.0,400.0,-0.45864536964810554,0.0
AAPL,2024-10-21T12:44:24.329919574Z,0.0,-400.0,0.4585513755416753,0.0
AAPL,2024-10-21T12:44:24.333182245Z,0.0,6.0,0.003255560999595973,0.0
AAPL,2024-10-21T12:44:24.367829695Z,4.0,4.0,-0.0008216762281899378,0.0
AAPL,2024-10-21T12:44:24.396882356Z,0.0,300.0,1.1245447538213473,0.0
AAPL,2024-10-21T12:44:24.420452931Z,-127.0,-104.0,-0.524751638322064,0.0
AAPL,2024-10-21T12:44:29.399741197Z,0.0,-300.0,-1.1246387479277775,0.0
AAPL,2024-10-21T12:44:29.399754078Z,0.0,300.0,0.8866908466871117,0.0
AAPL,2024-10-21T12:44:37.204838096Z,0.0,0.0,-4.699705321511205e-05,0.0
AAPL,2024-10-21T12:44:37.267315101Z,0.0,0.0,-4.699705321511205e-05,0.0
AAPL,2024-10-21T12:44:37.267346130Z,-1107.0,-10.0,0.672245782461631,0.0
AAPL,2024-10-21T12:44:37.267377859Z,0.0,137.0,0.7337469884995723,0.0
AAPL,2024-10-21T12:44:37.371918862Z,0.0,-137.0,-0.7338409826060025,0.0
AAPL,2024-10-21T12:44:37.372688632Z,1107.0,10.0,-0.6723397765680612,0.0
AAPL,2024-10-21T12:44:43.997940262Z,0.0,0.0,0.23780691008102037,0.0
AAPL,2024-10-21T12:44:43.997952400Z,0.0,137.0,0.7337469884995723,0.0
AAPL,2024-10-21T12:44:43.997963233Z,0.0,-137.0,-0.7338409826060025,0.0
AAPL,2024-10-21T12:44:44.082882873Z,0.0,0.0,-4.699705321511205e-05,0.0
AAPL,2024-10-21T12:44:49.032770567Z,0.0,-300.0,-1.1246387479277775,0.0
AAPL,2024-10-21T12:44:49.032784585Z,0.0,300.0,0.8866908466871117,0.0
AAPL,2024-10-21T12:44:56.110568275Z,-1107.0,-10.0,0.672245782461631,0.0
AAPL,2024-10-21T12:44:56.111500132Z,0.0,0.0,-4.699705321511205e-05,0.0
AAPL,2024-10-21T12:44:59.972308166Z,-90.0,0.0,-1.8280562657811303,0.0
AAPL,2024-10-21T12:44:59.972823933Z,0.0,-90.0,1.8453925531116337,0.0
AAPL,2024-10-21T12:45:00.466069449Z,0.0,0.0,-4.699705321511205e-05,0.0
AAPL,2024-10-21T12:45:00.466091166Z,90.0,90.0,-1.9124551994471641,0.0
AAPL,2024-10-21T12:45:00.466096527Z,-94.0,-94.0,3.249780826703016,0.0
AAPL,2024-10-21T12:45:00.466104495Z,0.0,100.0,0.054995637160302945,0.0
AAPL,2024-10-21T12:45:00.466110782Z,0.0,76.0,0.041785404949058615,0.0
AAPL,2024-10-21T12:45:00.466138376Z,0.0,-100.0,-0.05508963126673319,0.0
AAPL,2024-10-21T12:45:00.466144715Z,0.0,-100.0,-0.05508963126673319,0.0
AAPL,2024-10-21T12:45:00.466331776Z,199.0,140.0,-0.5830658295871481,0.0
AAPL,2024-10-21T12:45:00.534396965Z,0.0,0.0,-0.2314297264255038,0.0
AAPL,2024-10-21T12:45:00.566178995Z,70.0,94.0,-2.697076453708487,0.0
AAPL,2024-10-21T12:45:00.566206580Z,-66.0,-66.0,1.3321055889156628,0.0
AAPL,2024-10-21T12:45:00.576961798Z,-399.0,-340.0,0.6217057942294593,0.0
AAPL,2024-10-21T12:45:00.732087701Z,0.0,-200.0,-0.2449065989090011,0.0
AAPL,2024-10-21T12:45:01.132627516Z,0.0,200.0,0.24481260480257086,0.0
AAPL,2024-10-21T12:45:01.134992267Z,200.0,200.0,-0.0387809558019564,0.0
AAPL,2024-10-21T12:45:01.188576992Z,0.0,-200.0,-0.2449065989090011,0.0
AAPL,2024-10-21T12:45:01.188588948Z,0.0,0.0,-0.4508367829552424,0.0
AAPL,2024-10-21T12:45:03.941408756Z,0.0,0.0,-4.699705321511205e-05,0.0
AAPL,2024-10-21T12:45:04.378997886Z,0.0,-90.0,1.8267703009287448,0.0
AAPL,2024-10-21T12:45:04.392289828Z,185.0,48.0,-0.7696698944485881,0.0
AAPL,2024-10-21T12:45:04.455791398Z,0.0,90.0,-1.8268642950351754,0.0
AAPL,2024-10-21T12:45:04.463427946Z,0.0,-90.0,1.8267703009287448,0.0
AAPL,2024-10-21T12:45:04.463440670Z,0.0,400.0,-0.41643791575777844,0.0
AAPL,2024-10-21T12:45:06.500906813Z,0.0,0.0,-4.699705321511205e-05,0.0
AAPL,2024-10-21T12:45:07.821742791Z,20.0,-80.0,-2.631752037868464,0.0
AAPL,2024-10-21T12:45:07.821766697Z,0.0,0.0,-4.699705321511205e-05,0.0
AAPL,2024-10-21T12:45:08.568521916Z,138.0,38.0,-2.6546050735302216,0.0
AAPL,2024-10-21T12:45:08.568573634Z,0.0,0.0,-4.699705321511205e-05,0.0
AAPL,2024-10-21T12:45:08.568595371Z,-48.0,90.0,3.4000788291336135,0.0
AAPL,2024-10-21T12:45:08.568607237Z,48.0,-90.0,-3.400172823240043,0.0
AAPL,2024-10-21T12:45:08.568836429Z,199.0,140.0,-0.5830658295871481,0.0
AAPL,2024-10-21T12:45:08.568842453Z,0.0,90.0,3.3643622146114267,0.0
AAPL,2024-10-21T12:45:08.569243224Z,0.0,0.0,-4.699705321511205e-05,0.0
AAPL,2024-10-21T12:45:08.569247948Z,0.0,-90.0,-3.3644562087178564,0.0
AAPL,2024-10-21T12:45:08.572627612Z,-138.0,-38.0,2.6545110794237905,0.0
AAPL,2024-10-21T12:45:08.674779302Z,-199.0,-140.0,0.5829718354807178,0.0
AAPL,2024-10-21T12:45:08.952909426Z,90.0,-10.0,-2.6453089234305236,0.0
AAPL,2024-10-21T12:45:09.467642057Z,199.0,140.0,-0.5830658295871481,0.0
AAPL,2024-10-21T12:45:09.568869622Z,-199.0,-140.0,0.5829718354807178,0.0
AAPL,2024-10-21T12:45:10.957645576Z,0.0,-200.0,-0.2449065989090011,0.0
AAPL,2024-10-21T12:45:11.522901317Z,0.0,200.0,0.24481260480257086,0.0
AAPL,2024-10-21T12:45:16.300828735Z,-90.0,10.0,2.6452149293240925,0.0
AAPL,2024-10-21T12:45:17.074205541Z,0.0,-200.0,0.20814846229906653,0.0
AAPL,2024-10-21T12:45:17.074218249Z,0.0,90.0,-1.8268642950351754,0.0
AAPL,2024-10-21T12:45:39.966757614Z,199.0,140.0,-0.5830658295871481,0.0
AAPL,2024-10-21T12:45:39.966770270Z,0.0,-140.0,0.4348967044408194,0.0
AAPL,2024-10-21T12:45:40.024030599Z,0.0,0.0,-4.699705321511205e-05,0.0
AAPL,2024-10-21T12:45:41.579754503Z,-200.0,-60.0,-0.3962567397985083,0.0
AAPL,2024-10-21T12:45:42.523889758Z,0.0,-290.0,2.0349657602810267,0.0
AAPL,2024-10-21T12:45:42.523901729Z,0.0,90.0,-1.8268642950351754,0.0
AAPL,2024-10-21T12:45:46.308803313Z,0.0,200.0,-0.20824245640549677,0.0
AAPL,2024-10-21T12:46:00.710010076Z,0.0,58.0,0.5200100656001363,0.0
AAPL,2024-10-21T12:46:01.288790694Z,0.0,-200.0,0.20814846229906653,0.0
AAPL,2024-10-21T12:46:01.288803458Z,0.0,200.0,-0.20824245640549677,0.0
AAPL,2024-10-21T12:46:10.320582034Z,0.0,-200.0,0.20814846229906653,0.0
AAPL,2024-10-21T12:46:10.320607088Z,0.0,-90.0,1.8267703009287448,0.0
AAPL,2024-10-21T12:46:10.320619482Z,0.0,90.0,-1.376074509133148,0.0
AAPL,2024-10-21T12:46:12.080290410Z,-200.0,-200.0,0.03868696169552616,0.0
AAPL,2024-10-21T12:46:12.137568253Z,0.0,200.0,0.24481260480257086,0.0
AAPL,2024-10-21T12:46:12.193567298Z,0.0,-200.0,-0.2449065989090011,0.0
AAPL,2024-10-21T12:46:12.193579968Z,0.0,200.0,-0.659032242307524,0.0
AAPL,2024-10-21T12:46:12.268092521Z,380.0,42.0,-0.8586296111848319,0.0
AAPL,2024-10-21T12:46:16.791652393Z,-380.0,-42.0,0.8585356170784014,0.0
AAPL,2024-10-21T12:46:19.577613731Z,200.0,200.0,-0.0387809558019564,0.0
AAPL,2024-10-21T12:46:23.938521180Z,0.0,0.0,-4.699705321511205e-05,0.0
AAPL,2024-10-21T12:46:25.802255158Z,0.0,-290.0,2.0349657602810267,0.0
AAPL,2024-10-21T12:46:25.802267157Z,0.0,90.0,-1.376074509133148,0.0
AAPL,2024-10-21T12:46:26.818456297Z,1.0,63.0,-0.5650582225018947,0.0
AAPL,2024-10-21T12:46:30.615356413Z,199.0,104.0,0.07928467755133804,0.0
AAPL,2024-10-21T12:46:36.896860441Z,-1.0,498.0,0.2366835372437086,0.0
AAPL,2024-10-21T12:46:36.896993475Z,0.0,-90.0,1.3759805150267175,0.0
AAPL,2024-10-21T12:46:36.935295740Z,1.0,-498.0,-0.236777531350139,0.0
AAPL,2024-10-21T12:46:36.967821622Z,0.0,290.0,-1.131214907277362,0.0
AAPL,2024-10-21T12:46:36.973880941Z,0.0,95.0,-0.11791896061276584,0.0
AAPL,2024-10-21T12:46:36.973894591Z,0.0,-295.0,0.6427097499990384,0.0
AAPL,2024-10-21T12:46:40.270472256Z,0.0,200.0,-0.20824245640549677,0.0
AAPL,2024-10-21T12:46:42.223069810Z,0.0,0.0,-4.699705321511205e-05,0.0
AAPL,2024-10-21T12:46:46.421912989Z,0.0,95.0,-0.43460828475318697,0.0
AAPL,2024-10-21T12:46:46.421925139Z,0.0,-295.0,0.6427097499990384,0.0
AAPL,2024-10-21T12:46:46.487697098Z,0.0,0.0,-4.699705321511205e-05,0.0
AAPL,2024-10-21T12:46:52.612794937Z,0.0,9.0,-0.00466055850991217,0.0
AAPL,2024-10-21T12:47:00.410294114Z,0.0,-103.0,-0.26247390958503325,0.0
AAPL,2024-10-21T12:47:02.422982273Z,0.0,200.0,-0.5249317805459179,0.0
AAPL,2024-10-21T12:47:02.478990158Z,0.0,0.0,-4.699705321511205e-05,0.0
AAPL,2024-10-21T12:47:08.170726079Z,0.0,0.0,-4.699705321511205e-05,0.0
AAPL,2024-10-21T12:47:08.170747785Z,-99.0,5.0,0.6383311630528794,0.0
AAPL,2024-10-21T12:47:08.170753593Z,87.0,487.0,-0.6871513256770544,0.0
AAPL,2024-10-21T12:47:08.170780793Z,-17.0,-17.0,0.0032453894404278973,0.0
AAPL,2024-10-21T12:47:08.170793241Z,0.0,-400.0,0.6702080595149215,0.0
AAPL,2024-10-21T12:47:08.170829114Z,0.0,483.0,-0.624616667224132,0.0
AAPL,2024-10-21T12:47:08.170966841Z,0.0,0.0,0.8470527266261866,0.0
AAPL,2024-10-21T12:47:08.171394413Z,0.0,0.0,-0.8471467207326168,0.0
AAPL,2024-10-21T12:47:08.270834728Z,13.0,13.0,-0.0025647043718832942,0.0
AAPL,2024-10-21T12:47:08.270864543Z,0.0,-483.0,0.6245226731177015,0.0
AAPL,2024-10-21T12:47:08.423766296Z,16.0,-88.0,-0.6223505642785819,0.0
AAPL,2024-10-21T12:47:09.542929513Z,0.0,-300.0,-1.1350794918370508,0.0
AAPL,2024-10-21T12:47:09.542944189Z,0.0,100.0,1.343180957082902,0.0
AAPL,2024-10-21T12:47:10.432682831Z,0.0,0.0,-4.699705321511205e-05,0.0
AAPL,2024-10-21T12:47:11.297466321Z,0.0,0.0,-4.699705321511205e-05,0.0
AAPL,2024-10-21T12:47:15.646925075Z,0.0,-100.0,-1.3432749511893323,0.0
AAPL,2024-10-21T12:47:15.646937792Z,0.0,100.0,1.343180957082902,0.0
AAPL,2024-10-21T12:47:19.469834115Z,-199.0,-62.0,0.7722872774545698,0.0
AAPL,2024-10-21T12:47:25.958887784Z,199.0,140.0,-0.5830658295871481,0.0
AAPL,2024-10-21T12:47:25.958901196Z,0.0,-340.0,0.32481143601378326,0.0
AAPL,2024-10-21T12:47:26.552220975Z,-1205.0,-108.0,-0.28067454932414104,0.0
AAPL,2024-10-21T12:47:26.552507902Z,0.0,90.0,-0.7430978132097507,0.0
AAPL,2024-10-21T12:47:26.552532797Z,0.0,-9.0,1.9712282865076172,0.0
AAPL,2024-10-21T12:47:26.552914503Z,0.0,9.0,-1.971322280614047,0.0
AAPL,2024-10-21T12:47:26.553030755Z,0.0,-90.0,0.7430038191033207,0.0
AAPL,2024-10-21T12:47:26.556326445Z,1205.0,108.0,0.2805805552177107,0.0
AAPL,2024-10-21T12:47:26.596516239Z,0.0,340.0,-0.32490543012021345,0.0
AAPL,2024-10-21T12:47:26.618112053Z,0.0,-340.0,0.32481143601378326,0.0
AAPL,2024-10-21T12:47:26.625259595Z,0.0,340.0,-0.32490543012021345,0.0
AAPL,2024-10-21T12:47:26.629968958Z,0.0,-140.0,0.4348967044408194,0.0
AAPL,2024-10-21T12:47:26.656630312Z,0.0,-200.0,-0.11013226548025125,0.0
AAPL,2024-10-21T12:47:26.684648838Z,0.0,200.0,0.11003827137382102,0.0
AAPL,2024-10-21T12:47:26.684660963Z,0.0,0.0,-4.699705321511205e-05,0.0
AAPL,2024-10-21T12:47:27.032806515Z,0.0,0.0,-4.699705321511205e-05,0.0
AAPL,2024-10-21T12:47:29.736524116Z,-200.0,-60.0,-0.3962567397985083,0.0
AAPL,2024-10-21T12:47:29.804925373Z,0.0,200.0,-0.20824245640549677,0.0
AAPL,2024-10-21T12:47:29.856681774Z,0.0,-200.0,0.20814846229906653,0.0
AAPL,2024-10-21T12:47:29.856694723Z,0.0,200.0,-0.20824245640549677,0.0
AAPL,2024-10-21T12:47:30.078583111Z,0.0,0.0,-4.699705321511205e-05,0.0
AAPL,2024-10-21T12:47:34.313639819Z,0.0,-200.0,0.5248377864394878,0.0
AAPL,2024-10-21T12:47:34.358474517Z,200.0,200.0,-0.0387809558019564,0.0
AAPL,2024-10-21T12:47:34.358488026Z,0.0,-140.0,0.4348967044408194,0.0
AAPL,2024-10-21T12:47:37.064329812Z,0.0,-100.0,-1.6599642753297534,0.0
AAPL,2024-10-21T12:47:37.064342466Z,0.0,100.0,1.343180957082902,0.0
AAPL,2024-10-21T12:47:37.119327456Z,0.0,0.0,-4.699705321511205e-05,0.0
AAPL,2024-10-21T12:47:37.400458317Z,0.0,140.0,-0.4349906985472496,0.0
AAPL,2024-10-21T12:47:37.400470025Z,0.0,-140.0,0.4348967044408194,0.0
AAPL,2024-10-21T12:47:37.454723801Z,0.0,100.0,-1.2331896827622963,0.0
AAPL,2024-10-21T12:47:38.779143882Z,0.0,1000.0,-0.6793262240824404,0.0
AAPL,2024-10-21T12:47:40.220416792Z,0.0,-100.0,2.7098676693821946,0.0
AAPL,2024-10-21T12:48:06.501702067Z,0.0,140.0,-0.4349906985472496,0.0
AAPL,2024-10-21T12:48:06.501715510Z,0.0,-140.0,0.4348967044408194,0.0
AAPL,2024-10-21T12:48:06.556937176Z,0.0,-100.0,-2.8200469319156607,0.0
AAPL,2024-10-21T12:48:06.556948933Z,0.0,400.0,-0.41643791575777844,0.0
AAPL,2024-10-21T12:48:08.370665186Z,-127.0,-65.0,-0.28302075257522963,0.0
AAPL,2024-10-21T12:48:08.441224723Z,0.0,-200.0,0.20814846229906653,0.0
AAPL,2024-10-21T12:48:08.499978640Z,0.0,200.0,-0.20824245640549677,0.0
AAPL,2024-10-21T12:48:08.499990971Z,0.0,0.0,-0.31673632119363626,0.0
AAPL,2024-10-21T12:48:09.562658898Z,0.0,-200.0,-0.11013226548025125,0.0
AAPL,2024-10-21T12:48:09.617544283Z,0.0,-300.0,2.919654532373373,0.0
AAPL,2024-10-21T12:48:12.154776230Z,-28.0,-28.0,0.0053757571716086675,0.0
AAPL,2024-10-21T12:48:13.697844531Z,0.0,-100.0,-2.5033576077752397,0.0
AAPL,2024-10-21T12:48:13.697858036Z,0.0,400.0,-0.41643791575777844,0.0
AAPL,2024-10-21T12:48:16.753702442Z,0.0,-300.0,2.919654532373373,0.0
AAPL,2024-10-21T12:48:19.442007179Z,-1203.0,-106.0,-1.2744832581013168,0.0
AAPL,2024-10-21T12:48:19.442025239Z,0.0,0.0,-4.699705321511205e-05,0.0
AAPL,2024-10-21T12:48:19.442044553Z,0.0,200.0,0.11003827137382102,0.0
AAPL,2024-10-21T12:48:19.442103573Z,0.0,137.0,0.7337469884995723,0.0
AAPL,2024-10-21T12:48:19.442313654Z,96.0,90.0,0.139948370386741,0.0
AAPL,2024-10-21T12:48:19.442674818Z,-96.0,-90.0,-0.1400423644931711,0.0
AAPL,2024-10-21T12:48:19.442704447Z,0.0,0.0,-4.699705321511205e-05,0.0
AAPL,2024-10-21T12:48:19.446110129Z,1203.0,106.0,1.2743892639948866,0.0
AAPL,2024-10-21T12:48:19.520918631Z,0.0,-100.0,-2.5033576077752397,0.0
AAPL,2024-10-21T12:48:19.520931496Z,0.0,400.0,-0.41643791575777844,0.0
AAPL,2024-10-21T12:48:19.523249872Z,0.0,-137.0,-0.4171516584655813,0.0
AAPL,2024-10-21T12:48:19.551210716Z,0.0,-200.0,0.20814846229906653,0.0
AAPL,2024-10-21T12:48:19.683603442Z,0.0,200.0,-0.20824245640549677,0.0
AAPL,2024-10-21T12:48:19.683615721Z,0.0,0.0,-0.31673632119363626,0.0
AAPL,2024-10-21T12:48:20.389264986Z,-1197.0,-90.0,4.51216512986671,0.0
AAPL,2024-10-21T12:48:20.657778486Z,0.0,137.0,0.7337469884995723,0.0
AAPL,2024-10-21T12:48:20.657790817Z,0.0,-337.0,-0.20895619911329968,0.0
AAPL,2024-10-21T12:48:21.283922667Z,0.0,-110.0,-2.62329627250133,0.0
AAPL,2024-10-21T12:48:26.912777281Z,0.0,0.0,-4.699705321511205e-05,0.0
AAPL,2024-10-21T12:48:26.912847872Z,0.0,90.0,-0.3068092784882091,0.0
AAPL,2024-10-21T12:48:26.912854091Z,0.0,200.0,0.11003827137382102,0.0
AAPL,2024-10-21T12:48:26.912899501Z,0.0,140.0,-0.4349906985472496,0.0
AAPL,2024-10-21T12:48:26.913242243Z,0.0,-90.0,0.30671528438177914,0.0
AAPL,2024-10-21T12:48:27.020695881Z,0.0,-340.0,0.32481143601378326,0.0
AAPL,2024-10-21T12:48:28.369815806Z,0.0,-90.0,1.9252876153310459,0.0
AAPL,2024-10-21T12:48:30.038722144Z,0.0,-110.0,-2.6210309971952896,0.0
AAPL,2024-10-21T12:48:32.943736693Z,0.0,-2.0,1.1271320853864315,0.0
AAPL,2024-10-21T12:48:32.943740045Z,152.0,152.0,-0.029484805702258487,0.0
AAPL,2024-10-21T12:48:32.947835058Z,-152.0,-152.0,0.02939081159582826,0.0
AAPL,2024-10-21T12:48:32.947840314Z,0.0,2.0,-1.127226079492862,0.0
AAPL,2024-10-21T12:48:33.022380892Z,0.0,-90.0,2.8291324624411405,0.0
AAPL,2024-10-21T12:48:33.022394185Z,0.0,200.0,-0.20824245640549677,0.0
AAPL,2024-10-21T12:48:33.321638942Z,0.0,200.0,-0.20824245640549677,0.0
AAPL,2024-10-21T12:48:33.323589067Z,0.0,200.0,0.11003827137382102,0.0
AAPL,2024-10-21T12:48:33.378055235Z,0.0,-200.0,0.20814846229906653,0.0
AAPL,2024-10-21T12:48:33.378067107Z,0.0,90.0,-2.829226456547571,0.0
AAPL,2024-10-21T12:48:36.022806384Z,0.0,140.0,-0.4349906985472496,0.0
AAPL,2024-10-21T12:48:36.022819468Z,0.0,-340.0,0.32481143601378326,0.0
AAPL,2024-10-21T12:48:36.080879057Z,0.0,-200.0,-1.3943950020697984,0.0
AAPL,2024-10-21T12:48:37.062302123Z,0.0,0.0,-4.699705321511205e-05,0.0
AAPL,2024-10-21T12:48:37.707758529Z,0.0,-90.0,4.431675926810006,0.0
AAPL,2024-10-21T12:48:37.707770928Z,0.0,290.0,-3.037421915899853,0.0
AAPL,2024-10-21T12:48:38.527186854Z,0.0,200.0,0.11003827137382102,0.0
AAPL,2024-10-21T12:48:40.708153311Z,0.0,140.0,-0.4349906985472496,0.0
AAPL,2024-10-21T12:48:40.708165824Z,0.0,-140.0,0.4348967044408194,0.0
AAPL,2024-10-21T12:48:40.708592331Z,0.0,-200.0,-0.11013226548025125,0.0
AAPL,2024-10-21T12:48:40.759899740Z,0.0,-200.0,-1.3943950020697984,0.0
AAPL,2024-10-21T12:48:40.759912108Z,0.0,200.0,0.11003827137382102,0.0
AAPL,2024-10-21T12:48:40.759922567Z,0.0,-200.0,-0.11013226548025125,0.0
AAPL,2024-10-21T12:48:40.945130102Z,0.0,-100.0,0.1040507326229257,0.0
AAPL,2024-10-21T12:48:43.582578418Z,0.0,0.0,-4.699705321511205e-05,0.0
AAPL,2024-10-21T12:48:43.887584328Z,0.0,-1000.0,0.5125709425797913,0.0
AAPL,2024-10-21T12:48:45.693722203Z,0.0,990.0,0.2719529670205103,0.0
AAPL,2024-10-21T12:48:45.865188060Z,0.0,200.0,0.11003827137382102,0.0
AAPL,2024-10-21T12:48:45.865335014Z,0.0,140.0,-0.5941310624369086,0.0
AAPL,2024-10-21T12:48:45.865346761Z,0.0,-340.0,0.48395179990344217,0.0
AAPL,2024-10-21T12:48:46.043153157Z,0.0,-190.0,2.7607246965670957,0.0
AAPL,2024-10-21T12:48:46.043165049Z,0.0,390.0,-1.366470685656943,0.0
AAPL,2024-10-21T12:48:46.915333206Z,0.0,0.0,-4.699705321511205e-05,0.0
AAPL,2024-10-21T12:48:59.683517159Z,0.0,62.0,-0.21586361920539635,0.0
AAPL,2024-10-21T12:48:59.683569805Z,0.0,-23.0,-0.41218502426977,0.0
AAPL,2024-10-21T12:49:03.380177241Z,0.0,-390.0,1.366376691550512,0.0
AAPL,2024-10-21T12:49:03.380740871Z,0.0,-890.0,0.405482899926281,0.0
AAPL,2024-10-21T12:49:03.398241224Z,0.0,90.0,-1.8358050873578824,0.0
AAPL,2024-10-21T12:49:03.416667326Z,0.0,1000.0,-0.5126649366862215,0.0
AAPL,2024-10-21T12:49:03.426245015Z,0.0,200.0,-0.20824245640549677,0.0
AAPL,2024-10-21T12:49:07.334254534Z,0.0,90.0,1.6308263700709358,0.0
AAPL,2024-10-21T12:49:07.344508563Z,0.0,-109.0,-0.15197042119943432,0.0
AAPL,2024-10-21T12:49:08.577405223Z,0.0,-200.0,-0.2449065989090011,0.0
AAPL,2024-10-21T12:49:08.577417452Z,0.0,309.0,-2.315300992403294,0.0
AAPL,2024-10-21T12:49:09.323055469Z,0.0,-90.0,3.4523287863392498,0.0
AAPL,2024-10-21T12:49:09.326503177Z,0.0,90.0,-3.45242278044568,0.0
AAPL,2024-10-21T12:49:10.615504825Z,0.0,0.0,-4.699705321511205e-05,0.0
AAPL,2024-10-21T12:49:10.615529414Z,90.0,76.0,-0.31084653540804,0.0
AAPL,2024-10-21T12:49:10.615531617Z,0.0,1.0,0.0005034292889200686,0.0
AAPL,2024-10-21T12:49:10.615537132Z,0.0,0.0,-4.699705321511205e-05,0.0
AAPL,2024-10-21T12:49:10.615540557Z,0.0,100.0,0.054995637160302945,0.0
AAPL,2024-10-21T12:49:10.615552303Z,101.0,-85.0,5.358833341269155,0.0
AAPL,2024-10-21T12:49:10.615554379Z,41.0,41.0,-0.007987458596707075,0.0
AAPL,2024-10-21T12:49:10.615571841Z,-1.0,-1.0,0.00014667274052859437,0.0
AAPL,2024-10-21T12:49:10.615574342Z,-100.0,-100.0,0.01931998232115553,0.0
AAPL,2024-10-21T12:49:10.615598746Z,0.0,340.0,-0.48404579400987235,0.0
AAPL,2024-10-21T12:49:10.615674329Z,0.0,0.0,-4.699705321511205e-05,0.0
AAPL,2024-10-21T12:49:10.615806415Z,-100.0,-100.0,0.01931998232115553,0.0
AAPL,2024-10-21T12:49:10.719298363Z,0.0,-340.0,0.48395179990344217,0.0
AAPL,2024-10-21T12:49:10.719326799Z,-31.0,68.0,-5.134708024575406,0.0
AAPL,2024-10-21T12:49:11.955975975Z,0.0,-90.0,3.4523287863392498,0.0
AAPL,2024-10-21T12:49:11.959487373Z,0.0,90.0,-3.45242278044568,0.0
AAPL,2024-10-21T12:49:13.192050305Z,0.0,-990.0,-0.27204696112694055,0.0
AAPL,2024-10-21T12:49:13.740463087Z,0.0,-210.0,4.57840114669157,0.0
AAPL,2024-10-21T12:49:14.004842455Z,0.0,-190.0,-4.162104222093437,0.0
AAPL,2024-10-21T12:49:14.004855015Z,0.0,400.0,-0.41643791575777844,0.0
AAPL,2024-10-21T12:49:16.380976995Z,0.0,990.0,0.2719529670205103,0.0
AAPL,2024-10-21T12:49:17.095404048Z,0.0,-90.0,3.4523287863392498,0.0
AAPL,2024-10-21T12:49:17.098516295Z,0.0,90.0,-3.45242278044568,0.0
AAPL,2024-10-21T12:49:20.689107718Z,0.0,-90.0,3.4523287863392498,0.0
AAPL,2024-10-21T12:49:20.692285781Z,0.0,90.0,-3.45242278044568,0.0
AAPL,2024-10-21T12:49:27.922835826Z,0.0,-109.0,4.388143772127203,0.0
AAPL,2024-10-21T12:49:28.083552407Z,0.0,62.0,-0.21586361920539635,0.0
AAPL,2024-10-21T12:49:28.121990369Z,0.0,-62.0,0.21576962509896613,0.0
AAPL,2024-10-21T12:49:31.767415647Z,0.0,9.0,-3.8067189448885155,0.0
AAPL,2024-10-21T12:49:31.770578504Z,0.0,-9.0,3.806624950782085,0.0
AAPL,2024-10-21T12:49:38.319661255Z,0.0,-291.0,-3.97184684752907,0.0
AAPL,2024-10-21T12:49:38.319673756Z,0.0,91.0,1.8988160795923004,0.0
AAPL,2024-10-21T12:49:38.866315719Z,0.0,200.0,0.24481260480257086,0.0
AAPL,2024-10-21T12:49:38.920680087Z,0.0,-200.0,-0.2449065989090011,0.0
AAPL,2024-10-21T12:49:38.920693145Z,0.0,309.0,-2.315300992403294,0.0
AAPL,2024-10-21T12:49:39.634329715Z,0.0,-90.0,3.4523287863392498,0.0
AAPL,2024-10-21T12:49:39.637815531Z,100.0,100.0,-0.019413976427585754,0.0
AAPL,2024-10-21T12:49:43.110091934Z,0.0,-10.0,-2.8709039591005623,0.0
AAPL,2024-10-21T12:49:46.832167455Z,-100.0,-100.0,0.01931998232115553,0.0
AAPL,2024-10-21T12:49:46.835474868Z,90.0,-9.0,3.7396562985529855,0.0
AAPL,2024-10-21T12:49:46.957490822Z,0.0,85.0,-3.718116697448604,0.0
AAPL,2024-10-21T12:49:46.957502527Z,100.0,100.0,-0.019413976427585754,0.0
AAPL,2024-10-21T12:49:46.957515098Z,-100.0,0.0,3.067559540289058,0.0
AAPL,2024-10-21T12:49:46.957526708Z,0.0,340.0,-0.48404579400987235,0.0
AAPL,2024-10-21T12:49:46.957541207Z,100.0,100.0,-0.019413976427585754,0.0
AAPL,2024-10-21T12:49:46.957573815Z,0.0,-4.0,-2.026305420503442,0.0
AAPL,2024-10-21T12:49:46.957576775Z,0.0,0.0,-4.699705321511205e-05,0.0
AAPL,2024-10-21T12:49:46.957602301Z,-194.0,-499.0,1.2964013007039847,0.0
AAPL,2024-10-21T12:49:46.957613470Z,0.0,-976.0,-1.2714030422462432,0.0
AAPL,2024-10-21T12:49:46.957631839Z,0.0,0.0,-4.699705321511205e-05,0.0
AAPL,2024-10-21T12:49:46.957813627Z,0.0,-100.0,-0.12247679798110811,0.0
AAPL,2024-10-21T12:49:46.957862508Z,0.0,4.0,-0.004210906240260745,0.0
AAPL,2024-10-21T12:49:46.957937664Z,0.0,-100.0,0.1040507326229257,0.0
AAPL,2024-10-21T12:49:46.957991157Z,0.0,-100.0,0.1040507326229257,0.0
AAPL,2024-10-21T12:49:46.961681628Z,0.0,994.0,1.179962201881769,0.0
AAPL,2024-10-21T12:49:46.961955264Z,0.0,501.0,-1.2413330987053939,0.0
AAPL,2024-10-21T12:49:46.966450387Z,0.0,-90.0,1.9214912310831795,0.0
AAPL,2024-10-21T12:49:47.057682799Z,18.0,94.0,-2.954897575092713,0.0
AAPL,2024-10-21T12:49:47.057708040Z,76.0,-9.0,3.7033037990176525,0.0
AAPL,2024-10-21T12:49:47.067321034Z,-283.0,-276.0,-0.0029979050509976995,0.0
AAPL,2024-10-21T12:49:48.478529399Z,200.0,200.0,-0.0387809558019564,0.0
AAPL,2024-10-21T12:49:48.478675769Z,83.0,76.0,0.041637869693308904,0.0
AAPL,2024-10-21T12:49:48.478687941Z,-83.0,-76.0,-0.041731863799739005,0.0
AAPL,2024-10-21T12:49:48.484283756Z,-200.0,-200.0,0.03868696169552616,0.0
AAPL,2024-10-21T12:49:49.367557259Z,0.0,-200.0,0.20814846229906653,0.0
AAPL,2024-10-21T12:49:49.367580583Z,0.0,-91.0,-4.180042306881352,0.0
AAPL,2024-10-21T12:49:49.367595179Z,6.0,6.0,-0.0012090158156773502,0.0
AAPL,2024-10-21T12:49:49.367610194Z,-103.0,-106.0,4.4505229167601685,0.0
AAPL,2024-10-21T12:49:49.367638925Z,200.0,200.0,-0.0387809558019564,0.0
AAPL,2024-10-21T12:49:49.367647847Z,83.0,76.0,0.041637869693308904,0.0
AAPL,2024-10-21T12:49:49.367661433Z,0.0,-6.0,-0.003349555106026195,0.0
AAPL,2024-10-21T12:49:49.367879143Z,97.0,106.0,-4.446152334051325,0.0
AAPL,2024-10-21T12:49:49.379300783Z,-97.0,-106.0,4.446058339944895,0.0
AAPL,2024-10-21T12:49:49.383394936Z,97.0,106.0,-4.446152334051325,0.0
AAPL,2024-10-21T12:49:49.457051270Z,-200.0,-200.0,0.03868696169552616,0.0
AAPL,2024-10-21T12:49:49.470761871Z,0.0,291.0,3.971752853422639,0.0
AAPL,2024-10-21T12:49:49.480799866Z,-200.0,-200.0,0.03868696169552616,0.0
AAPL,2024-10-21T12:49:58.322449004Z,-90.0,9.0,-3.7397502926594153,0.0
AAPL,2024-10-21T12:49:58.325910308Z,90.0,-9.0,3.7396562985529855,0.0
AAPL,2024-10-21T12:50:00.450230177Z,200.0,200.0,-0.0387809558019564,0.0
AAPL,2024-10-21T12:50:00.450388901Z,200.0,200.0,-0.0387809558019564,0.0
AAPL,2024-10-21T12:50:00.450400607Z,0.0,-76.0,-0.10349184307768663,0.0
AAPL,2024-10-21T12:50:02.747081660Z,0.0,-200.0,-0.11013226548025125,0.0
AAPL,2024-10-21T12:50:08.578493418Z,-90.0,9.0,-3.7397502926594153,0.0
AAPL,2024-10-21T12:50:08.581776469Z,90.0,-9.0,3.7396562985529855,0.0
AAPL,2024-10-21T12:50:09.246492050Z,0.0,200.0,0.11003827137382102,0.0
AAPL,2024-10-21T12:50:09.246504376Z,0.0,0.0,-4.699705321511205e-05,0.0
AAPL,2024-10-21T12:50:11.198406052Z,0.0,76.0,0.10339784897125653,0.0
AAPL,2024-10-21T12:50:11.198419398Z,0.0,-276.0,-0.21357711150472278,0.0
AAPL,2024-10-21T12:50:11.566181537Z,0.0,200.0,0.11003827137382102,0.0
AAPL,2024-10-21T12:50:12.467758096Z,-90.0,9.0,-3.7397502926594153,0.0
AAPL,2024-10-21T12:50:12.471274007Z,90.0,-9.0,3.7396562985529855,0.0
AAPL,2024-10-21T12:50:13.271098437Z,0.0,0.0,-4.699705321511205e-05,0.0
AAPL,2024-10-21T12:50:14.282020828Z,0.0,76.0,0.10339784897125653,0.0
AAPL,2024-10-21T12:50:14.282033670Z,0.0,-276.0,-0.21357711150472278,0.0
AAPL,2024-10-21T12:50:15.277451082Z,-80.0,5.0,-3.702623113949108,0.0
AAPL,2024-10-21T12:50:15.277477320Z,0.0,0.0,-4.699705321511205e-05,0.0
AAPL,2024-10-21T12:50:16.172964926Z,0.0,-200.0,0.20814846229906653,0.0
AAPL,2024-10-21T12:50:16.211482112Z,0.0,-91.0,-4.180042306881352,0.0
AAPL,2024-10-21T12:50:16.211495151Z,0.0,291.0,3.971752853422639,0.0
AAPL,2024-10-21T12:50:16.267055594Z,0.0,200.0,0.11003827137382102,0.0
AAPL,2024-10-21T12:50:17.309428619Z,-90.0,9.0,-3.7397502926594153,0.0
AAPL,2024-10-21T12:50:17.312771757Z,90.0,-9.0,3.7396562985529855,0.0
AAPL,2024-10-21T12:50:19.173366770Z,0.0,-200.0,0.20814846229906653,0.0
AAPL,2024-10-21T12:50:19.463071688Z,0.0,109.0,-4.069957038454316,0.0
AAPL,2024-10-21T12:50:19.939222379Z,0.0,76.0,0.10339784897125653,0.0
AAPL,2024-10-21T12:50:19.939235822Z,0.0,-276.0,-0.21357711150472278,0.0
AAPL,2024-10-21T12:50:19.998086298Z,0.0,200.0,0.11003827137382102,0.0
AAPL,2024-10-21T12:50:20.045656564Z,0.0,76.0,0.10339784897125653,0.0
AAPL,2024-10-21T12:50:20.045669794Z,0.0,-276.0,-0.21357711150472278,0.0
AAPL,2024-10-21T12:50:20.726462052Z,0.0,200.0,0.11003827137382102,0.0
AAPL,2024-10-21T12:50:22.114304820Z,0.0,124.0,0.05957262821181347,0.0
AAPL,2024-10-21T12:50:23.016526103Z,110.0,-90.0,2.5900665064172834,0.0
AAPL,2024-10-21T12:50:23.019819419Z,-110.0,90.0,-2.590160500523714,0.0
AAPL,2024-10-21T12:50:23.489361011Z,0.0,199.0,0.15774681015122313,0.0
AAPL,2024-10-21T12:50:23.489373964Z,0.0,-399.0,-0.2679260726846894,0.0
AAPL,2024-10-21T12:50:27.730127297Z,0.0,200.0,0.11003827137382102,0.0
AAPL,2024-10-21T12:50:27.845945395Z,0.0,-109.0,4.249045485958716,0.0
AAPL,2024-10-21T12:50:30.292700701Z,100.0,9.0,-4.378591727866553,0.0
AAPL,2024-10-21T12:50:30.295988952Z,-100.0,-9.0,4.378497733760122,0.0
AAPL,2024-10-21T12:50:36.089037837Z,0.0,199.0,0.15774681015122313,0.0
AAPL,2024-10-21T12:50:36.089051122Z,0.0,-399.0,-0.2679260726846894,0.0
AAPL,2024-10-21T12:50:36.143652642Z,0.0,200.0,0.11003827137382102,0.0
AAPL,2024-10-21T12:50:45.942999977Z,0.0,0.0,-4.699705321511205e-05,0.0
AAPL,2024-10-21T12:50:49.274508773Z,0.0,-91.0,-4.359224748492182,0.0
AAPL,2024-10-21T12:50:49.379316527Z,0.0,91.0,4.359130754385752,0.0
AAPL,2024-10-21T12:50:54.633285417Z,100.0,9.0,-4.378591727866553,0.0
AAPL,2024-10-21T12:50:54.636598543Z,-100.0,-9.0,4.378497733760122,0.0
AAPL,2024-10-21T12:50:55.034083416Z,0.0,-91.0,-4.359224748492182,0.0
AAPL,2024-10-21T12:50:55.034096364Z,0.0,91.0,4.056764062995399,0.0
AAPL,2024-10-21T12:50:58.090412659Z,0.0,0.0,0.30231969433713685,0.0
AAPL,2024-10-21T12:50:58.154681035Z,100.0,9.0,-4.378591727866553,0.0
AAPL,2024-10-21T12:50:58.158028951Z,-100.0,-9.0,4.378497733760122,0.0
AAPL,2024-10-21T12:51:00.690069078Z,0.0,-91.0,-4.359224748492182,0.0
AAPL,2024-10-21T12:51:00.690081541Z,0.0,91.0,4.056764062995399,0.0
AAPL,2024-10-21T12:51:01.453112803Z,-90.0,9.0,-3.934846770659212,0.0
AAPL,2024-10-21T12:51:01.456609178Z,90.0,-9.0,3.934752776552781,0.0
AAPL,2024-10-21T12:51:03.745943857Z,0.0,0.0,-4.699705321511205e-05,0.0
AAPL,2024-10-21T12:51:10.314786051Z,-90.0,9.0,-3.934846770659212,0.0
AAPL,2024-10-21T12:51:10.318219099Z,90.0,-9.0,3.934752776552781,0.0
AAPL,2024-10-21T12:51:13.418871996Z,0.0,0.0,-4.699705321511205e-05,0.0
AAPL,2024-10-21T12:51:13.446879874Z,0.0,0.0,-4.699705321511205e-05,0.0
AAPL,2024-10-21T12:51:17.677760514Z,-10.0,-10.0,0.0018897008842219524,0.0
AAPL,2024-10-21T12:51:17.750308421Z,0.0,-91.0,-4.05685805710183,0.0
AAPL,2024-10-21T12:51:17.750320974Z,0.0,91.0,4.056764062995399,0.0
AAPL,2024-10-21T12:51:18.770505841Z,0.0,200.0,-0.20824245640549677,0.0
AAPL,2024-10-21T12:51:18.773039140Z,0.0,199.0,0.15774681015122313,0.0
AAPL,2024-10-21T12:51:18.773052313Z,0.0,-399.0,-0.2679260726846894,0.0
AAPL,2024-10-21T12:51:18.820951973Z,0.0,-200.0,0.20814846229906653,0.0
AAPL,2024-10-21T12:51:18.820965469Z,0.0,200.0,0.41240496276417293,0.0
AAPL,2024-10-21T12:51:22.821719489Z,300.0,9.0,-4.52741095504233,0.0
AAPL,2024-10-21T12:51:22.824967410Z,-300.0,-9.0,4.5273169609359,0.0
AAPL,2024-10-21T12:51:22.892872962Z,0.0,-291.0,-4.469310016919218,0.0
AAPL,2024-10-21T12:51:22.892886854Z,0.0,91.0,4.056764062995399,0.0
AAPL,2024-10-21T12:51:23.690455424Z,0.0,-91.0,-4.05685805710183,0.0
AAPL,2024-10-21T12:51:23.690468015Z,0.0,91.0,4.056764062995399,0.0
AAPL,2024-10-21T12:51:25.478030138Z,0.0,0.0,-4.699705321511205e-05,0.0
AAPL,2024-10-21T12:51:25.549228495Z,-90.0,9.0,-3.934846770659212,0.0
AAPL,2024-10-21T12:51:25.552755288Z,90.0,-9.0,3.934752776552781,0.0
AAPL,2024-10-21T12:51:26.744932781Z,0.0,0.0,0.30231969433713685,0.0
AAPL,2024-10-21T12:51:32.421978926Z,100.0,9.0,-4.378591727866553,0.0
AAPL,2024-10-21T12:51:32.425290341Z,-100.0,-9.0,4.378497733760122,0.0
AAPL,2024-10-21T12:51:37.000145065Z,100.0,9.0,-4.378591727866553,0.0
AAPL,2024-10-21T12:51:37.003493529Z,-100.0,-9.0,4.378497733760122,0.0
AAPL,2024-10-21T12:51:39.563904075Z,0.0,0.0,-4.699705321511205e-05,0.0
AAPL,2024-10-21T12:51:41.303046432Z,0.0,0.0,-4.699705321511205e-05,0.0
AAPL,2024-10-21T12:51:41.303070738Z,27.0,-77.0,-0.2664785983687475,0.0
AAPL,2024-10-21T12:51:41.303072249Z,-22.0,-22.0,0.004213738409146429,0.0
AAPL,2024-10-21T12:51:41.303082314Z,0.0,-100.0,-0.05508963126673319,0.0
AAPL,2024-10-21T12:51:41.303094909Z,100.0,77.0,-0.032073782296694914,0.0
AAPL,2024-10-21T12:51:41.303109674Z,-81.0,102.0,1.2627015502535561,0.0
AAPL,2024-10-21T12:51:41.303116970Z,-190.0,-190.0,2.7582527129674315,0.0
AAPL,2024-10-21T12:51:41.303439155Z,0.0,100.0,-0.10414472672935594,0.0
AAPL,2024-10-21T12:51:41.305680987Z,90.0,90.0,-2.7389797276994914,0.0
AAPL,2024-10-21T12:51:41.305701541Z,0.0,-83.0,-1.0329252929635693,0.0
AAPL,2024-10-21T12:51:41.313465552Z,0.0,0.0,-4.699705321511205e-05,0.0
AAPL,2024-10-21T12:51:41.387831402Z,0.0,291.0,3.8485686036431175,0.0
AAPL,2024-10-21T12:51:41.403765587Z,0.0,-40.0,1.3034051096541246,0.0
AAPL,2024-10-21T12:51:41.611216280Z,0.0,-200.0,0.20814846229906653,0.0
AAPL,2024-10-21T12:51:44.445867547Z,0.0,0.0,0.30231969433713685,0.0
AAPL,2024-10-21T12:51:45.338942770Z,0.0,0.0,-4.699705321511205e-05,0.0
AAPL,2024-10-21T12:51:45.339015515Z,0.0,-91.0,-4.359224748492182,0.0
AAPL,2024-10-21T12:51:45.441531969Z,0.0,91.0,4.056764062995399,0.0
AAPL,2024-10-21T12:51:47.453511166Z,0.0,340.0,-0.9344130238176072,0.0
AAPL,2024-10-21T12:51:47.453523118Z,0.0,-340.0,0.9343190297111769,0.0
AAPL,2024-10-21T12:51:47.521571778Z,0.0,0.0,-4.699705321511205e-05,0.0
AAPL,2024-10-21T12:51:47.552306498Z,0.0,200.0,-0.20824245640549677,0.0
AAPL,2024-10-21T12:51:47.562312438Z,0.0,0.0,-0.11621946269266611,0.0
AAPL,2024-10-21T12:51:48.483479355Z,0.0,0.0,-4.699705321511205e-05,0.0
AAPL,2024-10-21T12:51:49.903491548Z,0.0,0.0,-4.699705321511205e-05,0.0
AAPL,2024-10-21T12:51:53.231358842Z,0.0,0.0,-4.699705321511205e-05,0.0
AAPL,2024-10-21T12:51:53.231421720Z,0.0,-190.0,2.616874447150443,0.0
AAPL,2024-10-21T12:51:53.251975842Z,0.0,0.0,-4.699705321511205e-05,0.0
AAPL,2024-10-21T12:51:53.347723046Z,0.0,190.0,-2.6169684412568737,0.0
AAPL,2024-10-21T12:51:53.434736360Z,0.0,0.0,-4.699705321511205e-05,0.0
AAPL,2024-10-21T12:51:55.283068255Z,0.0,0.0,-4.699705321511205e-05,0.0
AAPL,2024-10-21T12:51:57.462291236Z,0.0,-89.0,4.244139976412453,0.0
AAPL,2024-10-21T12:52:00.737452427Z,0.0,0.0,-4.699705321511205e-05,0.0
AAPL,2024-10-21T12:52:06.174442902Z,0.0,-91.0,-4.343310712103216,0.0
AAPL,2024-10-21T12:52:06.174456062Z,0.0,91.0,4.3432167179967855,0.0
AAPL,2024-10-21T12:52:06.229293947Z,0.0,0.0,-4.699705321511205e-05,0.0
AAPL,2024-10-21T12:52:14.295242257Z,0.0,0.0,-4.699705321511205e-05,0.0
AAPL,2024-10-21T12:52:18.388695775Z,-9.0,-14.0,-4.810727900615291,0.0
AAPL,2024-10-21T12:52:18.388709390Z,151.0,151.0,-0.029291135908514777,0.0
AAPL,2024-10-21T12:52:18.388762155Z,0.0,140.0,-0.6100450988258744,0.0
AAPL,2024-10-21T12:52:18.392790223Z,-1.0,-1.0,0.00014667274052859437,0.0
AAPL,2024-10-21T12:52:18.392814699Z,-141.0,-136.0,4.839684375570416,0.0
AAPL,2024-10-21T12:52:18.400304638Z,-3.0,-3.0,0.0005340123280160071,0.0
AAPL,2024-10-21T12:52:18.400307812Z,0.0,54.0,0.7167338150936693,0.0
AAPL,2024-10-21T12:52:18.400340559Z,0.0,-91.0,-4.343310712103216,0.0
AAPL,2024-10-21T12:52:18.404398863Z,3.0,3.0,-0.0006280064344462314,0.0
AAPL,2024-10-21T12:52:18.404415227Z,0.0,-54.0,-0.7168278092000996,0.0
AAPL,2024-10-21T12:52:18.467409967Z,0.0,291.0,2.0204914316685647,0.0
AAPL,2024-10-21T12:52:18.495352048Z,0.0,-140.0,0.6099511047194441,0.0
AAPL,2024-10-21T12:52:18.604719011Z,0.0,-200.0,-0.2449065989090011,0.0
AAPL,2024-10-21T12:52:18.625710857Z,0.0,109.0,-1.9839212832714912,0.0
AAPL,2024-10-21T12:52:20.518048065Z,0.0,140.0,-0.6100450988258744,0.0
AAPL,2024-10-21T12:52:20.518059899Z,0.0,-200.0,-0.11013226548025125,0.0
AAPL,2024-10-21T12:52:20.587720643Z,0.0,60.0,0.7200363731464803,0.0
AAPL,2024-10-21T12:52:20.892880686Z,99.0,59.0,-0.6321138965235328,0.0
AAPL,2024-10-21T12:52:21.097180887Z,0.0,0.0,-4.699705321511205e-05,0.0
AAPL,2024-10-21T12:52:21.275458364Z,0.0,-109.0,4.264959522347682,0.0
AAPL,2024-10-21T12:52:21.522172957Z,0.0,0.0,0.28640565794817097,0.0
AAPL,2024-10-21T12:52:28.443782882Z,1.0,102.0,0.29716194863273454,0.0
AAPL,2024-10-21T12:52:28.443920856Z,-12.0,-12.0,0.002277040471709366,0.0
AAPL,2024-10-21T12:52:28.444671301Z,8.0,493.0,-0.20297177519970555,0.0
AAPL,2024-10-21T12:52:28.445030581Z,-28.0,-28.0,0.0053757571716086675,0.0
AAPL,2024-10-21T12:52:28.447890721Z,0.0,3.0,0.00160428197319043,0.0
AAPL,2024-10-21T12:52:28.568234235Z,0.0,20.0,0.00956907153791853,0.0
AAPL,2024-10-21T12:52:29.704321659Z,0.0,0.0,-4.699705321511205e-05,0.0
AAPL,2024-10-21T12:52:32.192854637Z,7.0,7.0,-0.0014026856094210567,0.0
AAPL,2024-10-21T12:52:32.193931288Z,0.0,-91.0,-4.366512365234934,0.0
AAPL,2024-10-21T12:52:32.193964031Z,0.0,-13.0,0.013485707804683195,0.0
AAPL,2024-10-21T12:52:32.194704016Z,0.0,-990.0,-0.3718243097107762,0.0
AAPL,2024-10-21T12:52:32.198058929Z,0.0,13.0,-0.013579701911113419,0.0
AAPL,2024-10-21T12:52:32.230152472Z,0.0,990.0,0.37173031560434594,0.0
AAPL,2024-10-21T12:52:32.272738336Z,0.0,91.0,4.079965716127118,0.0
AAPL,2024-10-21T12:52:32.272847198Z,0.0,-200.0,0.2732842790103223,0.0
AAPL,2024-10-21T12:52:32.300899398Z,0.0,200.0,-0.20824245640549677,0.0
AAPL,2024-10-21T12:52:32.328927814Z,0.0,200.0,-0.2733782731167525,0.0
AAPL,2024-10-21T12:52:32.328940616Z,0.0,-500.0,0.4191693468527971,0.0
AAPL,2024-10-21T12:52:40.109749794Z,0.0,-200.0,0.20814846229906653,0.0
AAPL,2024-10-21T12:52:40.895621746Z,0.0,200.0,-0.20824245640549677,0.0
AAPL,2024-10-21T12:52:52.427835018Z,12.0,484.0,-0.6782861494122111,0.0
AAPL,2024-10-21T12:52:52.427874272Z,0.0,-397.0,0.343539556391331,0.0
AAPL,2024-10-21T12:52:52.428191381Z,0.0,4.0,0.004850194983900608,0.0
AAPL,2024-10-21T12:52:52.428267507Z,0.0,-93.0,-0.1482284706562375,0.0
AAPL,2024-10-21T12:52:54.135441488Z,0.0,0.0,-4.699705321511205e-05,0.0
AAPL,2024-10-21T12:52:54.135462788Z,90.0,85.0,-3.702512366282996,0.0
AAPL,2024-10-21T12:52:54.135464840Z,-94.0,-218.0,3.141532733474017,0.0
AAPL,2024-10-21T12:52:54.135475842Z,0.0,124.0,-3.1234217669685393,0.0
AAPL,2024-10-21T12:52:54.135490428Z,0.0,-213.0,3.0743398284120773,0.0
AAPL,2024-10-21T12:52:54.135504193Z,0.0,140.0,-0.6100450988258744,0.0
AAPL,2024-10-21T12:52:54.156001750Z,0.0,-140.0,0.6099511047194441,0.0
AAPL,2024-10-21T12:52:54.235547055Z,5.0,218.0,-3.0754021714872266,0.0
AAPL,2024-10-21T12:52:54.235576841Z,-1.0,4.0,3.685181760533376,0.0
AAPL,2024-10-21T12:52:57.365726586Z,0.0,0.0,-4.699705321511205e-05,0.0
AAPL,2024-10-21T12:52:57.365728013Z,3.0,-2.0,-3.685663094227294,0.0
AAPL,2024-10-21T12:52:57.365747718Z,0.0,-124.0,3.1233277728621087,0.0
AAPL,2024-10-21T12:52:57.365754933Z,0.0,-6.0,-2.2020391780916366,0.0
AAPL,2024-10-21T12:52:57.365762251Z,0.0,11.0,0.006007692710271876,0.0
AAPL,2024-10-21T12:52:57.365775239Z,0.0,11.0,-0.011497747317590602,0.0
AAPL,2024-10-21T12:52:57.365803525Z,0.0,-100.0,0.1040507326229257,0.0
AAPL,2024-10-21T12:52:57.366029914Z,0.0,100.0,0.054995637160302945,0.0
AAPL,2024-10-21T12:52:57.366051623Z,73.0,199.0,0.10342779223206441,0.0
AAPL,2024-10-21T12:52:57.366331535Z,0.0,-100.0,-0.05508963126673319,0.0
AAPL,2024-10-21T12:52:57.369838111Z,22.0,17.0,2.049994834897562,0.0
AAPL,2024-10-21T12:52:57.369858806Z,-24.0,-24.0,0.004601077996633842,0.0
AAPL,2024-10-21T12:52:57.436165494Z,-200.0,-200.0,0.03868696169552616,0.0
AAPL,2024-10-21T12:52:57.442081954Z,-200.0,-200.0,0.03868696169552616,0.0
AAPL,2024-10-21T12:52:57.473399287Z,0.0,213.0,-3.074433822518508,0.0
AAPL,2024-10-21T12:52:57.623765735Z,-1.0,4.0,3.685181760533376,0.0
AAPL,2024-10-21T12:52:59.389259843Z,200.0,200.0,-0.0387809558019564,0.0
AAPL,2024-10-21T12:52:59.389271786Z,-73.0,-199.0,-0.10352178633849451,0.0
AAPL,2024-10-21T12:53:00.698553118Z,0.0,58.0,0.5200100656001363,0.0
AAPL,2024-10-21T12:53:02.267851771Z,0.0,0.0,-4.699705321511205e-05,0.0
AAPL,2024-10-21T12:53:11.670955032Z,273.0,340.0,-0.5041726206317008,0.0
AAPL,2024-10-21T12:53:11.670966379Z,-400.0,-400.0,0.07742092044426743,0.0
AAPL,2024-10-21T12:53:11.727234767Z,127.0,60.0,0.4266107090277881,0.0
AAPL,2024-10-21T12:53:26.529763238Z,301.0,-36.0,-0.6677248708583189,0.0
AAPL,2024-10-21T12:53:28.427368134Z,0.0,200.0,0.11003827137382102,0.0
AAPL,2024-10-21T12:53:35.578849770Z,0.0,137.0,0.4992510004079971,0.0
AAPL,2024-10-21T12:53:35.578862371Z,0.0,-200.0,-0.11013226548025125,0.0
AAPL,2024-10-21T12:53:35.589718097Z,0.0,-200.0,-0.11013226548025125,0.0
AAPL,2024-10-21T12:53:35.644427153Z,0.0,200.0,0.11003827137382102,0.0
AAPL,2024-10-21T12:53:35.644439352Z,0.0,63.0,-0.38925972608739096,0.0
AAPL,2024-10-21T12:53:38.058449683Z,0.0,-200.0,0.20814846229906653,0.0
AAPL,2024-10-21T12:53:38.058462269Z,0.0,200.0,-0.20824245640549677,0.0
AAPL,2024-10-21T12:53:42.548560344Z,0.0,-200.0,0.20814846229906653,0.0
AAPL,2024-10-21T12:53:43.243634699Z,91.0,97.0,0.22330311630729552,0.0
AAPL,2024-10-21T12:53:58.645821004Z,0.0,-91.0,-4.080059710233548,0.0
AAPL,2024-10-21T12:53:58.645833598Z,0.0,91.0,4.079965716127118,0.0
AAPL,2024-10-21T12:53:58.694382577Z,0.0,200.0,-0.20824245640549677,0.0
AAPL,2024-10-21T12:54:00.371901518Z,0.0,-200.0,0.20814846229906653,0.0
AAPL,2024-10-21T12:54:00.439608110Z,0.0,-103.0,-0.26247390958503325,0.0
AAPL,2024-10-21T12:54:01.412078010Z,0.0,-91.0,-4.080059710233548,0.0
AAPL,2024-10-21T12:54:01.412090878Z,0.0,200.0,-0.20824245640549677,0.0
AAPL,2024-10-21T12:54:01.412103389Z,0.0,-200.0,0.20814846229906653,0.0
AAPL,2024-10-21T12:54:01.467751209Z,0.0,200.0,-0.20824245640549677,0.0
AAPL,2024-10-21T12:54:01.467763122Z,0.0,0.0,-4.699705321511205e-05,0.0
AAPL,2024-10-21T12:54:01.474174096Z,0.0,200.0,-0.20824245640549677,0.0
AAPL,2024-10-21T12:54:01.525937445Z,0.0,-200.0,0.20814846229906653,0.0
AAPL,2024-10-21T12:54:01.525951049Z,0.0,91.0,4.079965716127118,0.0
AAPL,2024-10-21T12:54:05.277851281Z,1.0,1.0,-0.00024066684695881848,0.0
AAPL,2024-10-21T12:54:15.649008030Z,0.0,104.0,0.29264128289729746,0.0
AAPL,2024-10-21T12:54:15.653103106Z,0.0,-104.0,-0.2927352770037277,0.0
AAPL,2024-10-21T12:54:23.663963755Z,0.0,0.0,-4.699705321511205e-05,0.0
AAPL,2024-10-21T12:54:23.663985900Z,89.0,85.0,-3.701768270147118,0.0
AAPL,2024-10-21T12:54:23.663993545Z,-76.0,-200.0,3.1364552735477336,0.0
AAPL,2024-10-21T12:54:23.664013091Z,11.0,135.0,-3.1239607310608233,0.0
AAPL,2024-10-21T12:54:23.664029700Z,0.0,-213.0,3.072748424773181,0.0
AAPL,2024-10-21T12:54:23.664035920Z,0.0,140.0,-0.6100450988258744,0.0
AAPL,2024-10-21T12:54:23.664298891Z,-30.0,-25.0,-2.0462741953480017,0.0
AAPL,2024-10-21T12:54:23.664623467Z,100.0,100.0,-0.019413976427585754,0.0
AAPL,2024-10-21T12:54:23.664895724Z,-100.0,-100.0,0.01931998232115553,0.0
AAPL,2024-10-21T12:54:23.668403631Z,30.0,25.0,2.046180201241572,0.0
AAPL,2024-10-21T12:54:23.668424256Z,-24.0,-24.0,0.004601077996633842,0.0
AAPL,2024-10-21T12:54:23.764410397Z,0.0,213.0,-3.0728424188796115,0.0
AAPL,2024-10-21T12:54:23.774388827Z,0.0,-140.0,0.6099511047194441,0.0
AAPL,2024-10-21T12:54:23.920194306Z,0.0,4.0,3.684437664397498,0.0
AAPL,2024-10-21T12:54:28.518577763Z,0.0,-200.0,-0.11013226548025125,0.0
AAPL,2024-10-21T12:54:28.575646585Z,0.0,200.0,0.11003827137382102,0.0
AAPL,2024-10-21T12:54:28.575658039Z,0.0,0.0,-4.699705321511205e-05,0.0
AAPL,2024-10-21T12:54:33.076706602Z,0.0,-4.0,-3.684531658503928,0.0
AAPL,2024-10-21T12:54:33.076763116Z,29.0,-7.0,-0.6163553055929327,0.0
AAPL,2024-10-21T12:54:41.332659042Z,-1.0,-1.0,0.00014667274052859437,0.0
AAPL,2024-10-21T12:54:41.336753223Z,1.0,1.0,-0.00024066684695881848,0.0
AAPL,2024-10-21T12:54:41.347283222Z,2.0,37.0,0.2542745257024826,0.0
AAPL,2024-10-21T12:54:41.764117824Z,0.0,95.0,-0.34393220244738226,0.0
AAPL,2024-10-21T12:54:41.769791072Z,-25.0,-25.0,0.004794747790377548,0.0
AAPL,2024-10-21T12:54:41.819429794Z,0.0,-200.0,-0.6526561539962619,0.0
AAPL,2024-10-21T12:54:41.838180708Z,0.0,-295.0,0.09897860648516608,0.0
AAPL,2024-10-21T12:54:42.700598912Z,0.0,95.0,-0.20915786901863248,0.0
AAPL,2024-10-21T12:54:55.278148479Z,0.0,-220.0,4.46120766351221,0.0
AAPL,2024-10-21T12:54:55.278155149Z,0.0,70.0,-3.7229017249838496,0.0
AAPL,2024-10-21T12:54:55.278183622Z,0.0,200.0,0.11003827137382102,0.0
AAPL,2024-10-21T12:54:55.278306742Z,68.0,68.0,-0.013216543027787147,0.0
AAPL,2024-10-21T12:54:55.278317125Z,0.0,7.0,0.7554142910745704,0.0
AAPL,2024-10-21T12:54:55.278329008Z,0.0,39.0,-0.6656381593815276,0.0
AAPL,2024-10-21T12:54:55.278547157Z,0.0,-70.0,3.72280773087742,0.0
AAPL,2024-10-21T12:54:55.282480083Z,-102.0,24.0,0.13732000613721293,0.0
AAPL,2024-10-21T12:54:55.293445838Z,0.0,220.0,-4.46130165761864,0.0
AAPL,2024-10-21T12:54:55.293461222Z,27.0,-99.0,-0.12288876571286511,0.0
AAPL,2024-10-21T12:54:55.293478028Z,0.0,-185.0,4.727664357030663,0.0
AAPL,2024-10-21T12:54:55.293821520Z,-27.0,99.0,0.12279477160643502,0.0
AAPL,2024-10-21T12:54:55.347519532Z,-273.0,-399.0,-0.06478782758975321,0.0
AAPL,2024-10-21T12:54:55.376645110Z,0.0,185.0,-4.727758351137093,0.0
AAPL,2024-10-21T12:54:57.286006414Z,375.0,35.0,0.4272396636385182,0.0
AAPL,2024-10-21T12:54:58.232213590Z,0.0,200.0,-0.20824245640549677,0.0
AAPL,2024-10-21T12:54:58.287022773Z,0.0,-200.0,0.20814846229906653,0.0
AAPL,2024-10-21T12:54:58.287036014Z,0.0,200.0,0.41081355912527634,0.0
AAPL,2024-10-21T12:55:04.801390940Z,0.0,-385.0,4.316803800852171,0.0
AAPL,2024-10-21T12:55:04.801403945Z,0.0,185.0,-4.727758351137093,0.0
AAPL,2024-10-21T12:55:05.846852917Z,-400.0,-60.0,-0.4224919129013557,0.0
AAPL,2024-10-21T12:55:07.137227591Z,0.0,0.0,-4.699705321511205e-05,0.0
AAPL,2024-10-21T12:55:07.137250126Z,325.0,-40.0,0.4231624947723239,0.0
AAPL,2024-10-21T12:55:07.137254976Z,76.0,39.0,-0.2679423934892896,0.0
AAPL,2024-10-21T12:55:07.137277247Z,-11.0,-11.0,0.002083370677965659,0.0
AAPL,2024-10-21T12:55:07.137292058Z,0.0,94.0,-0.36259344460603027,0.0
AAPL,2024-10-21T12:55:07.137297701Z,0.0,-91.0,-4.366512365234934,0.0
AAPL,2024-10-21T12:55:07.137299614Z,0.0,-5.0,0.4114873949496311,0.0
AAPL,2024-10-21T12:55:07.208362599Z,0.0,291.0,4.47650363955554,0.0
AAPL,2024-10-21T12:55:07.208409169Z,0.0,-291.0,-4.47659763366197,0.0
AAPL,2024-10-21T12:55:07.208422476Z,0.0,200.0,0.11003827137382102,0.0
AAPL,2024-10-21T12:55:07.237336751Z,24.0,24.0,-0.004695072103064066,0.0
AAPL,2024-10-21T12:55:07.237363330Z,0.0,-52.0,0.20414155060830674,0.0
AAPL,2024-10-21T12:55:07.393764372Z,-414.0,-49.0,-0.4060198772355643,0.0
AAPL,2024-10-21T12:55:09.549131905Z,25.0,60.0,0.7014339697495082,0.0
AAPL,2024-10-21T12:55:12.192189397Z,0.0,0.0,-4.699705321511205e-05,0.0
AAPL,2024-10-21T12:55:12.209405788Z,0.0,-200.0,-0.11013226548025125,0.0
AAPL,2024-10-21T12:55:12.209418239Z,0.0,91.0,4.079965716127118,0.0
AAPL,2024-10-21T12:55:12.300974358Z,0.0,0.0,-4.699705321511205e-05,0.0
AAPL,2024-10-21T12:55:12.370199382Z,0.0,109.0,-3.9699744418065115,0.0
AAPL,2024-10-21T12:55:13.264764014Z,0.0,-109.0,4.256333102701468,0.0
AAPL,2024-10-21T12:55:15.334545441Z,-7.0,-11.0,-4.830433241244436,0.0
AAPL,2024-10-21T12:55:15.338653449Z,7.0,11.0,4.830339247138006,0.0
AAPL,2024-10-21T12:55:15.998123326Z,0.0,-91.0,-4.366512365234934,0.0
AAPL,2024-10-21T12:55:15.998136786Z,0.0,200.0,0.11003827137382102,0.0
AAPL,2024-10-21T12:55:16.052529509Z,0.0,0.0,-4.699705321511205e-05,0.0
AAPL,2024-10-21T12:55:17.765334567Z,0.0,-200.0,-0.11013226548025125,0.0
AAPL,2024-10-21T12:55:17.765347989Z,0.0,200.0,-0.20824245640549677,0.0
AAPL,2024-10-21T12:55:20.823373698Z,0.0,-109.0,4.574613830480787,0.0
AAPL,2024-10-21T12:55:22.580537870Z,0.0,0.0,-4.699705321511205e-05,0.0
AAPL,2024-10-21T12:55:23.609032313Z,0.0,-91.0,-4.366512365234934,0.0
AAPL,2024-10-21T12:55:23.609045176Z,0.0,91.0,4.366418371128504,0.0
AAPL,2024-10-21T12:55:23.680662027Z,0.0,0.0,-4.699705321511205e-05,0.0
AAPL,2024-10-21T12:55:23.701596845Z,200.0,200.0,-0.0387809558019564,0.0
AAPL,2024-10-21T12:55:23.701735603Z,175.0,140.0,-0.7402619226046797,0.0
AAPL,2024-10-21T12:55:23.701747931Z,0.0,-140.0,0.6099511047194441,0.0
AAPL,2024-10-21T12:55:24.862826730Z,0.0,0.0,-4.699705321511205e-05,0.0
AAPL,2024-10-21T12:55:26.706482748Z,0.0,-200.0,-0.11013226548025125,0.0
AAPL,2024-10-21T12:55:37.151044095Z,0.0,200.0,0.11003827137382102,0.0
AAPL,2024-10-21T12:55:37.151054693Z,0.0,140.0,-0.6100450988258744,0.0
AAPL,2024-10-21T12:55:37.151066136Z,0.0,-200.0,-0.11013226548025125,0.0
AAPL,2024-10-21T12:55:42.999639664Z,0.0,-91.0,-4.366512365234934,0.0
AAPL,2024-10-21T12:55:42.999652165Z,0.0,91.0,4.366418371128504,0.0
AAPL,2024-10-21T12:55:42.999664407Z,0.0,-200.0,-0.11013226548025125,0.0
AAPL,2024-10-21T12:55:43.053918430Z,0.0,200.0,0.11003827137382102,0.0
AAPL,2024-10-21T12:55:43.053930632Z,0.0,60.0,0.7200363731464803,0.0
AAPL,2024-10-21T12:55:44.065840207Z,0.0,0.0,-4.699705321511205e-05,0.0
AAPL,2024-10-21T12:55:44.298847396Z,0.0,-91.0,-4.366512365234934,0.0
AAPL,2024-10-21T12:55:44.298860589Z,0.0,91.0,4.366418371128504,0.0
AAPL,2024-10-21T12:55:49.600508142Z,21.0,59.0,-0.5740743979249797,0.0
AAPL,2024-10-21T12:55:49.600561018Z,0.0,7.0,0.12148605843183728,0.0
AAPL,2024-10-21T12:55:49.602960660Z,0.0,-80.0,-0.16176117551413588,0.0
AAPL,2024-10-21T12:55:51.620426502Z,-25.0,-25.0,0.004794747790377548,0.0
AAPL,2024-10-21T12:56:02.093908434Z,0.0,-200.0,0.20814846229906653,0.0
AAPL,2024-10-21T12:56:03.269632443Z,0.0,200.0,-0.20824245640549677,0.0
AAPL,2024-10-21T12:56:03.269646561Z,0.0,0.0,-4.699705321511205e-05,0.0
AAPL,2024-10-21T12:56:07.124679898Z,0.0,0.0,-4.699705321511205e-05,0.0
AAPL,2024-10-21T12:56:08.881388845Z,0.0,137.0,0.6662379480235882,0.0
AAPL,2024-10-21T12:56:08.881400360Z,0.0,-137.0,-0.6663319421300183,0.0
AAPL,2024-10-21T12:56:09.292369731Z,0.0,0.0,-4.699705321511205e-05,0.0
AAPL,2024-10-21T12:56:22.318827078Z,0.0,0.0,-4.699705321511205e-05,0.0
AAPL,2024-10-21T12:56:22.318852373Z,89.0,85.0,-4.849025541443832,0.0
AAPL,2024-10-21T12:56:22.318854497Z,37.0,37.0,-0.007212779421732249,0.0
AAPL,2024-10-21T12:56:22.318867022Z,0.0,-124.0,4.514048592357187,0.0
AAPL,2024-10-21T12:56:22.318873215Z,0.0,140.0,-0.6100450988258744,0.0
AAPL,2024-10-21T12:56:22.318879396Z,-91.0,-91.0,0.01757695417746217,0.0
AAPL,2024-10-21T12:56:22.318888491Z,0.0,124.0,-4.514142586463618,0.0
AAPL,2024-10-21T12:56:22.318892579Z,0.0,-215.0,4.463959795222886,0.0
AAPL,2024-10-21T12:56:22.418935993Z,-37.0,-37.0,0.007118785315302026,0.0
AAPL,2024-10-21T12:56:22.418961652Z,0.0,215.0,-4.464053789329316,0.0
AAPL,2024-10-21T12:56:22.418999332Z,0.0,-140.0,0.6099511047194441,0.0
AAPL,2024-10-21T12:56:22.573764377Z,2.0,6.0,4.831307596106725,0.0
AAPL,2024-10-21T12:56:28.426425567Z,0.0,-91.0,-4.366512365234934,0.0
AAPL,2024-10-21T12:56:28.426438060Z,0.0,91.0,4.366418371128504,0.0
AAPL,2024-10-21T12:56:29.082300571Z,0.0,0.0,-4.699705321511205e-05,0.0
AAPL,2024-10-21T12:56:43.345471121Z,-6.0,-6.0,0.0011150217092471266,0.0
AAPL,2024-10-21T12:56:43.345495320Z,0.0,-91.0,-4.366512365234934,0.0
AAPL,2024-10-21T12:56:43.349563754Z,6.0,6.0,-0.0012090158156773502,0.0
AAPL,2024-10-21T12:56:43.451978758Z,0.0,91.0,4.366418371128504,0.0
AAPL,2024-10-21T12:56:49.157872964Z,-10.0,-10.0,0.0018897008842219524,0.0
AAPL,2024-10-21T12:56:49.157900740Z,-40.0,-85.0,-0.6079459269038335,0.0
AAPL,2024-10-21T12:56:49.161966909Z,0.0,10.0,0.005457266368136694,0.0
AAPL,2024-10-21T12:56:49.162006671Z,50.0,85.0,0.6004109714386145,0.0
AAPL,2024-10-21T12:56:49.229676652Z,0.0,-91.0,-4.366512365234934,0.0
AAPL,2024-10-21T12:56:49.229690482Z,0.0,291.0,3.871770256774836,0.0
AAPL,2024-10-21T12:56:52.237667266Z,0.0,-200.0,0.20814846229906653,0.0
AAPL,2024-10-21T12:56:53.459845124Z,0.0,200.0,-0.20824245640549677,0.0
AAPL,2024-10-21T12:56:54.514621370Z,0.0,-200.0,0.20814846229906653,0.0
AAPL,2024-10-21T12:56:54.514633369Z,0.0,200.0,-0.20824245640549677,0.0
AAPL,2024-10-21T12:56:55.487592894Z,88.0,53.0,-0.6272313970816762,0.0
AAPL,2024-10-21T12:56:55.488162035Z,7.0,102.0,0.2847403536229783,0.0
AAPL,2024-10-21T12:56:55.488202584Z,0.0,407.0,-0.2234808731727188,0.0
AAPL,2024-10-21T12:56:55.489128406Z,0.0,-4.0,-0.002248702421755834,0.0
AAPL,2024-10-21T12:56:55.491687427Z,0.0,-490.0,0.17770149266906846,0.0
AAPL,2024-10-21T12:56:55.492269126Z,-94.0,-102.0,-0.2200979839079455,0.0
AAPL,2024-10-21T12:56:55.527565335Z,4.0,4.0,-0.0008216762281899378,0.0
AAPL,2024-10-21T12:56:56.401563592Z,0.0,-200.0,0.20814846229906653,0.0
AAPL,2024-10-21T12:56:57.109300963Z,87.0,99.0,0.2235613837262618,0.0
AAPL,2024-10-21T12:56:57.109313303Z,-87.0,-99.0,-0.22365537783269213,0.0
AAPL,2024-10-21T12:56:57.109331676Z,0.0,-91.0,-4.080059710233548,0.0
AAPL,2024-10-21T12:56:57.211996601Z,0.0,91.0,4.079965716127118,0.0
AAPL,2024-10-21T12:57:02.679458939Z,3.0,3.0,-0.0006280064344462314,0.0
AAPL,2024-10-21T12:57:07.894276467Z,0.0,-891.0,-0.19000244926705123,0.0
AAPL,2024-10-21T12:57:07.914190596Z,0.0,891.0,0.18990845516062108,0.0
AAPL,2024-10-21T12:57:11.591940037Z,0.0,200.0,-0.20824245640549677,0.0
AAPL,2024-10-21T12:57:11.661884620Z,0.0,-200.0,0.20814846229906653,0.0
AAPL,2024-10-21T12:57:18.749231265Z,0.0,0.0,-4.699705321511205e-05,0.0
AAPL,2024-10-21T12:57:28.505373884Z,0.0,-91.0,-4.080059710233548,0.0
AAPL,2024-10-21T12:57:28.505387072Z,0.0,91.0,1.7988334829444972,0.0
AAPL,2024-10-21T12:57:28.732652951Z,0.0,109.0,-2.007122936403209,0.0
AAPL,2024-10-21T12:57:30.098442544Z,0.0,-200.0,0.20814846229906653,0.0
AAPL,2024-10-21T12:57:30.210776056Z,0.0,91.0,1.7988334829444972,0.0
AAPL,2024-10-21T12:57:31.558732931Z,0.0,0.0,2.2810852361294054,0.0
AAPL,2024-10-21T12:57:32.240045543Z,0.0,200.0,-0.20824245640549677,0.0
AAPL,2024-10-21T12:57:34.892506576Z,0.0,-200.0,0.20814846229906653,0.0
AAPL,2024-10-21T12:57:35.231673580Z,0.0,200.0,-0.20824245640549677,0.0
AAPL,2024-10-21T12:57:36.202783941Z,0.0,-200.0,0.20814846229906653,0.0
AAPL,2024-10-21T12:57:36.556498826Z,8.0,7.0,-4.137484799035539,0.0
AAPL,2024-10-21T12:57:37.356921695Z,0.0,200.0,0.24481260480257086,0.0
AAPL,2024-10-21T12:57:43.442533026Z,0.0,-200.0,-0.2449065989090011,0.0
AAPL,2024-10-21T12:57:43.442545695Z,0.0,0.0,-0.4077965521404759,0.0
AAPL,2024-10-21T12:57:48.025719444Z,0.0,-185.0,4.727664357030663,0.0
AAPL,2024-10-21T12:57:48.025732688Z,0.0,385.0,-4.075149194194046,0.0
AAPL,2024-10-21T12:58:02.614676805Z,85.0,97.0,0.22394872331374918,0.0
AAPL,2024-10-21T12:58:02.926203519Z,0.0,0.0,-0.8608516133485435,0.0
AAPL,2024-10-21T12:58:03.694780418Z,0.0,0.0,-4.699705321511205e-05,0.0
AAPL,2024-10-21T12:58:04.432418262Z,0.0,0.0,-4.699705321511205e-05,0.0
AAPL,2024-10-21T12:58:04.559873878Z,0.0,-124.0,4.962329442648565,0.0
AAPL,2024-10-21T12:58:04.664725575Z,0.0,-2.0,-0.0011478497374854733,0.0
AAPL,2024-10-21T12:58:07.447014433Z,0.0,-200.0,-0.11013226548025125,0.0
AAPL,2024-10-21T12:58:10.664315609Z,-92.0,400.0,0.2946730240187204,0.0
AAPL,2024-10-21T12:58:10.664349579Z,0.0,-176.0,-4.513269534781466,0.0
AAPL,2024-10-21T12:58:10.664468587Z,94.0,94.0,-0.4486556166609445,0.0
AAPL,2024-10-21T12:58:10.664469496Z,0.0,0.0,-4.699705321511205e-05,0.0
AAPL,2024-10-21T12:58:10.664494919Z,0.0,0.0,-4.699705321511205e-05,0.0
AAPL,2024-10-21T12:58:10.664498353Z,0.0,0.0,-4.699705321511205e-05,0.0
AAPL,2024-10-21T12:58:10.664507666Z,0.0,-2.0,-0.1602297535323042,0.0
AAPL,2024-10-21T12:58:10.664525419Z,0.0,-15.0,-0.008303392185242823,0.0
AAPL,2024-10-21T12:58:10.664537782Z,0.0,15.0,0.008209398078812597,0.0
AAPL,2024-10-21T12:58:10.664655804Z,-89.0,5.0,0.9454871941174575,0.0
AAPL,2024-10-21T12:58:10.664709483Z,0.0,0.0,-0.8766045004199908,0.0
AAPL,2024-10-21T12:58:10.665088334Z,0.0,0.0,-4.699705321511205e-05,0.0
AAPL,2024-10-21T12:58:10.665164204Z,0.0,-990.0,-0.3718243097107762,0.0
AAPL,2024-10-21T12:58:10.665444096Z,0.0,-300.0,0.21097388750051535,0.0
AAPL,2024-10-21T12:58:10.666096256Z,0.0,0.0,-4.699705321511205e-05,0.0
AAPL,2024-10-21T12:58:10.666117777Z,86.0,90.0,4.429205329673126,0.0
AAPL,2024-10-21T12:58:10.666119828Z,22.0,22.0,-0.004307732515576652,0.0
AAPL,2024-10-21T12:58:10.666134191Z,0.0,-100.0,-4.430868593243714,0.0
AAPL,2024-10-21T12:58:10.666182330Z,-100.0,-100.0,0.01931998232115553,0.0
AAPL,2024-10-21T12:58:10.668387164Z,0.0,0.0,-4.699705321511205e-05,0.0
AAPL,2024-10-21T12:58:10.668412244Z,78.0,85.0,4.213002983378973,0.0
AAPL,2024-10-21T12:58:10.668421624Z,0.0,-215.0,-3.218829341450367,0.0
AAPL,2024-10-21T12:58:10.668424903Z,0.0,70.0,1.9315744858563466,0.0
AAPL,2024-10-21T12:58:10.668436484Z,100.0,100.0,-0.019413976427585754,0.0
AAPL,2024-10-21T12:58:10.668486990Z,0.0,-70.0,-1.9316684799627768,0.0
AAPL,2024-10-21T12:58:10.668495920Z,-100.0,-100.0,0.01931998232115553,0.0
AAPL,2024-10-21T12:58:10.668504902Z,-91.0,124.0,3.2363592985746146,0.0
AAPL,2024-10-21T12:58:10.668524657Z,0.0,-7.0,-4.228203221397412,0.0
AAPL,2024-10-21T12:58:10.668685103Z,91.0,85.0,4.203329733612548,0.0
AAPL,2024-10-21T12:58:10.668708138Z,0.0,-124.0,-3.1480522970104103,0.0
AAPL,2024-10-21T12:58:10.668768437Z,-85.0,-15.0,1.7737701082064476,0.0
AAPL,2024-10-21T12:58:10.668997172Z,0.0,-70.0,-1.7574021698446627,0.0
AAPL,2024-10-21T12:58:10.669075250Z,0.0,124.0,3.14795830290398,0.0
AAPL,2024-10-21T12:58:10.672875445Z,-6.0,0.0,-4.219885660187193,0.0
AAPL,2024-10-21T12:58:10.766666052Z,0.0,200.0,-0.2733782731167525,0.0
AAPL,2024-10-21T12:58:10.766692893Z,0.0,100.0,4.948965477056608,0.0
AAPL,2024-10-21T12:58:10.769583448Z,5.0,1.0,-4.899978336218302,0.0
AAPL,2024-10-21T12:58:10.779690647Z,-73.0,-199.0,-0.10352178633849451,0.0
AAPL,2024-10-21T12:58:10.931928238Z,0.0,-140.0,0.6099511047194441,0.0
AAPL,2024-10-21T12:58:10.970212670Z,0.0,1000.0,-0.5126649366862215,0.0
AAPL,2024-10-21T12:58:11.735054168Z,0.0,200.0,-0.20824245640549677,0.0
AAPL,2024-10-21T12:58:11.739498889Z,0.0,140.0,-0.6100450988258744,0.0
AAPL,2024-10-21T12:58:11.739510725Z,0.0,-140.0,0.7261235703588953,0.0
AAPL,2024-10-21T12:58:11.741567426Z,0.0,-200.0,0.20814846229906653,0.0
AAPL,2024-10-21T12:58:11.790575104Z,0.0,-200.0,0.20814846229906653,0.0
AAPL,2024-10-21T12:58:11.790587578Z,0.0,190.0,5.216266989211707,0.0
AAPL,2024-10-21T12:58:13.632358940Z,0.0,0.0,0.6046863857274887,0.0
AAPL,2024-10-21T12:58:15.135381045Z,0.0,200.0,-0.20824245640549677,0.0
AAPL,2024-10-21T12:58:15.135391677Z,0.0,140.0,-0.7262175644653254,0.0
AAPL,2024-10-21T12:58:15.135402966Z,0.0,-340.0,0.9343190297111769,0.0
AAPL,2024-10-21T12:58:15.189814409Z,0.0,0.0,-4.699705321511205e-05,0.0
AAPL,2024-10-21T12:58:15.280737422Z,0.0,-200.0,-0.11013226548025125,0.0
AAPL,2024-10-21T12:58:15.315283786Z,0.0,200.0,-0.32441492204494776,0.0
AAPL,2024-10-21T12:58:16.357123535Z,0.0,0.0,-4.699705321511205e-05,0.0
AAPL,2024-10-21T12:58:20.739070247Z,0.0,200.0,0.11003827137382102,0.0
AAPL,2024-10-21T12:58:25.681145858Z,86.0,-1009.0,-5.500915341416938,0.0
AAPL,2024-10-21T12:58:25.752287218Z,0.0,-200.0,0.20814846229906653,0.0
AAPL,2024-10-21T12:58:38.664122485Z,100.0,100.0,-0.019413976427585754,0.0
AAPL,2024-10-21T12:58:38.865141726Z,0.0,-37.0,-0.6112893079165004,0.0
AAPL,2024-10-21T12:58:38.865153436Z,0.0,37.0,0.6111953138100702,0.0
AAPL,2024-10-21T12:58:38.884268974Z,0.0,200.0,-0.20824245640549677,0.0
AAPL,2024-10-21T12:58:38.934127462Z,0.0,5.0,0.002705134657460792,0.0
AAPL,2024-10-21T12:58:39.124837053Z,0.0,-37.0,-0.6112893079165004,0.0
AAPL,2024-10-21T12:58:39.665440876Z,0.0,103.0,0.5862492141781801,0.0
AAPL,2024-10-21T12:58:44.315042667Z,0.0,-200.0,0.20814846229906653,0.0
AAPL,2024-10-21T12:58:44.315056213Z,0.0,0.0,-4.699705321511205e-05,0.0
AAPL,2024-10-21T12:58:53.553367785Z,0.0,909.0,5.063505717632089,0.0
AAPL,2024-10-21T12:58:53.553380154Z,0.0,-709.0,-5.2717951710908,0.0
AAPL,2024-10-21T12:58:54.392440802Z,0.0,-5.0,-0.0027991287638910144,0.0
AAPL,2024-10-21T12:58:54.393294723Z,0.0,-10.0,5.099513862161841,0.0
AAPL,2024-10-21T12:58:56.608715388Z,0.0,-185.0,-4.896617283399796,0.0
AAPL,2024-10-21T12:58:56.926366487Z,94.0,494.0,-0.8463795410351251,0.0
AAPL,2024-10-21T12:58:56.926409817Z,0.0,13.0,1.0015424481899309,0.0
AAPL,2024-10-21T12:58:56.930460468Z,-81.0,-94.0,-0.9859491890031209,0.0
AAPL,2024-10-21T12:58:56.936864426Z,0.0,0.0,-4.699705321511205e-05,0.0
AAPL,2024-10-21T12:58:56.985971755Z,0.0,-400.0,0.8280805863167865,0.0
AAPL,2024-10-21T12:58:56.985973938Z,0.0,-5.0,-0.8474993472568875,0.0
AAPL,2024-10-21T12:58:57.006192128Z,0.0,-200.0,0.20814846229906653,0.0
AAPL,2024-10-21T12:58:57.006204731Z,0.0,385.0,4.688327829941085,0.0
AAPL,2024-10-21T12:58:57.186825862Z,-13.0,5.0,0.8570786029168825,0.0
AAPL,2024-10-21T12:58:57.188827212Z,0.0,-103.0,-0.5863432082846104,0.0
AAPL,2024-10-21T12:58:57.245928065Z,0.0,5.0,0.2397404786648111,0.0
AAPL,2024-10-21T12:58:59.191738848Z,-2.0,-2.0,0.0003403425342723007,0.0
AAPL,2024-10-21T12:59:00.362666414Z,0.0,498.0,-0.12028807054368439,0.0
AAPL,2024-10-21T12:59:01.222899124Z,0.0,-300.0,0.038735783574905154,0.0
AAPL,2024-10-21T12:59:01.222911311Z,0.0,-200.0,-0.2449065989090011,0.0
AAPL,2024-10-21T12:59:01.250393352Z,0.0,0.0,-4.699705321511205e-05,0.0
AAPL,2024-10-21T12:59:01.302902468Z,0.0,500.0,0.20602982417445054,0.0
AAPL,2024-10-21T12:59:02.387943682Z,0.0,0.0,-4.699705321511205e-05,0.0
AAPL,2024-10-21T12:59:02.700990199Z,100.0,100.0,-0.019413976427585754,0.0
AAPL,2024-10-21T12:59:18.925937054Z,0.0,10.0,-5.099607856268271,0.0
AAPL,2024-10-21T12:59:18.926788826Z,0.0,5.0,0.002705134657460792,0.0
AAPL,2024-10-21T12:59:29.383886738Z,0.0,-400.0,0.14283351325104596,0.0
AAPL,2024-10-21T12:59:29.584160244Z,2.0,500.0,-0.11006131272137158,0.0
AAPL,2024-10-21T12:59:29.843991689Z,0.0,-100.0,0.1040507326229257,0.0
AAPL,2024-10-21T12:59:34.987099899Z,0.0,-200.0,0.20814846229906653,0.0
AAPL,2024-10-21T12:59:41.219174443Z,0.0,200.0,-0.20824245640549677,0.0
AAPL,2024-10-21T12:59:41.751768006Z,-49.0,136.0,5.194057167827091,0.0
AAPL,2024-10-21T12:59:41.751808827Z,0.0,-300.0,0.038735783574905154,0.0
AAPL,2024-10-21T12:59:41.752297252Z,0.0,-200.0,-0.2449065989090011,0.0
AAPL,2024-10-21T12:59:41.755876256Z,49.0,-136.0,-5.1941511619335206,0.0
AAPL,2024-10-21T12:59:58.443981541Z,0.0,500.0,0.20602982417445054,0.0
AAPL,2024-10-21T13:00:00.834769249Z,0.0,-200.0,0.20814846229906653,0.0
AAPL,2024-10-21T13:00:00.834779433Z,0.0,-91.0,4.62164424462423,0.0
AAPL,2024-10-21T13:00:00.834789913Z,0.0,291.0,-4.829933698082941,0.0
AAPL,2024-10-21T13:00:02.522599613Z,0.0,-200.0,0.20814846229906653,0.0
AAPL,2024-10-21T13:00:04.240937700Z,0.0,200.0,-0.20824245640549677,0.0
AAPL,2024-10-21T13:00:05.482580960Z,0.0,0.0,-4.699705321511205e-05,0.0
AAPL,2024-10-21T13:00:07.149349109Z,0.0,-200.0,0.20814846229906653,0.0
AAPL,2024-10-21T13:00:07.149359620Z,0.0,-91.0,4.62164424462423,0.0
AAPL,2024-10-21T13:00:07.149370167Z,0.0,400.0,-0.41643791575777844,0.0
AAPL,2024-10-21T13:00:07.381906885Z,0.0,-109.0,-4.413542779378378,0.0
AAPL,2024-10-21T13:00:08.520115733Z,0.0,0.0,-4.699705321511205e-05,0.0
AAPL,2024-10-21T13:00:12.307331848Z,0.0,-291.0,4.8298397039765115,0.0
AAPL,2024-10-21T13:00:12.307344629Z,0.0,400.0,-0.41643791575777844,0.0
AAPL,2024-10-21T13:00:21.846946300Z,0.0,100.0,-0.10414472672935594,0.0
AAPL,2024-10-21T13:00:22.047186467Z,98.0,-400.0,0.09060033924057068,0.0
AAPL,2024-10-21T13:00:22.047193836Z,-98.0,400.0,-0.09069433334700099,0.0
AAPL,2024-10-21T13:00:22.047247171Z,0.0,16.0,0.23985134501172622,0.0
AAPL,2024-10-21T13:00:22.047528913Z,0.0,-1.0,0.0009939802435462964,0.0
AAPL,2024-10-21T13:00:22.049440630Z,0.0,2.0,-0.002128951646737928,0.0
AAPL,2024-10-21T13:00:22.051622729Z,0.0,-99.0,-0.2840393218764799,0.0
AAPL,2024-10-21T13:00:22.306998857Z,0.0,0.0,0.3870020801494291,0.0
AAPL,2024-10-21T13:00:23.028961848Z,0.0,-109.0,-4.413542779378378,0.0
AAPL,2024-10-21T13:00:23.497741295Z,0.0,0.0,-4.699705321511205e-05,0.0
AAPL,2024-10-21T13:00:24.055121332Z,-2.0,-2.0,0.0003403425342723007,0.0
AAPL,2024-10-21T13:00:32.311803698Z,0.0,0.0,-4.699705321511205e-05,0.0
AAPL,2024-10-21T13:00:37.203589594Z,0.0,0.0,-0.38709607425585935,0.0
AAPL,2024-10-21T13:00:37.403888415Z,2.0,0.0,0.36005142965532594,0.0
AAPL,2024-10-21T13:00:37.403900812Z,0.0,100.0,0.054995637160302945,0.0
AAPL,2024-10-21T13:00:37.663834055Z,0.0,-100.0,0.1040507326229257,0.0
AAPL,2024-10-21T13:00:37.909519348Z,0.0,-98.0,-0.5747157614524205,0.0
AAPL,2024-10-21T13:00:39.919001937Z,-2.0,-2.0,0.0003403425342723007,0.0
AAPL,2024-10-21T13:00:41.254543871Z,0.0,-291.0,4.8298397039765115,0.0
AAPL,2024-10-21T13:00:41.254556294Z,0.0,291.0,-4.829933698082941,0.0
AAPL,2024-10-21T13:00:47.280596294Z,101.0,99.0,0.5000184839643579,0.0
AAPL,2024-10-21T13:00:47.280659810Z,0.0,-84.0,-0.0462828097925703,0.0
AAPL,2024-10-21T13:00:47.281137105Z,0.0,0.0,-4.699705321511205e-05,0.0
AAPL,2024-10-21T13:00:47.281141058Z,0.0,0.0,-4.699705321511205e-05,0.0
AAPL,2024-10-21T13:00:47.281338436Z,0.0,0.0,-4.699705321511205e-05,0.0
AAPL,2024-10-21T13:00:47.281361951Z,-99.0,-99.0,-0.45949011207148943,0.0
AAPL,2024-10-21T13:00:47.281390357Z,0.0,-291.0,4.8298397039765115,0.0
AAPL,2024-10-21T13:00:47.281409424Z,99.0,99.0,0.4593961179650592,0.0
AAPL,2024-10-21T13:00:47.281544196Z,-100.0,-100.0,0.01931998232115553,0.0
AAPL,2024-10-21T13:00:47.281567592Z,0.0,0.0,-4.699705321511205e-05,0.0
AAPL,2024-10-21T13:00:47.281588001Z,1.0,-99.0,-0.5338997256593782,0.0
AAPL,2024-10-21T13:00:47.281592801Z,99.0,399.0,0.2670262981038153,0.0
AAPL,2024-10-21T13:00:47.281602730Z,0.0,-300.0,-0.2862936017908725,0.0
AAPL,2024-10-21T13:00:47.281718049Z,0.0,86.0,0.46372334853416114,0.0
AAPL,2024-10-21T13:00:47.281791800Z,0.0,1.0,0.0005034292889200686,0.0
AAPL,2024-10-21T13:00:47.281884865Z,0.0,0.0,-0.3042250825150532,0.0
AAPL,2024-10-21T13:00:47.283236429Z,0.0,2.0,0.0010538556310552493,0.0
AAPL,2024-10-21T13:00:47.340772919Z,0.0,100.0,-0.10414472672935594,0.0
AAPL,2024-10-21T13:00:47.350814208Z,0.0,190.0,4.548240231572229,0.0
AAPL,2024-10-21T13:00:47.352683135Z,0.0,-190.0,-4.548334225678659,0.0
AAPL,2024-10-21T13:00:47.381671412Z,-183.0,-499.0,0.24997335646784488,0.0
AAPL,2024-10-21T13:00:47.391389607Z,0.0,190.0,4.548240231572229,0.0
AAPL,2024-10-21T13:00:47.540862619Z,84.0,400.0,-0.2308940409936482,0.0
AAPL,2024-10-21T13:00:48.046853525Z,0.0,0.0,0.5274758117348636,0.0
AAPL,2024-10-21T13:00:48.046865874Z,0.0,0.0,-0.5275698058412939,0.0
AAPL,2024-10-21T13:00:48.047217522Z,-84.0,-84.0,0.016221265621256226,0.0
AAPL,2024-10-21T13:00:48.057752746Z,0.0,6.0,-0.2011266987209305,0.0
AAPL,2024-10-21T13:00:48.106791240Z,0.0,100.0,0.054995637160302945,0.0
AAPL,2024-10-21T13:00:48.270719410Z,0.0,-124.0,0.06351762746127768,0.0
AAPL,2024-10-21T13:00:48.306982169Z,0.0,0.0,0.36833544784520467,0.0
AAPL,2024-10-21T13:00:49.286612720Z,-2.0,-2.0,0.0003403425342723007,0.0
AAPL,2024-10-21T13:00:49.631471943Z,0.0,-200.0,0.2732842790103223,0.0
AAPL,2024-10-21T13:00:49.661620967Z,0.0,-91.0,-4.203979049113653,0.0
AAPL,2024-10-21T13:00:49.661634376Z,0.0,91.0,3.917432400005836,0.0
AAPL,2024-10-21T13:00:49.664098756Z,2.0,2.0,-0.0004343366407025249,0.0
AAPL,2024-10-21T13:00:49.688039551Z,0.0,200.0,-0.2733782731167525,0.0
AAPL,2024-10-21T13:00:49.688052684Z,0.0,-200.0,0.2732842790103223,0.0
AAPL,2024-10-21T13:00:49.716064956Z,0.0,0.0,-4.699705321511205e-05,0.0
AAPL,2024-10-21T13:00:49.726074065Z,-200.0,100.0,-0.46981501166423806,0.0
AAPL,2024-10-21T13:00:49.778826185Z,200.0,200.0,-0.0387809558019564,0.0
AAPL,2024-10-21T13:00:49.778838318Z,0.0,-100.0,-0.06542700895019585,0.0
AAPL,2024-10-21T13:00:54.716822373Z,0.0,0.0,0.28640565794817097,0.0
AAPL,2024-10-21T13:00:59.693940803Z,0.0,-200.0,-0.2449065989090011,0.0
AAPL,2024-10-21T13:00:59.747110424Z,0.0,200.0,0.24481260480257086,0.0
AAPL,2024-10-21T13:00:59.747122038Z,-200.0,-100.0,0.10406697359250691,0.0
AAPL,2024-10-21T13:01:00.264901397Z,0.0,-498.0,0.12019407643725413,0.0
AAPL,2024-10-21T13:01:02.339834695Z,200.0,200.0,-0.0387809558019564,0.0
AAPL,2024-10-21T13:01:02.339847159Z,0.0,-200.0,0.20814846229906653,0.0
AAPL,2024-10-21T13:01:02.394404993Z,0.0,0.0,-4.699705321511205e-05,0.0
AAPL,2024-10-21T13:01:05.134038116Z,0.0,-17.0,-0.009404244869513183,0.0
AAPL,2024-10-21T13:01:05.134048475Z,0.0,-91.0,-4.203979049113653,0.0
AAPL,2024-10-21T13:01:05.138120217Z,0.0,17.0,0.00931025076308296,0.0
AAPL,2024-10-21T13:01:05.235815575Z,0.0,91.0,4.203885055007223,0.0
AAPL,2024-10-21T13:01:05.393823832Z,100.0,100.0,-0.019413976427585754,0.0
AAPL,2024-10-21T13:01:05.393825110Z,-16.0,400.0,-0.7940939080096203,0.0
AAPL,2024-10-21T13:01:05.899852701Z,-81.0,-81.0,0.01564025624002511,0.0
AAPL,2024-10-21T13:01:05.959248966Z,0.0,-400.0,0.8059054520772523,0.0
AAPL,2024-10-21T13:01:06.034140717Z,0.0,500.0,-0.4570421146517557,0.0
AAPL,2024-10-21T13:01:06.159894555Z,100.0,100.0,-0.019413976427585754,0.0
AAPL,2024-10-21T13:01:06.159895738Z,-19.0,0.0,0.21892021432008246,0.0
AAPL,2024-10-21T13:01:06.160259036Z,-81.0,-81.0,0.01564025624002511,0.0
AAPL,2024-10-21T13:01:06.160299314Z,0.0,-16.0,-0.476455138819656,0.0
AAPL,2024-10-21T13:01:06.417068923Z,0.0,-300.0,0.5115245966937229,0.0
AAPL,2024-10-21T13:01:06.417082645Z,0.0,100.0,0.06226339445659169,0.0
AAPL,2024-10-21T13:01:06.419808801Z,0.0,-100.0,-0.05508963126673319,0.0
AAPL,2024-10-21T13:01:06.420441261Z,177.0,96.0,-0.37050662459121425,0.0
AAPL,2024-10-21T13:01:06.487767695Z,0.0,-91.0,-4.203979049113653,0.0
AAPL,2024-10-21T13:01:06.487780628Z,0.0,200.0,0.11003827137382102,0.0
AAPL,2024-10-21T13:01:06.928932179Z,0.0,100.0,0.054995637160302945,0.0
AAPL,2024-10-21T13:01:06.928934336Z,-100.0,-100.0,0.01931998232115553,0.0
AAPL,2024-10-21T13:01:07.114657176Z,0.0,200.0,0.6401847404809083,0.0
AAPL,2024-10-21T13:01:07.491424602Z,0.0,-109.0,4.0937997865801865,0.0
AAPL,2024-10-21T13:01:07.809440257Z,0.0,100.0,-0.6349872789365077,0.0
AAPL,2024-10-21T13:01:07.809453384Z,0.0,-100.0,0.29953471021827793,0.0
AAPL,2024-10-21T13:01:07.864852819Z,0.0,-91.0,-4.203979049113653,0.0
AAPL,2024-10-21T13:01:07.864865339Z,0.0,400.0,-0.41643791575777844,0.0
AAPL,2024-10-21T13:01:08.021159560Z,0.0,-100.0,-0.02629742826117074,0.0
AAPL,2024-10-21T13:01:10.260620882Z,0.0,0.0,-4.699705321511205e-05,0.0
AAPL,2024-10-21T13:01:10.260688910Z,0.0,0.0,-4.699705321511205e-05,0.0
AAPL,2024-10-21T13:01:13.991855366Z,0.0,-200.0,0.20814846229906653,0.0
AAPL,2024-10-21T13:01:13.993575048Z,0.0,-200.0,0.20814846229906653,0.0
AAPL,2024-10-21T13:01:13.993804360Z,23.0,19.0,-0.3418121419740468,0.0
AAPL,2024-10-21T13:01:13.993845419Z,0.0,84.0,0.12799973137416087,0.0
AAPL,2024-10-21T13:01:14.053073117Z,0.0,100.0,0.12238280387467787,0.0
AAPL,2024-10-21T13:01:14.101635781Z,0.0,200.0,-0.20824245640549677,0.0
AAPL,2024-10-21T13:01:14.254042044Z,-100.0,-100.0,0.01931998232115553,0.0
AAPL,2024-10-21T13:01:14.254340207Z,0.0,-15.0,-0.01841146719239906,0.0
AAPL,2024-10-21T13:01:14.258450289Z,0.0,15.0,0.018317473085968837,0.0
AAPL,2024-10-21T13:01:14.551172515Z,0.0,200.0,-0.20824245640549677,0.0
AAPL,2024-10-21T13:01:14.757245185Z,81.0,-99.0,-0.15493055415629156,0.0
AAPL,2024-10-21T13:01:14.757257838Z,0.0,100.0,0.054995637160302945,0.0
AAPL,2024-10-21T13:01:14.757605580Z,-81.0,-81.0,0.01564025624002511,0.0
AAPL,2024-10-21T13:01:14.817149379Z,0.0,100.0,-0.10414472672935594,0.0
AAPL,2024-10-21T13:01:15.017831294Z,0.0,-100.0,-0.05508963126673319,0.0
AAPL,2024-10-21T13:01:22.653792170Z,0.0,199.0,0.2934354215917193,0.0
AAPL,2024-10-21T13:01:22.653805266Z,0.0,-199.0,-0.29352941569814955,0.0
AAPL,2024-10-21T13:01:22.709886825Z,0.0,0.0,-4.699705321511205e-05,0.0
AAPL,2024-10-21T13:01:22.771731264Z,0.0,-200.0,0.20814846229906653,0.0
AAPL,2024-10-21T13:01:22.771744033Z,0.0,91.0,3.917432400005836,0.0
AAPL,2024-10-21T13:01:24.376253116Z,0.0,0.0,-4.699705321511205e-05,0.0
AAPL,2024-10-21T13:01:31.407847430Z,0.0,83.0,0.11660898709677148,0.0
AAPL,2024-10-21T13:01:36.770750984Z,0.0,-291.0,-3.7093309347599845,0.0
AAPL,2024-10-21T13:01:36.770763949Z,0.0,200.0,-0.20824245640549677,0.0
AAPL,2024-10-21T13:01:38.009732596Z,0.0,200.0,-0.20824245640549677,0.0
AAPL,2024-10-21T13:01:38.212599640Z,0.0,-200.0,0.20814846229906653,0.0
AAPL,2024-10-21T13:01:41.028235004Z,0.0,0.0,-4.699705321511205e-05,0.0
AAPL,2024-10-21T13:01:41.825702493Z,0.0,200.0,-0.20824245640549677,0.0
AAPL,2024-10-21T13:01:43.524114303Z,165.0,-15.0,0.13443852851416843,0.0
AAPL,2024-10-21T13:01:43.583733107Z,0.0,100.0,-0.10414472672935594,0.0
AAPL,2024-10-21T13:01:43.783882145Z,-100.0,-100.0,0.01931998232115553,0.0
AAPL,2024-10-21T13:01:45.884946041Z,0.0,0.0,-4.699705321511205e-05,0.0
AAPL,2024-10-21T13:01:45.885003513Z,0.0,-10.0,0.010362775914398971,0.0
AAPL,2024-10-21T13:01:45.885132988Z,0.0,-200.0,-0.11013226548025125,0.0
AAPL,2024-10-21T13:01:45.885143787Z,0.0,-200.0,-0.11013226548025125,0.0
AAPL,2024-10-21T13:01:45.889098836Z,0.0,10.0,-0.010456770020829195,0.0
AAPL,2024-10-21T13:01:45.934608846Z,0.0,200.0,0.11003827137382102,0.0
AAPL,2024-10-21T13:01:45.952579456Z,0.0,-200.0,-0.11013226548025125,0.0
AAPL,2024-10-21T13:01:46.089830558Z,0.0,190.0,-1.480371075418045,0.0
AAPL,2024-10-21T13:01:53.318700214Z,112.0,396.0,-0.050899812138189046,0.0
AAPL,2024-10-21T13:01:53.318745624Z,0.0,-190.0,1.4802770813116144,0.0
AAPL,2024-10-21T13:01:53.319069858Z,-16.0,-16.0,0.003051719646684191,0.0
AAPL,2024-10-21T13:01:53.319109528Z,0.0,-319.0,-0.030513244951548255,0.0
AAPL,2024-10-21T13:01:53.357137118Z,4.0,4.0,-0.0008216762281899378,0.0
AAPL,2024-10-21T13:01:53.421896177Z,0.0,190.0,-1.480371075418045,0.0
AAPL,2024-10-21T13:01:53.580085827Z,0.0,100.0,0.054995637160302945,0.0
AAPL,2024-10-21T13:01:53.580087339Z,-100.0,-100.0,0.01931998232115553,0.0
AAPL,2024-10-21T13:01:53.886883978Z,0.0,100.0,-0.10414472672935594,0.0
AAPL,2024-10-21T13:01:54.087201713Z,100.0,100.0,-0.019413976427585754,0.0
AAPL,2024-10-21T13:01:54.087204965Z,-84.0,300.0,0.20163269823965435,0.0
AAPL,2024-10-21T13:01:54.087566172Z,-81.0,-81.0,0.01564025624002511,0.0
AAPL,2024-10-21T13:01:54.087608499Z,0.0,-319.0,-0.030513244951548255,0.0
AAPL,2024-10-21T13:01:54.347089082Z,0.0,-100.0,-0.05508963126673319,0.0
AAPL,2024-10-21T13:01:54.854313070Z,100.0,100.0,-0.019413976427585754,0.0
AAPL,2024-10-21T13:01:54.854320646Z,-19.0,300.0,0.06736033097390597,0.0
AAPL,2024-10-21T13:01:54.854683427Z,-81.0,-81.0,0.01564025624002511,0.0
AAPL,2024-10-21T13:01:54.854726318Z,0.0,-396.0,0.02179125552970208,0.0
AAPL,2024-10-21T13:01:54.914155820Z,0.0,100.0,-0.10414472672935594,0.0
AAPL,2024-10-21T13:01:55.114822843Z,0.0,-100.0,-0.05508963126673319,0.0
AAPL,2024-10-21T13:01:55.619347215Z,81.0,300.0,0.09766058679686052,0.0
AAPL,2024-10-21T13:01:55.619359544Z,0.0,100.0,0.054995637160302945,0.0
AAPL,2024-10-21T13:01:55.619386195Z,0.0,-319.0,-0.16848446841004902,0.0
AAPL,2024-10-21T13:01:55.619397108Z,0.0,81.0,0.04453753665973452,0.0
AAPL,2024-10-21T13:01:55.619408622Z,0.0,15.0,0.03245651904980621,0.0
AAPL,2024-10-21T13:01:55.619418677Z,0.0,-84.0,-0.06933307077741188,0.0
AAPL,2024-10-21T13:01:55.619428622Z,0.0,-419.0,0.06528242439632273,0.0
AAPL,2024-10-21T13:01:55.619439498Z,0.0,-24.0,-0.2200559041327747,0.0
AAPL,2024-10-21T13:01:55.619990738Z,-81.0,-81.0,0.01564025624002511,0.0
AAPL,2024-10-21T13:01:55.679367069Z,100.0,100.0,-0.019413976427585754,0.0
AAPL,2024-10-21T13:01:55.679377988Z,0.0,37.0,0.6111953138100702,0.0
AAPL,2024-10-21T13:01:55.691001931Z,0.0,-190.0,1.4802770813116144,0.0
AAPL,2024-10-21T13:01:55.691014779Z,0.0,390.0,-0.7847216876602314,0.0
AAPL,2024-10-21T13:01:55.879929994Z,0.0,-37.0,-0.6112893079165004,0.0
AAPL,2024-10-21T13:01:55.939347809Z,-100.0,-100.0,0.01931998232115553,0.0
AAPL,2024-10-21T13:01:56.191953909Z,0.0,-200.0,0.20814846229906653,0.0
AAPL,2024-10-21T13:01:56.246908570Z,0.0,200.0,-0.20824245640549677,0.0
AAPL,2024-10-21T13:01:56.246922313Z,0.0,-200.0,0.20814846229906653,0.0
AAPL,2024-10-21T13:01:56.993831894Z,0.0,337.0,0.4580424886713066,0.0
AAPL,2024-10-21T13:01:56.993844895Z,0.0,-137.0,-0.6663319421300183,0.0
AAPL,2024-10-21T13:01:57.165899729Z,0.0,-390.0,0.7846276935538011,0.0
AAPL,2024-10-21T13:01:57.165912786Z,0.0,190.0,-1.0295812895160177,0.0
AAPL,2024-10-21T13:01:58.745358302Z,0.0,0.0,-4.699705321511205e-05,0.0
AAPL,2024-10-21T13:01:59.675052114Z,-100.0,-100.0,0.01931998232115553,0.0
AAPL,2024-10-21T13:02:00.466387757Z,0.0,200.0,0.24481260480257086,0.0
AAPL,2024-10-21T13:02:00.466402127Z,0.0,-200.0,0.20814846229906653,0.0
AAPL,2024-10-21T13:02:00.468799008Z,0.0,-200.0,-0.2449065989090011,0.0
AAPL,2024-10-21T13:02:00.468810088Z,0.0,-190.0,1.029487295409587,0.0
AAPL,2024-10-21T13:02:00.468935740Z,0.0,40.0,-0.24974878792990565,0.0
AAPL,2024-10-21T13:02:00.473030295Z,0.0,-40.0,0.24965479382347552,0.0
AAPL,2024-10-21T13:02:00.488266361Z,280.0,104.0,-0.36716929271796184,0.0
AAPL,2024-10-21T13:02:00.488297237Z,0.0,419.0,0.7280549563811215,0.0
AAPL,2024-10-21T13:02:00.488423390Z,-8.0,-8.0,0.0015023612967345395,0.0
AAPL,2024-10-21T13:02:00.499390446Z,1.0,1.0,-0.00024066684695881848,0.0
AAPL,2024-10-21T13:02:00.521318201Z,0.0,200.0,-0.2733782731167525,0.0
AAPL,2024-10-21T13:02:00.521332116Z,0.0,-200.0,0.2732842790103223,0.0
AAPL,2024-10-21T13:02:00.543537646Z,-200.0,-300.0,-0.023623429814280724,0.0
AAPL,2024-10-21T13:02:00.547471734Z,0.0,-5.0,-0.46636200337527517,0.0
AAPL,2024-10-21T13:02:00.557303929Z,0.0,19.0,0.4834081813987501,0.0
AAPL,2024-10-21T13:02:00.558727390Z,200.0,200.0,-0.0387809558019564,0.0
AAPL,2024-10-21T13:02:00.561398333Z,0.0,-19.0,-0.4835021755051802,0.0
AAPL,2024-10-21T13:02:00.572273497Z,-73.0,24.0,0.0907936281562358,0.0
AAPL,2024-10-21T13:02:00.603031343Z,0.0,100.0,0.12238280387467787,0.0
AAPL,2024-10-21T13:02:00.603034863Z,0.0,100.0,0.12238280387467787,0.0
AAPL,2024-10-21T13:02:00.632932221Z,0.0,-200.0,-0.11013226548025125,0.0
AAPL,2024-10-21T13:02:00.753033427Z,0.0,200.0,0.24481260480257086,0.0
AAPL,2024-10-21T13:02:00.763036835Z,0.0,200.0,0.24481260480257086,0.0
AAPL,2024-10-21T13:02:00.828077266Z,0.0,200.0,0.11003827137382102,0.0
AAPL,2024-10-21T13:02:00.828089935Z,0.0,100.0,0.06226339445659169,0.0
AAPL,2024-10-21T13:02:00.831877617Z,-200.0,-200.0,0.03868696169552616,0.0
AAPL,2024-10-21T13:02:00.831882513Z,0.0,-100.0,-0.05508963126673319,0.0
AAPL,2024-10-21T13:02:00.850825310Z,0.0,0.0,-4.699705321511205e-05,0.0
AAPL,2024-10-21T13:02:00.850908070Z,0.0,-23.0,0.02389548077229728,0.0
AAPL,2024-10-21T13:02:00.850932826Z,0.0,-86.0,0.11748545165410595,0.0
AAPL,2024-10-21T13:02:00.851097126Z,277.0,96.0,-0.862794981872071,0.0
AAPL,2024-10-21T13:02:00.851457343Z,-16.0,-16.0,0.003051719646684191,0.0
AAPL,2024-10-21T13:02:00.855017272Z,0.0,23.0,0.028111857160200277,0.0
AAPL,2024-10-21T13:02:00.855026125Z,0.0,86.0,0.13104846300338413,0.0
AAPL,2024-10-21T13:02:00.876214037Z,-61.0,-80.0,0.6311072833736429,0.0
AAPL,2024-10-21T13:02:00.889534250Z,0.0,4.0,0.002154708315325611,0.0
AAPL,2024-10-21T13:02:00.899219069Z,0.0,199.0,-0.14729358673644952,0.0
AAPL,2024-10-21T13:02:00.927615176Z,0.0,0.0,-4.699705321511205e-05,0.0
AAPL,2024-10-21T13:02:00.927646147Z,-119.0,-199.0,-0.3971284591481947,0.0
AAPL,2024-10-21T13:02:00.927671794Z,0.0,-200.0,0.20814846229906653,0.0
AAPL,2024-10-21T13:02:00.927682794Z,0.0,-200.0,0.20814846229906653,0.0
AAPL,2024-10-21T13:02:00.928003213Z,-81.0,-81.0,0.01564025624002511,0.0
AAPL,2024-10-21T13:02:00.928041580Z,0.0,81.0,-0.05506861444258236,0.0
AAPL,2024-10-21T13:02:00.935398656Z,0.0,200.0,0.24481260480257086,0.0
AAPL,2024-10-21T13:02:00.935401504Z,0.0,100.0,-0.1367126350849838,0.0
AAPL,2024-10-21T13:02:00.973406066Z,200.0,200.0,-0.0387809558019564,0.0
AAPL,2024-10-21T13:02:01.033287331Z,0.0,400.0,-0.41643791575777844,0.0
AAPL,2024-10-21T13:02:01.135551441Z,0.0,-100.0,-0.05508963126673319,0.0
AAPL,2024-10-21T13:02:01.188132386Z,-200.0,-200.0,0.03868696169552616,0.0
AAPL,2024-10-21T13:02:01.533605979Z,81.0,81.0,-0.01573425034645533,0.0
AAPL,2024-10-21T13:02:01.533611324Z,0.0,81.0,0.04453753665973452,0.0
AAPL,2024-10-21T13:02:01.533616664Z,0.0,15.0,0.3688390843829812,0.0
AAPL,2024-10-21T13:02:01.533622158Z,0.0,-92.0,-0.22637034974426537,0.0
AAPL,2024-10-21T13:02:01.533628256Z,0.0,-419.0,0.06528242439632273,0.0
AAPL,2024-10-21T13:02:01.533638903Z,0.0,-24.0,-0.2200559041327747,0.0
AAPL,2024-10-21T13:02:01.533643884Z,119.0,24.0,0.161651138995792,0.0
AAPL,2024-10-21T13:02:01.592865605Z,0.0,-5.0,-0.23983447277124154,0.0
AAPL,2024-10-21T13:02:01.793250270Z,-200.0,-200.0,0.03868696169552616,0.0
AAPL,2024-10-21T13:02:03.532792430Z,0.0,0.0,-4.699705321511205e-05,0.0
AAPL,2024-10-21T13:02:04.538283059Z,0.0,0.0,-4.699705321511205e-05,0.0
AAPL,2024-10-21T13:02:04.538335499Z,0.0,-400.0,0.41634392165134815,0.0
AAPL,2024-10-21T13:02:04.557444177Z,0.0,200.0,-0.20824245640549677,0.0
AAPL,2024-10-21T13:02:04.585465906Z,0.0,200.0,-0.20824245640549677,0.0
AAPL,2024-10-21T13:02:04.612481758Z,0.0,137.0,0.6662379480235882,0.0
AAPL,2024-10-21T13:02:04.612494059Z,0.0,-137.0,-0.6663319421300183,0.0
AAPL,2024-10-21T13:02:05.526065625Z,0.0,-200.0,0.20814846229906653,0.0
AAPL,2024-10-21T13:02:05.526078693Z,0.0,-45.0,1.0770707875102106,0.0
AAPL,2024-10-21T13:02:05.613608760Z,0.0,0.0,-4.699705321511205e-05,0.0
AAPL,2024-10-21T13:02:05.613676908Z,0.0,-90.0,0.5566189165026675,0.0
AAPL,2024-10-21T13:02:05.613767492Z,0.0,19.0,0.4834081813987501,0.0
AAPL,2024-10-21T13:02:05.614743449Z,279.0,498.0,-0.6050550881884038,0.0
AAPL,2024-10-21T13:02:05.614959701Z,0.0,-4.0,0.004116912133830522,0.0
AAPL,2024-10-21T13:02:05.615589936Z,0.0,0.0,-4.699705321511205e-05,0.0
AAPL,2024-10-21T13:02:05.615614835Z,1.0,99.0,0.8577445799157033,0.0
AAPL,2024-10-21T13:02:05.615952955Z,0.0,-81.0,-0.9680160448056602,0.0
AAPL,2024-10-21T13:02:05.615975118Z,-4.0,-4.0,0.0007276821217597134,0.0
AAPL,2024-10-21T13:02:05.617862987Z,0.0,85.0,0.370873253473051,0.0
AAPL,2024-10-21T13:02:05.619066257Z,0.0,4.0,-0.005513622574485858,0.0
AAPL,2024-10-21T13:02:05.673847211Z,0.0,100.0,0.12238280387467787,0.0
AAPL,2024-10-21T13:02:05.675014223Z,0.0,100.0,0.12238280387467787,0.0
AAPL,2024-10-21T13:02:05.675016935Z,0.0,100.0,-0.2996287043247082,0.0
AAPL,2024-10-21T13:02:05.715696027Z,1.0,1.0,-0.00024066684695881848,0.0
AAPL,2024-10-21T13:02:05.725381659Z,0.0,300.0,-0.7158380727531699,0.0
AAPL,2024-10-21T13:02:05.875153265Z,0.0,-200.0,-0.11013226548025125,0.0
AAPL,2024-10-21T13:02:05.882759100Z,0.0,-100.0,0.1040507326229257,0.0
AAPL,2024-10-21T13:02:06.177206010Z,0.0,100.0,0.054995637160302945,0.0
AAPL,2024-10-21T13:02:06.377828230Z,0.0,100.0,0.054995637160302945,0.0
AAPL,2024-10-21T13:02:06.377834609Z,-100.0,-100.0,0.01931998232115553,0.0
AAPL,2024-10-21T13:02:06.642038480Z,0.0,-100.0,0.9606036805025256,0.0
AAPL,2024-10-21T13:02:07.056407619Z,0.0,0.0,-0.4531020582612827,0.0
AAPL,2024-10-21T13:02:07.667678198Z,0.0,-100.0,0.1027743192213021,0.0
AAPL,2024-10-21T13:02:13.203808325Z,0.0,-200.0,0.2732842790103223,0.0
AAPL,2024-10-21T13:02:13.262517762Z,0.0,200.0,-0.2733782731167525,0.0
AAPL,2024-10-21T13:02:13.262530556Z,0.0,-700.0,0.6273648062050786,0.0
AAPL,2024-10-21T13:02:14.078140536Z,-1.0,-1.0,0.00014667274052859437,0.0
AAPL,2024-10-21T13:02:16.458029734Z,0.0,-100.0,0.1053271460245493,0.0
AAPL,2024-10-21T13:02:16.458042005Z,0.0,200.0,0.24481260480257086,0.0
AAPL,2024-10-21T13:02:17.186032750Z,101.0,496.0,-1.358560372448195,0.0
AAPL,2024-10-21T13:02:17.186071606Z,0.0,-200.0,-0.2449065989090011,0.0
AAPL,2024-10-21T13:02:17.186181809Z,-16.0,-16.0,0.003051719646684191,0.0
AAPL,2024-10-21T13:02:17.186194946Z,0.0,-419.0,0.3736059967583201,0.0
AAPL,2024-10-21T13:02:17.186538717Z,8.0,488.0,0.7850468677031993,0.0
AAPL,2024-10-21T13:02:17.186674729Z,-48.0,-48.0,0.009249153046482795,0.0
AAPL,2024-10-21T13:02:17.186686642Z,0.0,2.0,-0.002780309813850485,0.0
AAPL,2024-10-21T13:02:17.186892213Z,0.0,-418.0,-0.7107795944733833,0.0
AAPL,2024-10-21T13:02:17.190125762Z,-22.0,418.0,0.5762873577057721,0.0
AAPL,2024-10-21T13:02:17.190140340Z,0.0,4.0,-0.004210906240260745,0.0
AAPL,2024-10-21T13:02:17.190162546Z,0.0,4.0,0.004850194983900608,0.0
AAPL,2024-10-21T13:02:17.190465707Z,0.0,0.0,-4.699705321511205e-05,0.0
AAPL,2024-10-21T13:02:17.190483254Z,0.0,400.0,0.4896722066583569,0.0
AAPL,2024-10-21T13:02:17.190634749Z,12.0,12.0,-0.0023710345781395876,0.0
AAPL,2024-10-21T13:02:17.246026005Z,0.0,-5.0,-0.46636200337527517,0.0
AAPL,2024-10-21T13:02:17.246305868Z,0.0,100.0,-0.10414472672935594,0.0
AAPL,2024-10-21T13:02:17.291149576Z,0.0,200.0,0.24481260480257086,0.0
AAPL,2024-10-21T13:02:17.291164570Z,0.0,-95.0,0.343838208340952,0.0
AAPL,2024-10-21T13:02:17.326291877Z,0.0,-200.0,-0.2449065989090011,0.0
AAPL,2024-10-21T13:02:17.451147618Z,-200.0,-200.0,0.03868696169552616,0.0
AAPL,2024-10-21T13:02:17.451151260Z,0.0,400.0,0.5201371468709506,0.0
AAPL,2024-10-21T13:02:19.513201357Z,0.0,0.0,-0.13482133048196496,0.0
AAPL,2024-10-21T13:02:19.536601031Z,0.0,0.0,-4.699705321511205e-05,0.0
AAPL,2024-10-21T13:02:19.876892416Z,0.0,-200.0,-0.11013226548025125,0.0
AAPL,2024-10-21T13:02:19.876904712Z,0.0,200.0,0.24481260480257086,0.0
AAPL,2024-10-21T13:02:20.932833275Z,0.0,-200.0,-0.2449065989090011,0.0
AAPL,2024-10-21T13:02:20.933057922Z,165.0,18.0,-0.5944249139236115,0.0
AAPL,2024-10-21T13:02:20.992255017Z,0.0,100.0,0.054995637160302945,0.0
AAPL,2024-10-21T13:02:20.992403217Z,0.0,0.0,0.4814627315555984,0.0
AAPL,2024-10-21T13:02:21.000274259Z,0.0,300.0,-0.7158380727531699,0.0
AAPL,2024-10-21T13:02:21.192906010Z,-200.0,-200.0,0.03868696169552616,0.0
AAPL,2024-10-21T13:02:21.563478775Z,0.0,200.0,-0.2733782731167525,0.0
AAPL,2024-10-21T13:02:21.563491796Z,0.0,-500.0,0.4191693468527971,0.0
AAPL,2024-10-21T13:02:22.575417566Z,0.0,0.0,-4.699705321511205e-05,0.0
AAPL,2024-10-21T13:02:22.644977353Z,0.0,200.0,-0.20824245640549677,0.0
AAPL,2024-10-21T13:02:22.644990352Z,0.0,100.0,0.06226339445659169,0.0
AAPL,2024-10-21T13:02:26.004586835Z,0.0,-300.0,0.7157440786467397,0.0
AAPL,2024-10-21T13:02:26.004599650Z,0.0,400.0,-0.5467095491802898,0.0
AAPL,2024-10-21T13:02:26.805812700Z,0.0,96.0,-0.5543072424786397,0.0
AAPL,2024-10-21T13:02:26.805844770Z,0.0,-88.0,-0.36892940989839357,0.0
AAPL,2024-10-21T13:02:26.806107899Z,272.0,396.0,0.9861936960501366,0.0
AAPL,2024-10-21T13:02:26.806466236Z,-16.0,-16.0,0.003051719646684191,0.0
AAPL,2024-10-21T13:02:26.806545827Z,0.0,0.0,-4.699705321511205e-05,0.0
AAPL,2024-10-21T13:02:26.806571123Z,-86.0,-6.0,-0.3087244596720463,0.0
AAPL,2024-10-21T13:02:26.806584268Z,-100.0,-100.0,0.01931998232115553,0.0
AAPL,2024-10-21T13:02:26.806596745Z,-100.0,-100.0,0.01931998232115553,0.0
AAPL,2024-10-21T13:02:26.806614516Z,0.0,-400.0,-0.489766200764787,0.0
AAPL,2024-10-21T13:02:26.806616034Z,100.0,100.0,-0.019413976427585754,0.0
AAPL,2024-10-21T13:02:26.806637489Z,100.0,100.0,-0.019413976427585754,0.0
AAPL,2024-10-21T13:02:26.806690074Z,100.0,100.0,-0.019413976427585754,0.0
AAPL,2024-10-21T13:02:26.806928491Z,-82.0,-82.0,0.015833926033768812,0.0
AAPL,2024-10-21T13:02:26.808727277Z,0.0,-11.0,0.03136274442405131,0.0
AAPL,2024-10-21T13:02:26.809920136Z,0.0,-396.0,0.26041872197180616,0.0
AAPL,2024-10-21T13:02:26.844545346Z,0.0,4.0,0.002154708315325611,0.0
AAPL,2024-10-21T13:02:26.865265424Z,0.0,100.0,-0.10414472672935594,0.0
AAPL,2024-10-21T13:02:26.866143539Z,0.0,200.0,0.018285074198537057,0.0
AAPL,2024-10-21T13:02:26.906652410Z,6.0,6.0,-0.0012090158156773502,0.0
AAPL,2024-10-21T13:02:26.911316679Z,0.0,145.0,0.513106186973662,0.0
AAPL,2024-10-21T13:02:26.934279106Z,0.0,200.0,-0.5744282057455881,0.0
AAPL,2024-10-21T13:02:27.066058714Z,0.0,-100.0,-0.05508963126673319,0.0
AAPL,2024-10-21T13:02:27.066172137Z,-200.0,-200.0,0.03868696169552616,0.0
AAPL,2024-10-21T13:02:27.798414858Z,0.0,-1.0,-0.0012712950624940416,0.0
AAPL,2024-10-21T13:02:29.795444570Z,100.0,100.0,-0.019413976427585754,0.0
AAPL,2024-10-21T13:02:29.923107931Z,0.0,0.0,-4.699705321511205e-05,0.0
AAPL,2024-10-21T13:02:38.731508348Z,0.0,0.0,-4.699705321511205e-05,0.0
AAPL,2024-10-21T13:02:38.731600377Z,0.0,313.0,0.1655842664015009,0.0
AAPL,2024-10-21T13:02:38.731649841Z,0.0,-145.0,-0.513200181080092,0.0
AAPL,2024-10-21T13:02:38.731920607Z,82.0,0.0,0.42340968671238727,0.0
AAPL,2024-10-21T13:02:38.731943932Z,-100.0,-100.0,0.01931998232115553,0.0
AAPL,2024-10-21T13:02:38.732079511Z,194.0,121.0,-0.28538530154478964,0.0
AAPL,2024-10-21T13:02:38.732093418Z,0.0,-111.0,0.2470309470900663,0.0
AAPL,2024-10-21T13:02:38.732244823Z,0.0,0.0,-4.699705321511205e-05,0.0
AAPL,2024-10-21T13:02:38.732252265Z,-142.0,-21.0,-0.14118624971285187,0.0
AAPL,2024-10-21T13:02:38.732265738Z,0.0,-13.0,-0.014436348121075396,0.0
AAPL,2024-10-21T13:02:38.732267454Z,-6.0,-6.0,0.0011150217092471266,0.0
AAPL,2024-10-21T13:02:38.732278341Z,0.0,-34.0,-0.018761492685811256,0.0
AAPL,2024-10-21T13:02:38.732312347Z,0.0,100.0,0.054995637160302945,0.0
AAPL,2024-10-21T13:02:38.732326763Z,0.0,100.0,0.12238280387467787,0.0
AAPL,2024-10-21T13:02:38.732374886Z,0.0,13.0,-0.36177711864566797,0.0
AAPL,2024-10-21T13:02:38.732553558Z,0.0,-100.0,-0.05508963126673319,0.0
AAPL,2024-10-21T13:02:38.732591521Z,-100.0,-100.0,0.01931998232115553,0.0
AAPL,2024-10-21T13:02:38.732609438Z,-82.0,-82.0,0.015833926033768812,0.0
AAPL,2024-10-21T13:02:38.732621749Z,0.0,47.0,-0.03197312072358871,0.0
AAPL,2024-10-21T13:02:38.732712645Z,0.0,-51.0,0.3715475715913761,0.0
AAPL,2024-10-21T13:02:38.732737568Z,0.0,100.0,0.054995637160302945,0.0
AAPL,2024-10-21T13:02:38.732854326Z,100.0,100.0,-0.019413976427585754,0.0
AAPL,2024-10-21T13:02:38.733588429Z,136.0,27.0,-0.23531827629934324,0.0
AAPL,2024-10-21T13:02:38.733599937Z,0.0,148.0,0.08141610158279163,0.0
AAPL,2024-10-21T13:02:38.733612793Z,0.0,0.0,-4.699705321511205e-05,0.0
AAPL,2024-10-21T13:02:38.733619694Z,0.0,16.0,-0.0219134991382981,0.0
AAPL,2024-10-21T13:02:38.733622488Z,-12.0,27.0,-0.07893569307039908,0.0
AAPL,2024-10-21T13:02:38.733624693Z,0.0,73.0,0.12204356931668885,0.0
AAPL,2024-10-21T13:02:38.733633515Z,0.0,6.0,0.003255560999595973,0.0
AAPL,2024-10-21T13:02:38.733657813Z,0.0,82.0,-0.11211282023926544,0.0
AAPL,2024-10-21T13:02:38.735695353Z,0.0,-13.0,0.03238798030331732,0.0
AAPL,2024-10-21T13:02:38.773470233Z,0.0,0.0,-4.699705321511205e-05,0.0
AAPL,2024-10-21T13:02:38.773551432Z,0.0,13.0,-0.02708500668642272,0.0
AAPL,2024-10-21T13:02:38.773770468Z,0.0,-100.0,-0.05508963126673319,0.0
AAPL,2024-10-21T13:02:38.774077016Z,0.0,100.0,0.054995637160302945,0.0
AAPL,2024-10-21T13:02:38.777643183Z,0.0,-13.0,0.026991012579992493,0.0
AAPL,2024-10-21T13:02:38.791493467Z,0.0,-300.0,-0.05611513980325554,0.0
AAPL,2024-10-21T13:02:38.792274452Z,0.0,99.0,0.2933130061190842,0.0
AAPL,2024-10-21T13:02:38.833763026Z,0.0,-66.0,-0.6260033756953453,0.0
AAPL,2024-10-21T13:02:38.834574584Z,0.0,-100.0,0.8748481270092099,0.0
AAPL,2024-10-21T13:02:38.850282237Z,0.0,0.0,-4.699705321511205e-05,0.0
AAPL,2024-10-21T13:02:38.882132027Z,0.0,150.0,0.10265670740402162,0.0
AAPL,2024-10-21T13:02:38.892136187Z,0.0,0.0,-0.4481554372672575,0.0
AAPL,2024-10-21T13:02:38.993894779Z,-100.0,-100.0,0.01931998232115553,0.0
AAPL,2024-10-21T13:02:38.993898183Z,0.0,-99.0,-0.9409342883188582,0.0
AAPL,2024-10-21T13:02:39.030301612Z,0.0,0.0,-4.699705321511205e-05,0.0
AAPL,2024-10-21T13:02:39.065030299Z,0.0,-200.0,-0.3049201599755389,0.0
AAPL,2024-10-21T13:02:39.119325935Z,0.0,0.0,-4.699705321511205e-05,0.0
AAPL,2024-10-21T13:02:39.119338697Z,0.0,200.0,0.30482616586910877,0.0
AAPL,2024-10-21T13:02:39.119349845Z,0.0,-200.0,0.8485976958012542,0.0
AAPL,2024-10-21T13:02:39.238884226Z,0.0,5.0,-0.5990573236321203,0.0
AAPL,2024-10-21T13:02:39.309689370Z,0.0,200.0,-0.2733782731167525,0.0
AAPL,2024-10-21T13:02:39.364436653Z,0.0,-200.0,0.2732842790103223,0.0
AAPL,2024-10-21T13:02:39.364449708Z,0.0,200.0,0.07789882476818968,0.0
AAPL,2024-10-21T13:02:41.411027687Z,0.0,-18.0,0.2165481846400005,0.0
AAPL,2024-10-21T13:02:41.411037542Z,0.0,0.0,-4.699705321511205e-05,0.0
AAPL,2024-10-21T13:02:41.411049221Z,72.0,472.0,0.08350111760864382,0.0
AAPL,2024-10-21T13:02:41.411096752Z,0.0,-100.0,0.06758856577593317,0.0
AAPL,2024-10-21T13:02:41.411130976Z,0.0,0.0,-4.699705321511205e-05,0.0
AAPL,2024-10-21T13:02:41.411157988Z,-74.0,-79.0,-0.5187437336854721,0.0
AAPL,2024-10-21T13:02:41.457798577Z,0.0,-95.0,0.4779386701025582,0.0
AAPL,2024-10-21T13:02:41.470363167Z,-100.0,-5.0,-0.4586656848346176,0.0
AAPL,2024-10-21T13:02:41.470410254Z,199.0,137.0,0.8348521411241109,0.0
AAPL,2024-10-21T13:02:41.470423231Z,-399.0,-337.0,-0.7962121764817999,0.0
AAPL,2024-10-21T13:02:41.730788179Z,0.0,-100.0,-0.05508963126673319,0.0
AAPL,2024-10-21T13:02:41.730793259Z,-100.0,-100.0,0.01931998232115553,0.0
AAPL,2024-10-21T13:02:41.854813935Z,400.0,400.0,-0.07751491455069769,0.0
AAPL,2024-10-21T13:02:41.854827150Z,0.0,-295.0,1.002823453595261,0.0
AAPL,2024-10-21T13:02:41.914311910Z,0.0,100.0,0.054995637160302945,0.0
AAPL,2024-10-21T13:02:41.914315184Z,99.0,-5.0,-1.2417108677942554,0.0
AAPL,2024-10-21T13:02:41.925260783Z,0.0,337.0,1.0930125405910456,0.0
AAPL,2024-10-21T13:02:41.925274240Z,0.0,-337.0,-1.0931065346974758,0.0
AAPL,2024-10-21T13:02:42.184807957Z,0.0,-100.0,-0.05508963126673319,0.0
AAPL,2024-10-21T13:02:42.184809660Z,0.0,-100.0,0.1040507326229257,0.0
AAPL,2024-10-21T13:02:42.838988143Z,0.0,100.0,0.054995637160302945,0.0
AAPL,2024-10-21T13:02:42.838994562Z,0.0,5.0,0.9414238256317812,0.0
AAPL,2024-10-21T13:02:42.893706138Z,0.0,0.0,-0.47746808872219176,0.0
AAPL,2024-10-21T13:02:42.953240291Z,0.0,100.0,0.12238280387467787,0.0
AAPL,2024-10-21T13:02:43.153825930Z,0.0,-100.0,-0.05508963126673319,0.0
AAPL,2024-10-21T13:02:43.993948059Z,0.0,100.0,0.054995637160302945,0.0
AAPL,2024-10-21T13:02:43.993951138Z,0.0,400.0,-0.12681691253980282,0.0
AAPL,2024-10-21T13:02:44.048983873Z,0.0,-500.0,0.07168028421985431,0.0
AAPL,2024-10-21T13:02:44.108506435Z,0.0,-5.0,-0.6906242586732688,0.0
AAPL,2024-10-21T13:02:44.308787770Z,0.0,5.0,0.6905302645668385,0.0
AAPL,2024-10-21T13:02:45.295289876Z,0.0,100.0,0.054995637160302945,0.0
AAPL,2024-10-21T13:02:45.295296308Z,-100.0,-100.0,0.01931998232115553,0.0
AAPL,2024-10-21T13:02:45.785897261Z,-99.0,0.0,0.6840616427107608,0.0
AAPL,2024-10-21T13:02:54.065366756Z,-400.0,-105.0,-0.44802843853523183,0.0
AAPL,2024-10-21T13:02:54.125064769Z,0.0,37.0,0.9278846379504914,0.0
AAPL,2024-10-21T13:02:54.324971177Z,401.0,-37.0,-1.2263611825443554,0.0
AAPL,2024-10-21T13:02:54.324983380Z,0.0,100.0,0.054995637160302945,0.0
AAPL,2024-10-21T13:02:54.584880408Z,0.0,5.0,0.6905302645668385,0.0
AAPL,2024-10-21T13:02:57.486428159Z,98.0,498.0,-0.14420514868778944,0.0
AAPL,2024-10-21T13:03:00.362452201Z,0.0,-399.0,-0.2174198289019316,0.0
AAPL,2024-10-21T13:03:00.362466018Z,0.0,200.0,0.24481260480257086,0.0
AAPL,2024-10-21T13:03:00.793886150Z,0.0,200.0,0.24481260480257086,0.0
AAPL,2024-10-21T13:03:04.859893835Z,0.0,-200.0,-0.2449065989090011,0.0
AAPL,2024-10-21T13:03:04.859912246Z,0.0,-1.0,-0.2723933689160705,0.0
AAPL,2024-10-21T13:03:05.981522150Z,0.0,0.0,-0.6366084526118507,0.0
AAPL,2024-10-21T13:03:06.041021112Z,0.0,-400.0,0.6041440101023491,0.0
AAPL,2024-10-21T13:03:06.241417113Z,0.0,400.0,0.2565857066478495,0.0
AAPL,2024-10-21T13:03:06.241421839Z,0.0,100.0,-0.10414472672935594,0.0
AAPL,2024-10-21T13:03:06.501857672Z,0.0,-100.0,-0.12247679798110811,0.0
AAPL,2024-10-21T13:03:07.939878188Z,0.0,-499.0,0.48293850718373504,0.0
AAPL,2024-10-21T13:03:07.940732514Z,1.0,499.0,-0.9709770453257152,0.0
AAPL,2024-10-21T13:03:07.941102172Z,-4.0,-4.0,0.0007276821217597134,0.0
AAPL,2024-10-21T13:03:08.001204760Z,0.0,-400.0,1.0246311629547888,0.0
AAPL,2024-10-21T13:03:08.001215687Z,0.0,100.0,0.12238280387467787,0.0
AAPL,2024-10-21T13:03:08.076045762Z,0.0,295.0,-1.0029174477016913,0.0
AAPL,2024-10-21T13:03:08.076059309Z,0.0,-200.0,0.20814846229906653,0.0
AAPL,2024-10-21T13:03:08.078451618Z,0.0,200.0,-0.20824245640549677,0.0
AAPL,2024-10-21T13:03:08.078463238Z,0.0,-95.0,0.343838208340952,0.0
AAPL,2024-10-21T13:03:08.201611100Z,0.0,400.0,0.13562417461894077,0.0
AAPL,2024-10-21T13:03:08.201621143Z,0.0,0.0,-0.09363541238355574,0.0
AAPL,2024-10-21T13:03:08.261719560Z,0.0,0.0,0.09354141827712562,0.0
AAPL,2024-10-21T13:03:08.462566235Z,0.0,-500.0,-0.19076080293888917,0.0
AAPL,2024-10-21T13:03:08.506351384Z,0.0,100.0,0.054995637160302945,0.0
AAPL,2024-10-21T13:03:08.722906904Z,0.0,400.0,-0.0886380806790527,0.0
AAPL,2024-10-21T13:03:08.766043114Z,0.0,0.0,0.16286907218650923,0.0
AAPL,2024-10-21T13:03:10.001483055Z,0.0,-13.0,-0.006354626460475296,0.0
AAPL,2024-10-21T13:03:10.005577236Z,0.0,13.0,0.0062606323540450965,0.0
AAPL,2024-10-21T13:03:10.060817080Z,0.0,0.0,-0.16296306629293952,0.0
AAPL,2024-10-21T13:03:10.060828163Z,0.0,-400.0,0.08854408657262239,0.0
AAPL,2024-10-21T13:03:10.320895435Z,0.0,400.0,-0.0886380806790527,0.0
AAPL,2024-10-21T13:03:10.320899236Z,0.0,0.0,0.16286907218650923,0.0
AAPL,2024-10-21T13:03:10.584070039Z,0.0,0.0,-0.16296306629293952,0.0
AAPL,2024-10-21T13:03:10.584073624Z,0.0,-400.0,0.08854408657262239,0.0
AAPL,2024-10-21T13:03:10.784152799Z,0.0,400.0,0.13562417461894077,0.0
AAPL,2024-10-21T13:03:10.784155033Z,0.0,-100.0,-0.12247679798110811,0.0
AAPL,2024-10-21T13:03:10.896699549Z,0.0,0.0,-4.699705321511205e-05,0.0
AAPL,2024-10-21T13:03:12.236621705Z,0.0,-400.0,0.0908093618786627,0.0
AAPL,2024-10-21T13:03:12.236624590Z,0.0,100.0,-0.10414472672935594,0.0
AAPL,2024-10-21T13:03:12.436828266Z,0.0,400.0,0.13562417461894077,0.0
AAPL,2024-10-21T13:03:12.436831902Z,-100.0,-100.0,0.01931998232115553,0.0
AAPL,2024-10-21T13:03:12.741835279Z,0.0,0.0,-4.699705321511205e-05,0.0
AAPL,2024-10-21T13:03:12.741861917Z,99.0,45.0,-0.3548640944950437,0.0
AAPL,2024-10-21T13:03:12.741864310Z,22.0,22.0,0.602517295308171,0.0
AAPL,2024-10-21T13:03:12.741876084Z,0.0,100.0,0.054995637160302945,0.0
AAPL,2024-10-21T13:03:12.741878320Z,0.0,22.0,0.012062382473758864,0.0
AAPL,2024-10-21T13:03:12.741890372Z,100.0,100.0,-0.019413976427585754,0.0
AAPL,2024-10-21T13:03:12.741904697Z,-100.0,-100.0,0.01931998232115553,0.0
AAPL,2024-10-21T13:03:12.741928024Z,0.0,-100.0,-0.05508963126673319,0.0
AAPL,2024-10-21T13:03:12.741933888Z,0.0,0.0,-4.699705321511205e-05,0.0
AAPL,2024-10-21T13:03:12.741981193Z,-100.0,-100.0,0.01931998232115553,0.0
AAPL,2024-10-21T13:03:12.742259611Z,0.0,-100.0,-0.05508963126673319,0.0
AAPL,2024-10-21T13:03:12.742343106Z,100.0,100.0,-0.019413976427585754,0.0
AAPL,2024-10-21T13:03:12.742497801Z,0.0,0.0,-4.699705321511205e-05,0.0
AAPL,2024-10-21T13:03:12.742589599Z,-100.0,-100.0,0.01931998232115553,0.0
AAPL,2024-10-21T13:03:12.841946356Z,0.0,78.0,-0.5639387701904185,0.0
AAPL,2024-10-21T13:03:12.841977245Z,-21.0,33.0,0.33966385647660446,0.0
AAPL,2024-10-21T13:03:13.806051892Z,87.0,25.0,0.5398538338829849,0.0
AAPL,2024-10-21T13:03:14.007072365Z,-99.0,-37.0,-0.5376237904644906,0.0
AAPL,2024-10-21T13:03:14.007436799Z,-86.0,-86.0,0.016608605208743635,0.0
AAPL,2024-10-21T13:03:14.772488041Z,100.0,100.0,-0.019413976427585754,0.0
AAPL,2024-10-21T13:03:14.772520788Z,-14.0,5.0,0.09260886431635322,0.0
AAPL,2024-10-21T13:03:14.772879460Z,-86.0,-86.0,0.016608605208743635,0.0
AAPL,2024-10-21T13:03:20.213773571Z,0.0,0.0,-4.699705321511205e-05,0.0
AAPL,2024-10-21T13:03:20.213797145Z,99.0,45.0,-0.3548640944950437,0.0
AAPL,2024-10-21T13:03:20.213802636Z,6.0,6.0,-0.0012090158156773502,0.0
AAPL,2024-10-21T13:03:20.213809939Z,100.0,100.0,-0.019413976427585754,0.0
AAPL,2024-10-21T13:03:20.213821110Z,0.0,0.0,0.6067780307705325,0.0
AAPL,2024-10-21T13:03:20.213842517Z,-100.0,37.0,0.6856049273979589,0.0
AAPL,2024-10-21T13:03:20.213865521Z,-100.0,-100.0,0.01931998232115553,0.0
AAPL,2024-10-21T13:03:20.213922684Z,0.0,0.0,-0.6068720248769627,0.0
AAPL,2024-10-21T13:03:20.313883054Z,-5.0,49.0,0.33656513977670516,0.0
AAPL,2024-10-21T13:03:20.322973910Z,0.0,-137.0,-0.6663319421300183,0.0
AAPL,2024-10-21T13:03:20.473833853Z,-14.0,5.0,0.09260886431635322,0.0
AAPL,2024-10-21T13:03:20.474197048Z,-86.0,-86.0,0.016608605208743635,0.0
AAPL,2024-10-21T13:03:20.486975799Z,0.0,0.0,-4.699705321511205e-05,0.0
AAPL,2024-10-21T13:03:20.487001821Z,5.0,-49.0,-0.33665913388313534,0.0
AAPL,2024-10-21T13:03:20.487002677Z,100.0,100.0,-0.019413976427585754,0.0
AAPL,2024-10-21T13:03:20.487016407Z,100.0,100.0,-0.019413976427585754,0.0
AAPL,2024-10-21T13:03:20.487027392Z,0.0,0.0,0.6067780307705325,0.0
AAPL,2024-10-21T13:03:20.487038621Z,-100.0,-100.0,0.01931998232115553,0.0
AAPL,2024-10-21T13:03:20.487048628Z,-100.0,-100.0,0.01931998232115553,0.0
AAPL,2024-10-21T13:03:20.487075702Z,0.0,0.0,-0.6068720248769627,0.0
AAPL,2024-10-21T13:03:20.487648190Z,0.0,137.0,0.6662379480235882,0.0
AAPL,2024-10-21T13:03:20.587081704Z,-5.0,49.0,0.33656513977670516,0.0
AAPL,2024-10-21T13:03:20.596628869Z,0.0,-137.0,-0.6663319421300183,0.0
AAPL,2024-10-21T13:03:20.996838322Z,0.0,1.0,-0.1807556863984273,0.0
AAPL,2024-10-21T13:03:23.618858827Z,0.0,0.0,-4.699705321511205e-05,0.0
AAPL,2024-10-21T13:03:23.619129617Z,0.0,137.0,0.6662379480235882,0.0
AAPL,2024-10-21T13:03:23.701512507Z,0.0,-59.0,-0.7195799409107754,0.0
AAPL,2024-10-21T13:03:23.720191320Z,0.0,-140.0,0.6099511047194441,0.0
AAPL,2024-10-21T13:03:24.863758285Z,0.0,-200.0,0.20814846229906653,0.0
AAPL,2024-10-21T13:03:24.863770627Z,0.0,199.0,-0.027533767060284618,0.0
AAPL,2024-10-21T13:03:25.546508920Z,0.0,-200.0,-0.11013226548025125,0.0
AAPL,2024-10-21T13:03:25.598507727Z,0.0,200.0,0.11003827137382102,0.0
AAPL,2024-10-21T13:03:25.598520614Z,0.0,0.0,-4.699705321511205e-05,0.0
AAPL,2024-10-21T13:03:25.666338141Z,0.0,0.0,-4.699705321511205e-05,0.0
AAPL,2024-10-21T13:03:36.191870141Z,0.0,49.0,-0.5639526424928749,0.0
AAPL,2024-10-21T13:03:36.195963623Z,0.0,-49.0,0.5638586483864447,0.0
AAPL,2024-10-21T13:03:40.012377997Z,0.0,140.0,-0.6100450988258744,0.0
AAPL,2024-10-21T13:03:40.012390526Z,0.0,-140.0,0.6099511047194441,0.0
AAPL,2024-10-21T13:03:41.173109512Z,0.0,0.0,-4.699705321511205e-05,0.0
AAPL,2024-10-21T13:03:45.203430807Z,0.0,-199.0,0.027439772953854386,0.0
AAPL,2024-10-21T13:03:45.203443133Z,0.0,199.0,-0.027533767060284618,0.0
AAPL,2024-10-21T13:03:45.257822337Z,0.0,0.0,-4.699705321511205e-05,0.0
AAPL,2024-10-21T13:03:48.395621585Z,0.0,140.0,-0.6100450988258744,0.0
AAPL,2024-10-21T13:03:48.395634304Z,0.0,-140.0,0.6099511047194441,0.0
AAPL,2024-10-21T13:03:48.450060300Z,0.0,0.0,-4.699705321511205e-05,0.0
AAPL,2024-10-21T13:03:48.567162849Z,0.0,0.0,-4.699705321511205e-05,0.0
AAPL,2024-10-21T13:03:53.449986144Z,0.0,1.0,-0.1807556863984273,0.0
AAPL,2024-10-21T13:03:58.123721435Z,0.0,0.0,0.056050884335078405,0.0
AAPL,2024-10-21T13:03:59.183603746Z,0.0,0.0,-4.699705321511205e-05,0.0
AAPL,2024-10-21T13:03:59.183669679Z,73.0,170.0,0.09061380951483652,0.0
AAPL,2024-10-21T13:03:59.183876209Z,0.0,45.0,0.03003446837720786,0.0
AAPL,2024-10-21T13:03:59.184222352Z,0.0,-45.0,-0.03012846248363805,0.0
AAPL,2024-10-21T13:03:59.248163697Z,-73.0,-170.0,-0.09070780362126662,0.0
AAPL,2024-10-21T13:03:59.856550937Z,73.0,170.0,0.09061380951483652,0.0
AAPL,2024-10-21T13:03:59.856562661Z,-73.0,-170.0,-0.09070780362126662,0.0
AAPL,2024-10-21T13:03:59.914652027Z,0.0,-55.0,0.2682465851178759,0.0
AAPL,2024-10-21T13:04:00.251822386Z,-200.0,-200.0,0.03868696169552616,0.0
AAPL,2024-10-21T13:04:02.656590751Z,380.0,40.0,0.4262713146697996,0.0
AAPL,2024-10-21T13:04:03.284191279Z,0.0,200.0,0.11003827137382102,0.0
AAPL,2024-10-21T13:04:03.284204503Z,0.0,0.0,-4.699705321511205e-05,0.0
AAPL,2024-10-21T13:04:07.992810696Z,0.0,0.0,-4.699705321511205e-05,0.0
AAPL,2024-10-21T13:04:12.059103619Z,0.0,140.0,-0.6100450988258744,0.0
AAPL,2024-10-21T13:04:12.059115861Z,0.0,-140.0,0.6099511047194441,0.0
AAPL,2024-10-21T13:04:12.262890838Z,0.0,-200.0,-0.11013226548025125,0.0
AAPL,2024-10-21T13:04:13.166105605Z,0.0,200.0,0.11003827137382102,0.0
AAPL,2024-10-21T13:04:13.166117304Z,0.0,0.0,-4.699705321511205e-05,0.0
AAPL,2024-10-21T13:04:16.470997970Z,0.0,0.0,-4.699705321511205e-05,0.0
AAPL,2024-10-21T13:04:16.471023709Z,7.0,50.0,-0.568610889101892,0.0
AAPL,2024-10-21T13:04:16.471051572Z,0.0,94.0,0.16141613200311514,0.0
AAPL,2024-10-21T13:04:16.471267721Z,11.0,498.0,-0.003294256023042112,0.0
AAPL,2024-10-21T13:04:16.471272606Z,0.0,-5.0,-0.0027991287638910144,0.0
AAPL,2024-10-21T13:04:16.471323530Z,0.0,-199.0,0.446515704571317,0.0
AAPL,2024-10-21T13:04:16.475362515Z,-16.0,-498.0,0.006920742596006285,0.0
AAPL,2024-10-21T13:04:16.475379658Z,5.0,5.0,-0.0010153460219336442,0.0
AAPL,2024-10-21T13:04:16.475381986Z,2.0,-92.0,-0.16189746569703276,0.0
AAPL,2024-10-21T13:04:16.573763335Z,-9.0,-52.0,0.5689042345829493,0.0
AAPL,2024-10-21T13:04:16.583527688Z,0.0,199.0,-0.44660969867774714,0.0
AAPL,2024-10-21T13:04:17.976461017Z,0.0,-200.0,-0.11013226548025125,0.0
AAPL,2024-10-21T13:04:20.085638629Z,0.0,-199.0,0.44651570457131695,0.0
AAPL,2024-10-21T13:04:20.085651109Z,0.0,199.0,-0.027533767060284625,0.0
AAPL,2024-10-21T13:04:20.130842270Z,6.0,49.0,-0.2501364915288304,0.0
